ลำดับ,"วัน/เดือน/ปี 
ที่ติดต่อเข้ามา",ชื่อผู้สนใจ/ชื่อ Facebook,Line,Facebook,ปกติ,สมทบ,ทางไกล,ปริญญา,คณะ,สาขา,วุฒิที่ใช้สมัคร,ผ่อนตรง,กู้ กยศ,"เบอร์โทร
ให้ติดต่อกลับ","วัน/เดือน/ปี
ที่ให้โทร",ช่วงเวลาให้ติดต่อกลับ,หมายเหตุ,ชื่อแอดมินที่ดูแล,ติดตาม,ติดตาม,ติดตาม,ติดตาม,ติดตาม,ติดตาม,,,,
,,,,,,,,,,,,,,,,,,,ครั้งที่ 1,ครั้งที่ 2,ครั้งที่ 3,ครั้งที่ 4,ครั้งที่ 5,ครั้งที่ 6,,,,
1,พ.ย.-24,Mondee Deesa,ü,ü,,,ü,ตรี,รัฐศาสตร์,รัฐประศาสนศาสตร์,กศน.เทียบเท่า ม.6,,ü,0991221248,17/04/2025,18.30,,,20/1/2025 ไม่ได้รับสาย,ปุ้ยโทร 25/03/2025 สนใจสมัคร ขอเวลาตัดสินใจ,,,,,,,,
2,พ.ย.-24,ภูมิรุ่ง ภูมิรุ่ง,,ü,,,ü,ตรี,บริหารธุรกิจ,การจัดการ,กศน.เทียบเท่า ม.6,ü,,0967913513,20/04/2025,18.30,ถามว่าต้องมาสอบที่มหาวิทยาลัยไหม,,20/1/2025 ยังไม่ตัดสินใจ,21/1/2025 ยังไม่ตัดสินใจ,27/1/2025 ขอคิดดูก่อน,ปุ้ยโทร 25/03/2025 สนใจสมัคร ขอเวลาตัดสินใจ,,,,,,
3,พ.ย.-24,Nufa Vinlu,,ü,,,ü,ตรี,บริหารธุรกิจ,การจัดการ,ปวส.,ü,,0918841199,21/04/2025,18.00,สนใจกู้ กยศ.,,20/1/2025 ไม่ได้รับสาย,ปุ้ยโทร 25/03/2025 สนใจสมัคร ขอเวลาตัดสินใจ,,,,,,,,
4,พ.ย.-24,Naqua Sazen,,ü,,,,ตรี,บริหารธุรกิจ,การจัดการโลจิสติกส์,ม.6,ü,,0910885673,ไม่สมัคร,,,,ยังไม่ตัดสินใจ,,,,,,,,,
5,พ.ย.-24,Nupim_Nator,ü,,ü,,,โท,ศึกษาศาสตร์,บริหารการศึกษา,ปริญญาตรี,ü,,0954545491,26/03/2025,12.00,สอบถามเรื่องทุนการศึกษา,,20/1/2025 ขอดูค่าใช้จ่ายก่อน,ปุ้้ยโทร 25/03/2025 ไม่รับสาย,ต้นโทร 26/3/2025 13.37 น. ขอดูค่าใช้จ่ายก่อน,,,,,,,
6,พ.ย.-24,Sonpim Ulya,,ü,,,ü,ตรี,บริหารธุรกิจ,การจัดการ,ปวช.,,ü,0907703637,ไม่สมัคร,9.00,,,20/1/2025 ขอดูค่าใช้จ่ายก่อน,ปุ้้ยโทร 25/03/2025 ไม่รับสาย,ปุ้้ยโทร 27/03/2025 ไม่ได้รับสาย,ปุ้้ยโทร 28/03/2025 ยังไม่ตัดสินใจ,,,,,,
7,ธ.ค.-24,Zenrat Ixna,,ü,,,ü,ตรี,บริหารธุรกิจ,การจัดการ,ปวช.,ü,,0675290639,ไม่่สมัคร,,,,สมัครเรียบร้อย รอส่งเอกสาร,,,,,,,,,
8,ธ.ค.-24,ณัฐน้ำ.จิตอัญ มั่นแก้ว,,ü,,,ü,ตรี,บริหารธุรกิจ,การจัดการ,ปวส,,ü,0829352718,ไม่สมััคร,,ถามว่าต้องมาสอบที่มหาวิทยาลัยไหม,,20/1/2025 ขอดูค่าใช้จ่ายก่อน,ปุ้้ยโทร 25/03/2025 ไม่สมัคร ทำงานไม่ว่าง,,,,,,,,
9,ธ.ค.-24,Ompe Fachai,,ü,,,ü,ตรี,บริหารธุรกิจ,การจัดการโลจิสติกส์,กศน.เทียบเท่า ม.6,ü,,0993799170,ไม่ต้องโทร,16.00,ทำงานกะดึก โทรหลัง 18.00 น.,,20/1/2025 ขอดูค่าใช้จ่ายก่อน,ปุ้้ยโทร 25/03/2025 ขอให้ติดต่อใหม่ช่วงเย็น,ปุ้ยโทร 26/03/2025 ไม่ได้รับสาย,ปุ้้ยโทร 27/03/2025 ไม่ได้รับสาย,ปุ้้ยโทร 28/03/2025 ขอดูค่าใช้จ่ายก่อน,ต้้นโทร 29/3/2025 16.19 น. ยังไม่ตัดสินใจ,ปุ้ยโทร 01/04/2025 ปิดเครื่อง,ปุ้ยโทร 02/04/2025 ปิดเครื่อง,,
10,ธ.ค.-24,Monbo Taul-Sagun,,ü,ü,,,ตรี,สาธารณสุขศาสตร์,สาธารณสุขศาสตร์,ม.6,,ü,0843124869,สมัครแล้ว,,สนใจกู้ กยศ.,,23/1/2058 โทรใหม่หลังเลิกงาน,,,,,,,,,
11,ธ.ค.-24,Zenan,ü,,,ü,,ตรี,วิทยาศาสตร์และเทคโนโลยี,เทคโนโลยีสารสนเทศ,ปวส,ü,,0916126441,สมัครแล้ว,,ถามว่าต้องมาสอบที่มหาวิทยาลัยไหม,,27/1/2025 ขอดูค่าใช้จ่ายก่อน,,,,,,,,,
12,1/4/2025,ปั้นเพ็ญ,ü,,,,ü,โท,รัฐศาสตร์,รัฐประศาสนศาสตร์,ปริญญาตรี,ü,,0609232172,05/04/2025,18.00,อยากเรียนเฉพาะเสาร์อาทิตย์,,โทร ยังไม่ตัดสินใจ,ต้้นโทร 18/3/2025 12.45 น. สนใจเรียนภาคทางไกล,ต้้นโทร 25/3/2025 13.34 น. สนใจสมัคร ขอเวลาตัดสินใจ,ปุ้ยโทร 02/04/2025 ปิดเครื่อง,,,,,,
13,1/5/2025,ยิ่งขวัญ ฟ้าปรีดา,,ü,,,ü,ตรี,รัฐศาสตร์,รัฐประศาสนศาสตร์,ม.6,ü,,0906323324,ไม่สมัคร,,แอดไลน์กลับมาเรียบร้อยแล้ว,,08/01/2025 ขอปรึกษาครอบครัวก่อน,พี่ต่ายโทร 16/03/2025 ยังไม่ตัดสินใจ,,,,,,,,
14,1/7/2025,ทิพนิ่ม,ü,,,,ü,ตรี,บริหารธุรกิจ,การจัดการโลจิสติกส์,กศน.เทียบเท่า ม.6,,ü,0904077113,ไม่สมัคร,,สะดวกคุยทางไลน์มากกว่า,,ไม่ได้รับสาย,16/03/2025 ไม่รับสาย,,,,,,,,
15,1/9/2025,Narat Ixzen,,ü,,,ü,ตรี,บริหารธุรกิจ,การจัดการ,ปวส,,,,,,มีประกันสังคม ถามเรื่องสิทธิ์,ปุ้ย,,,,,,,,,,
16,1/9/2025,ชื่นวิไล ดีพิม,,ü,,,ü,ตรี,บริหารธุรกิจ,การจัดการ,ม.6,,,,,,,ต้นกล้า,,,,,,,,,,
17,1/9/2025,กัญจันทร์ นุชทิพ,,ü,,,ü,ตรี,รัฐศาสตร์,รัฐประศาสนศาสตร์,ม.6,,,,,,,ต้นกล้า,,,,,,,,,,
18,1/9/2025,Sonsir Zenhel,,ü,,,ü,,,,,,,,,,,ต้นกล้า,,,,,,,,,,
19,1/9/2025,Wyzen Wyzen Chaitor,,ü,,,ü,ตรี,บริหารธุรกิจ,การจัดการ,ปวส,,,,,,ถามว่าต้องมาสอบที่มหาวิทยาลัยไหม,ปุ้ย,9/1/2025 ยังไม่ตัดสินใจ,,,,,,,,,
20,1/9/2025,Tipri Pimno,,ü,,,ü,ตรี,บริหารธุรกิจ,การจัดการ,ม.6,,,,,,จบ ปวส. ถามเรื่องเทียบโอน,ต้นกล้า,9/1/2025 ยังไม่ตัดสินใจ,,,,,,,,,
21,1/9/2025,Luver Pongun,,ü,,,ü,ตรี,บริหารธุรกิจ,การจัดการ,ปวส,,,,,,ถามว่าต้องมาสอบที่มหาวิทยาลัยไหม,ต้นกล้า,9/1/2025 ยังไม่ตัดสินใจ,,,,,,,,,
22,1/9/2025,Wantor Anbo,,ü,,,ü,ตรี,รัฐศาสตร์,รัฐประศาสนศาสตร์,ม.6,ü,,0628646825,5/1/2025,,,ต้นกล้า,โทรใหม่หลังเลิกงาน,ขอปรึกษาครอบครัวก่อน,พี่ต่ายโทร 16/03/2025 ไม่ได้รับสาย,ต้นโทร 18/3/2025 12.55 น. สนใจสมัคร ขอเวลาตัดสินใจ,,,,,,
23,1/9/2025,Tipmon Tipmon,,ü,,,ü,ตรี,รัฐศาสตร์,รัฐประศาสนศาสตร์,ปวส,ü,,,,,รอปรึกษาที่บ้านก่อน,ปุ้ย,9/1/2025 ยังไม่ตัดสินใจ,,,,,,,,,
24,1/9/2025,พิมมณี ฤดีปรีดา,,ü,,,,,,,,,,,,,,ปุ้ย,,,,,,,,,,
25,1/9/2025,เพ็ญกัญ ชัยธัญ,,ü,,,ü,,,,ม.6,,ü,,,,,ต้นกล้า,,,,,,,,,,
26,1/9/2025,Ulmel Gunchai,,,,,,,,,,,,,,,,ต้นกล้า,,,,,,,,,,
27,1/9/2025,เดือนมณี อุ่นณัฐ ภู่ทิพ,,ü,,,ü,ตรี,บริหารธุรกิจ,การจัดการ,ปวช.,ü,,0812580910,,,สะดวกคุยทางไลน์มากกว่า,ต้นกล้า,นัดโทรอีกครั้งสัปดาห์หน้า,18/1/2025 ไม่ได้รับสาย,พี่ต่ายโทร 16/03/2025 สนใจสมัคร ขอเวลาตัดสินใจ,พี่ต่ายโทร 18/03/2025 12.30 น. สนใจสมัคร ขอเวลาตัดสินใจ,,,,,,
28,1/9/2025,เดือนชื่น ภู่จันทร์,,,,,,,,,,,,,,,,ต้นกล้า,,,,,,,,,,
29,1/9/2025,Tadar Sapon,,,,,,,,,,,,,,,,ต้นกล้า,,,,,,,,,,
30,1/9/2025,Deeson Ansa,,,,,,,,,,,,,,,,ต้นกล้า,,,,,,,,,,
31,1/9/2025,ขวัญภูมิ กุลสุข,,ü,,,ü,ตรี,รัฐศาสตร์,รัฐประศาสนศาสตร์,ปวส,,,0880674357,สมัครแล้ว,,ขอเวลาตัดสินใจ,ปุ้ย,31/1/2025 ขอปรึกษาครอบครัวก่อน,31/1/2025 ขอคิดดูก่อน,,,,,,,,
32,1/9/2025,Melfa Ulpe,,ü,,,ü,ตรี,บริหารธุรกิจ,การจัดการ,ปวช.,,,,,,,ต้นกล้า,,,,,,,,,,
33,1/9/2025,Ponmel Tipvin,,ü,,,ü,,,,,,,,,,,ต้นกล้า,,,,,,,,,,
34,1/9/2025,Ratpon'Rapim Anvin-napon,,ü,,,ü,ตรี,บริหารธุรกิจ,การจัดการ,ม.6,,ü,0671861512,17/04/2025,19.00,,ต้นกล้า,09/01/2025 ไม่ได้รับสาย,27/1/2025 ขอดูค่าใช้จ่ายก่อน,ปุ้ยโทร 25/03/2025 สนใจสมัคร ขอเวลาตัดสินใจ,,,,,,,
35,1/9/2025,Sonix Pean,,ü,,,ü,,,,,,,,,,,ต้นกล้า,,,,,,,,,,
36,1/9/2025,รักขวัญ ยิ่งบุญ สุขกุล,,ü,,,ü,โท,,,,,,,,,,ต้นกล้า,,,,,,,,,,
37,1/9/2025,เดือนมณี อุ่นณัฐ ภู่ทิพ,,ü,,,ü,ตรี,บริหารธุรกิจ,การจัดการ,ปวช.,ü,,0812580910,,18.30,ทำงานกะดึก โทรหลัง 18.00 น.,ต้นกล้า,นัดโทรอีกครั้งสัปดาห์หน้า,18/1/2025 ไม่ได้รับสาย,ต้นโทร 26/3/2025 13.40 น. สนใจสมัคร ขอเวลาตัดสินใจ,ปุ้ยโทร 01/04/2025 ปิดเครื่อง,ปุ้ยโทร 02/04/2025 ปิดเครื่อง,,,,,
38,1/9/2025,Wychai Kitbo,,ü,,,,,,,,,,,,,,ต้นกล้า,,,,,,,,,,
39,1/9/2025,Chaita Helhel,,ü,,,ü,ตรี,บริหารธุรกิจ,การจัดการ,ม.6,,,,,,,ต้นกล้า,,,,,,,,,,
40,1/9/2025,Anqua Quari,,ü,,,ü,ตรี,บริหารธุรกิจ,การจัดการโลจิสติกส์,ปวส.,ü,,0812216872,20/02/2026,13.00,,ปุ้ย,โทร ยังไม่ตัดสินใจ,พี่ต่ายโทร 16/03/2025 สนใจสมัคร ขอเวลาตัดสินใจ,,,,,,,,
41,1/9/2025,Toran Rafa,,ü,,,ü,ตรี,บริหารธุรกิจ,การจัดการโลจิสติกส์,ม.6,,,,,,สนใจกู้ กยศ.,ต้นกล้า,,,,,,,,,,
42,1/9/2025,Sata Monpon,,ü,,,,,,,,,,,,,,ต้นกล้า,,,,,,,,,,
43,1/9/2025,Helpe Quamel Sonno,,ü,,,ü,ตรี,บริหารธุรกิจ,การจัดการโลจิสติกส์,ม.6,,ü,0926446296,ไม่ต้องโทร,11.00,แอดไลน์กลับมาเรียบร้อยแล้ว,ปุ้ย,31/01/2025 ยังไม่ตัดสินใจ,31/1/2025 ไม่ได้รับสาย,พี่ต่ายโทร 16/03/2025 ปิดเครื่อง,พี่ต่ายโทร 18/03/2025 12.50 น. ไม่ได้รับสาย,ปุ้ยโทร 25/03/2025 ปิดเครื่อง,ต้นโทร 26/3/2025 13.59 น. ไม่ได้รับสาย,ปุ้ยโทร 30/03/2025 ปิดเครื่อง,,,
44,1/9/2025,NOIX-Salu RISA,,ü,,,,,,,,,,,,,,ปุ้ย,,,,,,,,,,
45,1/9/2025,Luri Deenu,,ü,,,ü,ตรี,บริหารธุรกิจ,การจัดการ,ม.6,,  ,0911224139,ไม่ต้องโทร,13.00,ถามเรื่องค่าเทอมและการผ่อน,ปุ้ย,15/01/2025 ขอคิดดูก่อน,18/1/2025 ไม่ได้รับสาย,27/1/2025 ไม่รับสาย,พี่ต่ายโทร 18/03/2025 12.52 น. ไม่รับสาย,ต้นโทร 26/3/2025 14.01 น. ปิดเครื่อง,ปุ้ยโทร 30/03/2025 ไม่ได้รับสาย,,,,
46,1/9/2025,ปั้นชัย ทิพอุ่น,,ü,,,,,,,,,,,,,,ปุ้ย,,,,,,,,,,
47,1/9/2025,Wanul Verchai,,ü,,,ü,ตรี,บริหารธุรกิจ,การจัดการ,ม.6,ü,,0649860734,ไม่สมัครเรียน,14.00,ทำงานกะดึก โทรหลัง 18.00 น.,ปุ้ย,15/01/2025 ขอดูค่าใช้จ่ายก่อน,18/1/2025 ขอคิดดูก่อน,ต้นโทร 26/3/2025 14.05 น. ปิดเครื่อง,ต้นโทร 27/3/2025 ปิดเครื่อง,ปุ้้้ยโทร 28/03/2025 ไม่ได้รับสาย,,,,,
48,1/9/2025,Verrat Sirdar,,ü,,,ü,ตรี,บริหารธุรกิจ,การจัดการ,ม.6,ü,,,,,,ปุ้ย,,,,,,,,,,
49,1/9/2025,Melle Ponno,,ü,ü,,,ตรี,บัญชี,บัญชี,,ü,,,,,,ปุ้ย,,,,,,,,,,
50,1/9/2025,ยิ่งแก้ว กุลอุ่น,,ü,,,,,,,,,,,,,,ปุ้ย,,,,,,,,,,
51,1/9/2025,Ixsir Gunan,,ü,,,ü,ตรี,บริหารธุรกิจ,การจัดการ,ปวส.,ü,,0805643966,ไม่ต้องโทร,,,ปุ้ย,12/1/2025 ยังไม่ตัดสินใจ,พี่ต่ายโทร 16/03/2025 ไม่รับสาย,ต้นโทร 18/3/2025 13.09 น. ไม่ได้รับสาย,ต้้นโทร 26/3/2025 14.05 น. ไม่ได้รับสาย,ต้นโทร 27/3/2025 ปิดเครื่อง,ปุ้้้ยโทร 28/03/2025 ไม่ได้รับสาย,ปุ้ยโทร 30/03/2025 ไม่ได้รับสาย,,,
52,1/9/2025,Jogun Darom,,ü,,,ü,ตรี,รัฐศาสตร์,รัฐประศาสนศาสตร์,ปวส,ü,,0899461091,สมัครแล้ว,,จบ ปวส. ถามเรื่องเทียบโอน,ต้นกล้า,,,,,,,,,,
53,1/9/2025,LULU'Zengun Quakit,,ü,,,ü,ตรี,บริหารธุรกิจ,การจัดการโลจิสติกส์,กศน.เทียบเท่า ม.6,,,,,,,ต้นกล้า,,,,,,,,,,
54,1/9/2025,Uljo Wyzen,,ü,,,ü,ตรี,บริหารธุรกิจ,การจัดการโลจิสติกส์,ม.6,ü,ü,,,,ส่งวุฒิมาให้ดูเทียบโอนหน่วยกิต,ต้นกล้า,,,,,,,,,,
55,1/9/2025,กิ่งอัญ ขวัญเพ็ญ,,ü,,,ü,ตรี,,,,,,,,,,ต้นกล้า,,,,,,,,,,
56,1/10/2025,พร้อมชัย จิตมณี,,ü,,,ü,ตรี,รัฐศาสตร์,รัฐประศาสนศาสตร์,ม.6,,,0828064484,ไม่สมัคร,,สนใจกู้ กยศ.,ต้นกล้า,16/1/2025 ขอดูค่าใช้จ่ายก่อน,18/1/2025 ไม่ได้รับสาย,ปุ้ยโทร 16/03/2025 สนใจสมัคร รอเงินเดือนออก,,,,,,,
57,1/10/2025,Quahel Wanqua,,ü,,,ü,ตรี,บริหารธุรกิจ,การจัดการ,ปวส.,,,,,,,ต้นกล้า,,,,,,,,,,
58,1/10/2025,มณีทิพ น้ำน้ำ ศิริรัก.,,ü,,,ü,ตรี,,,,,,,,,,ต้นกล้า,,,,,,,,,,
60,1/10/2025,Lerat Naix,,ü,,,ü,ตรี,รัฐศาสตร์,รัฐประศาสนศาสตร์,ปวส.,,,,,,,ต้นกล้า,,,,,,,,,,
61,1/10/2025,Gunver Kitix,,ü,,,ü,ตรี,บริหารธุรกิจ,การจัดการ,ปวส.,,,,,,,ต้นกล้า,,,,,,,,,,
62,1/10/2025,ธิดาเพ็ญ อัญปิ่น,,ü,,,,,,,,,,,,,,ต้นกล้า,,,,,,,,,,
63,1/10/2025,กิ่งกิ่ง นุชสุข,,ü,,,ü,ตรี,บริหารธุรกิจ,การจัดการ,ม.6,,ü,,,,,ต้นกล้า,,,,,,,,,,
64,1/10/2025,ภัทรนุช จิตแก้ว.,,ü,,,ü,ตรี,บริหารธุรกิจ,การจัดการ,ปวส.,,,,,,,ต้นกล้า,,,,,,,,,,
,1/10/2025,Ratle Rarat SAVIN,,ü,,,ü,ตรี,,,ม.6,,,,,,,ต้นกล้า,,,,,,,,,,
66,1/10/2025,Ripe Jorat,,ü,,,ü,ตรี,บริหารธุรกิจ,การจัดการ,ม.6,,,,,,,ต้นกล้า,,,,,,,,,,
67,1/10/2025,Vindar Ulhel,,ü,,,,,,,,,,,,,,ต้นกล้า,,,,,,,,,,
68,1/10/2025,รักเพ็ญ ธัญต้น,,ü,,,ü,ตรี,บริหารธุรกิจ,การจัดการ,ม.6,,,,,,,ต้นกล้า,,,,,,,,,,
69,1/10/2025,Anver Tipya,,ü,,,,,,,,,,,,,,ต้นกล้า,,,,,,,,,,
70,1/10/2025,Satip Kasa,,ü,,,ü,โท,บริหารธุรกิจ,,,,,,,,,ต้นกล้า,,,,,,,,,,
71,1/10/2025,Raver Melno,,ü,,,,,,,,,,,,,,ต้นกล้า,,,,,,,,,,
72,1/10/2025,ยิิ่งแก้ว กุลอุ่น,,ü,,,,,,,,,,,,,,ต้นกล้า,,,,,,,,,,
73,1/10/2025,Tapim Ponwan,,ü,,,ü,ตรี,บริหารธุรกิจ,การจัดการโลจิสติกส์,ม.6,ü,,,,,,ปุ้ย,,,,,,,,,,
74,1/10/2025,Kitfa Melzen,,ü,,,,,,,,,,,,,,ปุ้ย,,,,,,,,,,
75,1/10/2025,Kapon Monsa,,ü,,,ü,ตรี,รัฐศาสตร์,รัฐประศาสนศาสตร์,กศน.เทียบเท่า ม.6,ü,ü,,,,ขอเอกสารหลักสูตรทางไลน์,ปุ้ย,,,,,,,,,,
76,1/10/2025,วิไลวิไล ชื่นวัน,,ü,,,,,,,,,,,,,,ปุ้ย,,,,,,,,,,
77,1/10/2025,Saix Ratqua,,ü,,,,,,,,,,,,,,ปุ้ย,,,,,,,,,,
78,1/10/2025,Gunjo Chaifa,,ü,,,ü,ตรี,บริหารธุรกิจ,การจัดการโลจิสติกส์,ปวช.,,,,,,,ปุ้ย,,,,,,,,,,
79,1/10/2025,Sirwan'sahel Jona,,ü,,,ü,ตรี,บริหารธุรกิจ,การจัดการ,ปวส.,,,,,,,ปุ้ย,,,,,,,,,,
80,1/11/2025,Quara Darjo,,ü,,,ü,ตรี,บริหารธุรกิจ,การจัดการโลจิสติกส์,ม.6,,,0633981577,ไม่สมัครเรียน,11.00,,ต้นกล้า,โทร 31/01/2025 ยังไม่ตัดสินใจ,ปุ้ยโทร 17/03/2025 สนใจสมัคร ขอเวลาตัดสินใจ,,,,,,,,
81,1/11/2025,Ixpon Luta,,ü,,,ü,ตรี,รัฐศาสตร์,รัฐประศาสนศาสตร์,ม.6,,,,,,,ต้นกล้า,,,,,,,,,,
82,1/11/2025,วิไลแก้ว แก้วแก้ว,,ü,,,ü,ตรี,,,ปวส.,,,,,,,ต้นกล้า,,,,,,,,,,
83,1/11/2025,นิ่มเพ็ญ ณัฐธัญ,,ü,,,ü,ตรี,บริหารธุรกิจ,การจัดการ,ม.6,,,,,,,ต้นกล้า,,,,,,,,,,
84,1/11/2025,Deele Omwy DEENO,,ü,,,ü,โท,รัฐศาสตร์,รัฐประศาสนศาสตร์,ปริญญาตรี,ü,,,,,ถามว่าต้องมาสอบที่มหาวิทยาลัยไหม,ต้นกล้า,,,,,,,,,,
85,1/11/2025,Anpon Montor,,ü,,,ü,ตรี,บริหารธุรกิจ,การจัดการ,ม.6,,,,,,,ต้นกล้า,,,,,,,,,,
86,1/11/2025,Ixgun Gunka,,ü,,,ü,ตรี,รัฐศาสตร์,รัฐประศาสนศาสตร์,ม.6,,,,,,,ต้นกล้า,,,,,,,,,,
87,1/11/2025,นิ่มณัฐ ขวัญใบ้,,ü,,,,,,,,,,,,,,ต้นกล้า,,,,,,,,,,
88,1/11/2025,Wanna Anka,,ü,,,,,,,,,,,,,,ต้นกล้า,,,,,,,,,,
89,1/11/2025,Melrat Ratgun,,ü,,,ü,ตรี,บริหารธุรกิจ,การจัดการ,ปวช.,,,,,,,ต้นกล้า,,,,,,,,,,
90,1/11/2025,Pimver Zentip,,ü,,,,,,,,,,,,,,ปุ้ย,,,,,,,,,,
91,1/11/2025,บุญปั้น ธิดากุล,,ü,,,,,,,,,,,,,,ปุ้ย,,,,,,,,,,
92,1/11/2025,Wankit quasir,,ü,,,,,,,,,,,,,,ปุ้ย,,,,,,,,,,
93,1/11/2025,Melta Tipver,,ü,,,,,,,,,,,,,,ปุ้ย,,,,,,,,,,
94,1/11/2025,Chaidar Quaix,,ü,,,,,,,,,,,,,,ปุ้ย,,,,,,,,,,
95,1/11/2025,ภัทรดี ศิริปั้น,,ü,,,ü,ตรี,รัฐศาสตร์,รัฐประศาสนศาสตร์,ม.6,ü,,,,,,ปุ้ย,,,,,,,,,,
96,1/11/2025,Hellu Zenfa,,ü,,,ü,ตรี,บริหารธุรกิจ,การจัดการ,กศน.เทียบเท่า ม.6,ü,,,,,,ปุ้ย,,,,,,,,,,
97,1/11/2025,Wanpon Rifa Verno,,ü,,,,,,,,,,,,,,ปุ้ย,,,,,,,,,,
98,1/11/2025,ภัทรอุ่น อัญเพ็ญ,,ü,,,ü,ตรี,บริหารธุรกิจ,การจัดการ,ปวส.,ü,,0806497249,สมัครแล้ว,,อยากเรียนเฉพาะเสาร์อาทิตย์,ปุ้ย,12/1/2025 ขอปรึกษาครอบครัวก่อน,,,,,,,,,
99,1/11/2025,เดือนมณี พิมชัย มั่นชัย,,ü,,,,,,,,,,,,,,ปุ้ย,,,,,,,,,,
100,1/11/2025,ทิพพร้อม ขวัญจันทร์,,ü,,,,,,,,,,,,,,ปุ้ย,,,,,,,,,,
101,1/11/2025,ธัญวัน เดือนภัทร,,ü,,,ü,ตรี,รัฐศาสตร์,รัฐประศาสนศาสตร์,ปวส.,ü,,,,,,ปุ้ย,,,,,,,,,,
102,1/11/2025,Ompon Ompon,,ü,,,ü,โท,รัฐศาสตร์,รัฐประศาสนศาสตร์,,,,,,,,ปุ้ย,,,,,,,,,,
18,1/10/2025,Nano Heljo,,ü,,,ü,ตรี,บริหารธุรกิจ,การจัดการโลจิสติกส์,กศน.เทียบเท่า ม.6,,ü,0624621551,ไม่สมัคร,11.00,,ต้นกล้า,โทร 31/01/2025 ขอดูค่าใช้จ่ายก่อน,ปุ้ยโทร 15/03/2025 ไม่รับสาย,,,,,,,,
103,1/11/2025,Wyson Gunul,,ü,,,ü,ตรี,บริหารธุรกิจ,การจัดการ,กศน.เทียบเท่า ม.6,ü,,0622297562,,,ขอเอกสารหลักสูตรทางไลน์,ปุ้ย,13/1/2025 ยังไม่ตัดสินใจ,27/1/2025 ไม่รับสาย,ปุ้ยโทร 15/03/2025 ปิดเครื่อง,พี่ต่ายโทร 18/03/2025 12.45 น. สนใจสมัคร รอเงินเดือนออก,,,,,,
104,1/12/2025,พร้อมขวัญ วันใบ้,,ü,,,ü,ตรี,,,,,,,,,,ต้นกล้า,,,,,,,,,,
105,1/12/2025,Nupon Gunfa,,ü,,,,,,,,,,,,,,ต้นกล้า,,,,,,,,,,
106,1/12/2025,อุ่นอุ่น สินทิพ พร้อมปิ่น,,ü,,,,,,,,,,,,,,ต้นกล้า,,,,,,,,,,
107,1/12/2025,อัญชื่น ใบ้ฤดี,,ü,,,,,,,,,,,,,,ต้นกล้า,,,,,,,,,,
108,1/12/2025,ยิ่งจันทร์ ณัฐจันทร์,,ü,,,ü,ตรี,บริหารธุรกิจ,การจัดการ,กศน.เทียบเท่า ม.6,,,,,,,ต้นกล้า,,,,,,,,,,
109,1/12/2025,พร้อมทิพ จิตชัย,,ü,,,ü,ตรี,บริหารธุรกิจ,การจัดการ,กศน.เทียบเท่า ม.6,ü,,0990823274,ไม่่สมัคร,16.00,ทำงานกะดึก โทรหลัง 18.00 น.,ต้นกล้า,โทร ขอดูค่าใช้จ่ายก่อน,ปุ้ยโทร 15/03/2025 ขอคิดดูก่อน,ต้นโทร 16/3/2025 16.47 น. สนใจสมัคร ขอเวลาตัดสินใจ,ต้นโทร 17/3/2025 16.04 น. ปิดเครื่อง,ต้้นโทร 26/3/2025 14.08 น. สนใจสมัคร ขอเวลาตัดสินใจ,ปุ้ยโทร 01/04/2025 ขอคิดดูก่อน,ปุ้้ยโทร 02/04/2025 สมัครแล้ว,,,
110,1/12/2025,สินสิน ฤดีธัญ,,ü,,,ü,ตรี,,การจัดการ,ม.6,ü,,,,,,ต้นกล้า,,,,,,,,,,
111,1/12/2025,Nosir Nosir,,ü,ü,,,ตรี,นิติศาสตร์,นิติศาสตร์,,,,,,,,ต้นกล้า,,,,,,,,,,
112,1/12/2025,Petor Vinfa,,ü,,,ü,ตรี,บริหารธุรกิจ,การจัดการ,ม.6,ü,,0918652272,ไม่่สมัคร,,นัดชำระ 500 บาท,ต้นกล้า,ขอให้ติดต่อใหม่ช่วงเย็น,27/1/2025 ยังไม่ตัดสินใจ,,,,,,,,
113,1/12/2025,Darna Vinqua,,ü,,,ü,ตรี,รัฐศาสตร์,รัฐประศาสนศาสตร์,ปวช.,ü,,,,,,ต้นกล้า,,,,,,,,,,
114,1/12/2025,Nadee Pimya,,ü,,,,,,,,,,,,,,ต้นกล้า,,,,,,,,,,
115,1/12/2025,Taver Melver,,ü,,,,,,,,,,,,,,ต้นกล้า,,,,,,,,,,
116,1/12/2025,ปรีดาวิไล ดีรุ่ง,,ü,,,,,,,,,,,,,,ต้นกล้า,,,,,,,,,,
117,1/12/2025,Darson Nupe,,ü,,,ü,ตรี,บริหารธุรกิจ,การจัดการ,ม.6,,,,,,,ปุ้ย,,,,,,,,,,
118,1/12/2025,JOTOR,ü,,,,ü,ตรี,บริหารธุรกิจ,การจัดการ,ปวช.,,,,,,,ปุ้ย,,,,,,,,,,
119,1/12/2025,Tipfa Heldee,,ü,,,ü,ตรี,รัฐศาสตร์,รัฐประศาสนศาสตร์,ม.6,,,,,,,ปุ้ย,,,,,,,,,,
120,1/12/2025,Yaul Darqua,,ü,,,,,,,,,,,,,,ปุ้ย,,,,,,,,,,
121,1/12/2025,Ratya Zenson,,ü,,,,,,,,,,,,,,ปุ้ย,,,,,,,,,,
122,1/12/2025,Rattor Sirgun,,ü,,,,,,,,,,,,,,ปุ้ย,,,,,,,,,,
123,1/12/2025,Kitfa Nusir,,ü,,,,,,,,,,,,,,ปุ้ย,,,,,,,,,,
124,1/12/2025,กิ่งภู่ ใบ้ใบ้,,ü,,,,,,,,,,,,,,ปุ้ย,,,,,,,,,,
125,1/12/2025,เดือนจันทร์ 'สุขนุช,,ü,,,ü,ตรี,บริหารธุรกิจ,การจัดการ,ปวช.,,,,,,,ปุ้ย,,,,,,,,,,
126,1/12/2025,Ixtip Jopon,,ü,,,,,,,,,,,,,,ปุ้ย,,,,,,,,,,
127,1/12/2025,ใบ้ชื่น ดีเพ็ญ,,ü,,,ü,ตรี,บริหารธุรกิจ,การจัดการ,กศน.เทียบเท่า ม.6,,,,,,,ปุ้ย,,,,,,,,,,
128,1/12/2025,Katip Heldar Peka,,ü,,,,,,,,,,,,,,ปุ้ย,,,,,,,,,,
129,1/12/2025,Famel Melnu,,ü,,,,,,,,,,,,,,ปุ้ย,,,,,,,,,,
130,1/12/2025,ทิพภัทร ภูมินิ่ม,,ü,,,ü,ตรี,บริหารธุรกิจ,การจัดการ,ปวส.,,,,,,,ปุ้ย,,,,,,,,,,
131,1/12/2025,นิ่มสุข,,ü,,,,,,,,,,,,,,ปุ้ย,,,,,,,,,,
132,1/12/2025,Sonmon Pewy,,ü,,,,,,,,,,,,,,ปุ้ย,,,,,,,,,,
133,13/1/2025,Omra._12,ü,,,,ü,ตรี,บริหารธุรกิจ,การจัดการ,ปวส.,,ü,0613802813,สมัครแล้ว,,เคยสมัครไว้ปีที่แล้ว,ต้นกล้า,13/1/2025 ยังไม่ตัดสินใจ,,,,,,,,,
134,13/1/2025,Bole Monpim,,ü,,,ü,ตรี,รัฐศาสตร์,รัฐประศาสนศาสตร์,ปวส.,,,0880091482,สมัครแล้ว,,ถามเรื่องค่าเทอมและการผ่อน,ต้นกล้า,นัดโทรอีกครั้งสัปดาห์หน้า,โทร. 16/1/2025 ขอให้ติดต่อใหม่ช่วงเย็น,,,,,,,,
135,13/1/2025,Wanmel Kitya,,ü,,,ü,ตรี,บริหารธุรกิจ,การจัดการ,,,,,,,,ต้นกล้า,,,,,,,,,,
136,13/1/2025,วิไลกิ่ง เพ็ญนุช,,ü,,,,,,,,,,,,,,ต้นกล้า,,,,,,,,,,
137,13/1/2025,Kitra Wyvin,,ü,,,,,,,,,,,,,,ต้นกล้า,,,,,,,,,,
138,13/1/2025,Kitno Saix,,ü,,,,,,,,,,,,,,ต้นกล้า,,,,,,,,,,
139,13/1/2025,Fawan Vinri,,ü,,,,,,,,,,,,,,ต้นกล้า,,,,,,,,,,
140,13/1/2025,Kari Deechai,,ü,,,ü,ตรี,บริหารธุรกิจ,การจัดการ,ปวช.,,,,,,,ต้นกล้า,,,,,,,,,,
141,13/1/2025,Tadee Jochai,,ü,,,,,,,,,,,,,,ต้นกล้า,,,,,,,,,,
142,13/1/2025,Bora Zenver,,ü,,,,,,,,,,,,,,ต้นกล้า,,,,,,,,,,
143,13/1/2025,Torlu Wyra,,ü,,,,,,,,,,,,,,ต้นกล้า,,,,,,,,,,
144,13/1/2025,รุ่งธัญ พร้อมปั้น,,ü,,,,,,,,,,,,,,ต้นกล้า,,,,,,,,,,
145,13/1/2025,Yawy Lule,,ü,,,ü,ตรี,บริหารธุรกิจ,การจัดการ,ปวส.,,,,,,,ต้นกล้า,,,,,,,,,,
146,13/1/2025,Torqua,ü,,,,ü,ตรี,รัฐศาสตร์,รัฐประศาสนศาสตร์,ปวส.,,,,,,มีประกันสังคม ถามเรื่องสิทธิ์,ต้นกล้า,,,,,,,,,,
147,13/1/2025,Luul Lepim,,ü,,,,,,,,,,,,,,ต้นกล้า,,,,,,,,,,
148,13/1/2025,Ratno Sirhel,,ü,,,ü,ตรี,บริหารธุรกิจ,การจัดการโลจิสติกส์,ป. ตรี,,,,,,,ต้นกล้า,,,,,,,,,,
149,13/1/2025,Yasir Radee,,ü,,,ü,ตรี,รัฐศาสตร์,รัฐประศาสนศาสตร์,ม.6,,ü,,,,,ต้นกล้า,14/1/2025 ขอคิดดูก่อน,ขอดูค่าใช้จ่ายก่อน,,,,,,,,
150,13/1/2025,Torri Heltip,,ü,,,,,,,,,,,,,,ต้นกล้า,,,,,,,,,,
151,13/1/2025,Gundee Borat มณีปั้น ปั้นกิ่ง,,ü,,,ü,ตรี,บริหารธุรกิจ,การจัดการ,ปวส.,ü,,0954698815,สมัครแล้ว,10.00,จบ ปวส. ถามเรื่องเทียบโอน,ต้นกล้า,15/1/2025 ขอปรึกษาครอบครัวก่อน,16/1/2025 ขอปรึกษาครอบครัวก่อน,24/1/2025 ขอดูค่าใช้จ่ายก่อน,ต้นโทร 26/3/2025 16.25 น. ไม่รับสาย,ต้้นโทร 27/3/2025 13.54 น. ขอดูค่าใช้จ่ายก่อน,,,,,
152,13/1/2025,Sonwy Raix,,ü,,,,,,,,,,,,,,ต้นกล้า,,,,,,,,,,
153,13/1/2025,Anfa Pelu,,ü,,,ü,ตรี,บริหารธุรกิจ,การจัดการ,ปวส.,,,,,,,ต้นกล้า,,,,,,,,,,
154,13/1/2025,Darzen Pever,,ü,,,ü,ตรี,บริหารธุรกิจ,การจัดการ,ม.6,,,,,,,ต้นกล้า,,,,,,,,,,
155,13/1/2025,Yawan,ü,,,,ü,ตรี,บริหารธุรกิจ,การจัดการ,ปวส.,,ü,0910782777,สมัครแล้ว,,,ต้นกล้า,,,,,,,,,,
156,13/1/2025,Raka Wypon,,ü,,,ü,ตรี,บริหารธุรกิจ,การจัดการ,ปวส.,ü,,,,,,ต้นกล้า,,,,,,,,,,
157,13/1/2025,"จันทร์มณี"" ยิ่งยิ่ง""ธัญเดือน",,ü,,,,,,,,,,,,,,ต้นกล้า,,,,,,,,,,
158,13/1/2025,อัญณัฐ เพ็ญเพ็ญ,,ü,,,,,,,,,,,,,,ปุ้ย,,,,,,,,,,
159,13/1/2025,Pimvin Kitsir,,ü,,,,,,,,,,,,,,ปุ้ย,,,,,,,,,,
160,13/1/2025,ขวัญรุ่ง มณีอุ่น,,ü,,,ü,ตรี,บริหารธุรกิจ,การจัดการ,ปวส.,,,,,,,ปุ้ย,,,,,,,,,,
161,13/1/2025,Ratnu Deeom,,ü,,,,,,,,,,,,,,ปุ้ย,,,,,,,,,,
162,13/1/2025,Deedee Chaiul,,ü,,,,,,,,,,,,,,ปุ้ย,,,,,,,,,,
163,14/1/2025,WANSON Deegun Nudee,,ü,,,ü,โท,รัฐศาสตร์,รัฐประศาสนศาสตร์,ป. ตรี,,,0851351713,ไม่ต้องโทร,11.00,ถามว่าต้องมาสอบที่มหาวิทยาลัยไหม,ต้นกล้า,17/1/2025 ขอปรึกษาครอบครัวก่อน,18/1/2025 ยังไม่ตัดสินใจ,20/1/2025 ไม่ได้รับสาย,ต้นโทร 26/3/2025 16.29 น. ขอปรึกษาครอบครัวก่อน,,,,,,
164,14/1/2025,Rita TIPNO. Kale,,ü,,,,,,,,,,,,,,ต้นกล้า,,,,,,,,,,
165,14/1/2025,พร้อมใบ้ จิตเพ็ญ,,ü,,,ü,ตรี,บริหารธุรกิจ,การจัดการ,กศน.เทียบเท่า ม.6,,,,,,,ต้นกล้า,,,,,,,,,,
166,14/1/2025,Luvin Melya,,ü,,,,,,,,,,,,,,ต้นกล้า,,,,,,,,,,
167,14/1/2025,Sonkit Dartip,,ü,,,ü,ตรี,บริหารธุรกิจ,การจัดการโลจิสติกส์,กศน.เทียบเท่า ม.6,,,,,,,ต้นกล้า,,,,,,,,,,
168,14/1/2025,วิไลภัทร พร้อมอัญ,,ü,,,ü,ตรี,บริหารธุรกิจ,การจัดการโลจิสติกส์,ปวช.,,ü,0962716568,2-Oct-2025,,สอบถามเรื่องทุนการศึกษา,ต้นกล้า,31/1/2025 ขอคิดดูก่อน,31/1/2025 ยังไม่ตัดสินใจ,6/2/2025 ขอปรึกษาครอบครัวก่อน,ต้้นโทร 18/3/2025 13.10 น. ยังไม่ตัดสินใจ,,,,,,
169,14/1/2025,Chaibo Gungun,,ü,,,ü,ตรี,รัฐศาสตร์,รัฐประศาสนศาสตร์,ม.6,,,,,,,ต้นกล้า,,,,,,,,,,
170,14/1/2025,Kitom Kitom,,ü,,,ü,ตรีี,บริหารธุรกิจ,การจัดการ,ปวส.,,,,,,,ต้นกล้า,,,,,,,,,,
171,14/1/2025,Faka Sonpon,,ü,,,,,,,,,,,,,,ต้นกล้า,,,,,,,,,,
172,14/1/2025,Tachai Ankit,,ü,,,,,,,,,,,,,,ต้นกล้า,,,,,,,,,,
173,14/1/2025,Lechai,,ü,,,ü,ตรี,บริหารธุรกิจ,การจัดการโลจิสติกส์,ปวส.,ü,,,,,,ต้นกล้า,,,,,,,,,,
174,14/1/2025,Chaipim Vinya,,ü,,,,,,,,,,,,,,ปุ้ย,,,,,,,,,,
175,14/1/2025,Versir Jole,,ü,,,,,,,,,,,,,,ปุ้ย,,,,,,,,,,
176,14/1/2025,Lunu Monom,,ü,,,,,,,,,,,,,,ปุ้ย,,,,,,,,,,
177,14/1/2025,Zenzen Pimwy,,ü,,,ü,ตรี,บริหารธุรกิจ,การจัดการ,ปวช.,,,,,,,ปุ้ย,,,,,,,,,,
178,14/1/2025,ภัทรพร้อม จิตภู่,,ü,,,ü,ตรี,รัฐศาสตร์,รัฐประศาสนศาสตร์,ปวช.,,,,,,,ปุ้ย,,,,,,,,,,
179,14/1/2025,Kitdar Nota,,ü,,,ü,ตรี,บริหารธุรกิจ,การจัดการ,ปวช.,,,0962939314,ไม่ต้องโทร,,ทำงานกะดึก โทรหลัง 18.00 น.,ปุ้ย,โทร ยังไม่ตัดสินใจ,,,,,,,,,
180,14/1/2025,Sondee Melom,,ü,ü,,,ตรี,ผู้ช่วยพยาบาล,ผู้ช่วยพยาบาล,,,,0866485333,3-Jan-2026,10.00-11.00,สนใจกู้ กยศ.,ปุ้ย,17/01/2025 ขอคิดดูก่อน,18/1/2025 ขอปรึกษาครอบครัวก่อน,24/1/2025 ขอปรึกษาครอบครัวก่อน,สนใจสมัคร ขอเวลาตัดสินใจ,,,,,,
181,14/1/2025,Nalu Sirle,,ü,,,,,,,,,,,,,,ปุ้ย,,,,,,,,,,
182,14/1/2025,Pontor IXYA,,ü,,,,,,,,,,,,,,ปุ้ย,,,,,,,,,,
183,14/1/2025,Ponson Sirlu,,ü,,,,,,,,,,,,,,ปุ้ย,,,,,,,,,,
184,14/1/2025,ปั้นขวัญ ทิพมณี ปิ่นต้น,,ü,,,,,,,,,,,,,,ปุ้ย,,,,,,,,,,
185,15/1/2025,Dardar Rirat,,ü,,,ü,ตรี,รัฐศาสตร์,รัฐประศาสนศาสตร์,ม.6,,,,,,,ต้นกล้า,,,,,,,,,,
186,15/1/2025,Kitan-Lukit Torzen,,ü,,,ü,ตรี,บริหารธุรกิจ,การจัดการ,ปวช.,,,,,,,ต้นกล้า,,,,,,,,,,
187,15/1/2025,ยิ่งนุช ทิพณัฐ,,ü,,,,,,,,,,,,,,ต้นกล้า,,,,,,,,,,
188,15/1/2025,Quata Vinix,,ü,,,ü,ตรี,บริหารธุรกิจ,การจัดการ,ม.6,,ü,0656635528,ไม่ต้องโทร,18.30,,ต้นกล้า,โทร นัดโทรอีกครั้งสัปดาห์หน้า,18/1/2025 ไม่ได้รับสาย,ปุ้ยโทร 15/03/2025 ปิดเครื่อง,พี่ต่ายโทร 18/03/2025 ไม่รับสาย,ปุ้ยโทร 26/03/2025 ไม่ได้รับสาย,ปุ้้ยโทร 27/03/2025 ไม่ได้รับสาย,ปุ้ยโทร 30/03/2025 ปิดเครื่อง,,,
189,15/1/2025,Helka ULNU,,ü,,,,,,,,,,,,,,ต้นกล้า,,,,,,,,,,
190,15/1/2025,Yator Tasa,,ü,,,,,,,,,,,,,,ต้นกล้า,,,,,,,,,,
191,15/1/2025,Torson Kitra Omsa,,ü,,,,,,,,,,,,,,ต้นกล้า,,,,,,,,,,
192,15/1/2025,Sirwan Wanan ,,ü,,,ü,ตรี,บริหารธุรกิจ,การจัดการโลจิสติกส์,กศน.เทียบเท่า ม.6,ü,,0689109625,ไม่่สมัคร,10.00,แอดไลน์กลับมาเรียบร้อยแล้ว,ต้นกล้า,20/01/2025 ยังไม่ตัดสินใจ,ปุ้ยโทร 15/03/2025 ปิดเครื่อง,ปุ้ยโทร 16/03/2025 ขอดูค่าใช้จ่ายก่อน,ปุ้ยโทร 17/03/2025 ยังไม่ตัดสินใจ,ต้นโทร 18/3/2025 12.34 น. สนใจสมัคร รอเงินเดือนออก,,,,,
193,15/1/2025,Omfa Omtor,,ü,,,ü,ตรี,รัฐศาสตร์,รัฐประศาสนศาสตร์,ม.6,,,,,,,ต้นกล้า,,,,,,,,,,
194,15/1/2025,พร้อมมณี อัญสิน,,ü,,,,,,,,,,,,,,ต้นกล้า,,,,,,,,,,
195,15/1/2025,Tormon Sonfa,,ü,,,,,,,,,,,,,,ต้นกล้า,,,,,,,,,,
196,15/1/2025,Torta Joson,,ü,,,ü,ตรี,รัฐศาสตร์,รัฐประศาสนศาสตร์,ม.6,,ü,,,,,ปุ้ย,,,,,,,,,,
197,15/1/2025,Kaqua Kaqua MELQUA,,ü,,,ü,ตรี,บริหารธุรกิจ,การจัดการ,ปวช.,,,,,,,ปุ้ย,,,,,,,,,,
198,15/1/2025,Vinson Melna,,ü,,,ü,ตรี,บริหารธุรกิจ,การจัดการโลจิสติกส์,ปวส.,,,,,,,ปุ้ย,,,,,,,,,,
199,15/1/2025,Jonu OMTA.Omtip,,ü,,,,,,,,,,,,,,ปุ้ย,,,,,,,,,,
200,15/1/2025,Tamel Karat,,ü,,,,,,,,,,,,,,ปุ้ย,,,,,,,,,,
201,15/1/2025,กุลสิน.รักบุญ.มั่นปั้น นุชยิ่ง,,ü,,,,,,,,,,,,,,ปุ้ย,,,,,,,,,,
202,15/1/2025,Tafa Sirra,,ü,,,ü,ตรี,บริหารธุรกิจ,การจัดการโลจิสติกส์,ปวช.,ü,,0957160267,ไม่สมัคร,17.30,,ปุ้ย,19/01/2025 ขอปรึกษาครอบครัวก่อน,27/1/2025 ไม่รับสาย,ปุ้ยโทร 15/03/2025 ยังไม่ตัดสินใจ,ปุ้ยโทร 26/03/2025 ได้ที่เรียนแล้ว,,,,,,
203,16/1/2025,Fana,ü,,,,,,,,,,,,,,,ต้นกล้า,,,,,,,,,,
204,16/1/2025,Gunna'naver Zenna,,ü,,,,,,,,,,,,,,ต้นกล้า,,,,,,,,,,
205,16/1/2025,Ixrat Raya,,ü,,,,,,,,,,,,,อายุ 32 ทำงานแล้ว,ต้นกล้า,,,,,,,,,,
206,16/1/2025,Jomel VERAN,,ü,,,ü,ตรี,บริหารธุรกิจ,การจัดการ,กศน.เทียบเท่า ม.6,,,0975088244,ไม่ต้องโทร,16.00,,ต้นกล้า,20/01/2025 ขอปรึกษาครอบครัวก่อน,ปุ้ยโทร 14/03/2025 ไม่รับสาย,ปุ้ยโทร 17/03/2025 ไม่รับสาย,พี่ต่ายโทร 18/03/2025 ปิดเครื่อง,ต้นโทร 26/3/2025 16.28 น. ไม่ได้รับสาย,ต้นโทร 27/3/2025 16.48 น. ไม่รับสาย,ปุ้ยโทร 30/03/2025 ปิดเครื่อง,,,
207,16/1/2025,Torsir Ansa,,ü,,,ü,ตรี,บริหารธุรกิจ,การจัดการ,กศน.เทียบเท่า ม.6,,,,,,,ต้นกล้า,,,,,,,,,,
208,16/1/2025,ภูมิภัทร ศิริสุข ปิ่นกัญ,,ü,,,,,,,,,,,,,,ต้นกล้า,,,,,,,,,,
209,16/1/2025,กิ่งภู่ ใบ้ใบ้,,ü,,,,,,,,,,,,,,ต้นกล้า,,,,,,,,,,
210,16/1/2025,LUGUN Ratfa,,ü,,,ü,ตรี,บริหารธุรกิจ,การจัดการ,ปวส.,,,,,,,ต้นกล้า,,,,,,,,,,
211,16/1/2025,อัญศิริ พร้อมกัญ,,ü,,,,,,,,,,,,,,ต้นกล้า,,,,,,,,,,
212,16/1/2025,Taver Melver,,ü,,,,,,,,,,,,,,ต้นกล้า,,,,,,,,,,
213,16/1/2025,Anwan Yadar,,ü,,,,,,,,,,,,,,ต้นกล้า,,,,,,,,,,
214,16/1/2025,อัญณัฐ เพ็ญเพ็ญ,,ü,,,,,,,,,,,,,,ต้นกล้า,,,,,,,,,,
215,16/1/2025,Rale Ulri,,ü,,,,,,,,,,,,,,ต้นกล้า,,,,,,,,,,
216,16/1/2025,Wantor Nuul,,ü,,,,,,,,,,,,,,ต้นกล้า,,,,,,,,,,
217,16/1/2025,Nogun Lurat,,ü,,,ü,ตรี,บริหารธุรกิจ,การจัดการ,ปวช.,ü,,,,,,ต้นกล้า,,,,,,,,,,
218,16/1/2025,Sarat Zenlu,,ü,,,,,,,,,,,,,,ต้นกล้า,,,,,,,,,,
219,16/1/2025,Wanhel-helqua Verya,,ü,,,ü,ตรี,บริหารธุรกิจ,การจัดการโลจิสติกส์,ม.6,,,,,,,ต้นกล้า,,,,,,,,,,
220,16/1/2025,Lelu Ponrat,,ü,,,,,,,,,,,,,,ต้นกล้า,,,,,,,,,,
221,16/1/2025,Lesir Ratdee,,ü,,,ü,ตรี,บริหารธุรกิจ,การจัดการ,ม.6,,,,,,,ต้นกล้า,,,,,,,,,,
222,16/1/2025,Pimver Zentip,,ü,,,ü,โท,บริหารธุรกิจ,,,,,,,,,ต้นกล้า,,,,,,,,,,
223,16/1/2025,Yape Luqua,,ü,,,ü,เอก,รัฐศาสตร์,รัฐประศาสนศาสตร์,ป.โท,,,0991223683,25/02/2025,10.00,จบ ปวส. ถามเรื่องเทียบโอน,ต้นกล้า,ขอให้ติดต่อใหม่ช่วงเย็น,13/2/2025 โทรใหม่หลังเลิกงาน,,,,,,,,
224,16/1/2025,Verwan Kitwan,,ü,,,ü,ตรี,รัฐศาสตร์,รัฐประศาสนศาสตร์,ม.6,ü,,0833239525,ไม่สมัคร,08.00,เคยสมัครไว้ปีที่แล้ว,ปุ้ย,31/1/2025 ขอคิดดูก่อน,ปุ้ยโทร 14/03/2025 ขอดูค่าใช้จ่ายก่อน,ปุ้ยโทร 17/03/2025 ไม่รับสาย,พี่ต่ายโทร 18/03/2025 ไม่รับสาย,ปุ้ยโทร 26/03/2025 ไม่ได้รับสาย,ต้นโทร 27/3/2025 16.49 น. ขอคิดดูก่อน,ปุ้้ยโทร 30/03/2025 ได้ที่เรียนแล้ว,,,
225,16/1/2025,Faka Sonpon,,ü,,,ü,โท,รัฐศาสตร์,รัฐประศาสนศาสตร์,,,,,,,,ปุ้ย,,,,,,,,,,
226,16/1/2025,Lusa Torson Ponle,,ü,,,,,,,,,,,,,,ต้นกล้า,,,,,,,,,,
227,16/1/2025,Zenix Kitzen,,ü,,,ü,ตรี,บริหารธุรกิจ,การจัดการ,กศน.เทียบเท่า ม.6,ü,,0695087109,ไม่ต้องโทร,17.30,,ปุ้ย,18/1/2025 ไม่ได้รับสาย,ปุ้ยโทร 14/03/2025 ไม่รับสาย,ปุ้ยโทร 17/03/2025 ไม่รับสาย,พี่ต่ายโทร 18/03/2025 ปิดเครื่อง,ปุ้ยโทร 26/03/2025 ไม่ได้รับสาย,ปุ้้ยโทร 27/03/2025 ไม่ได้รับสาย,ปุ้ยโทร 30/03/2025 ปิดเครื่อง,,,
228,16/01/2025,รุ่งจันทร์ สุขรัก,,ü,,,,,,,,,,,,,,,,,,,,,,,,
229,16/01/2025,Versir Ponjo,,ü,,,,,,,,,,,,,,,,,,,,,,,,
230,16/01/2025,Pevin Vinta,,ü,,,,,,,,,,,,,,,,,,,,,,,,
231,16/01/2025,Zentor Tawan,,ü,,,,,,,,,,,,,,,,,,,,,,,,
232,16/01/2025,Nagun Tiprat,,ü,,,ü,ตรี,รัฐศาสตร์,รัฐประศาสนศาสตร์,ม.6,,,,,,,,,,,,,,,,,
233,16/01/2025,jope,,ü,,,,,,,,,,,,,,,,,,,,,,,,
234,16/01/2025,Tahel Anfa Lever,,ü,,,,,,,,,,,,,,,,,,,,,,,,
235,16/01/2025,Nawy Lujo,,ü,,,,,,,,,,,,,,,,,,,,,,,,
236,17/1/2025,Tipna Tarat,,,ü,,,ตรี,สาธารณสุขศาสตร์,สาธารณสุขศาสตร์,ม.6,,,0667792543,ไม่สมัคร,16.00,,ต้นกล้า,ยังไม่ตัดสินใจ,ปุ้ยโทร 14/03/2025 ยังไม่ตัดสินใจ,,,,,,,,
237,17/1/2025,บุญชัย กุลนุช วิไลปั้น,,,ü,,,ตรี,,,,,,,,,จบ ปวส. ถามเรื่องเทียบโอน,ต้นกล้า,,,,,,,,,,
238,17/1/2025,Saqua Luya,,ü,,,ü,ตรี,บริหารธุรกิจ,การจัดการ,ม.6,,,,,,,ต้นกล้า,,,,,,,,,,
239,17/1/2025,Jori Omno,,ü,,,ü,ตรี,บริหารธุรกิจ,การจัดการ,,,,,,,,ต้นกล้า,,,,,,,,,,
240,17/1/2025,Helvin Versa,,ü,,,ü,ตรี,บริหารธุรกิจ,การจัดการ,ม.6,,ü,,,,อายุ 32 ทำงานแล้ว,ต้นกล้า,,,,,,,,,,
241,17/1/2025,Anpim Botor,,ü,,,ü,ตรี,รัฐศาสตร์,รัฐประศาสนศาสตร์,ปวช.,,ü,0823314854,,16.00,,ต้นกล้า,สนใจสมัคร ขอเวลาตัดสินใจ,24/1/2025 ไม่ได้รับสาย,27/1/2025 ขอปรึกษาครอบครัวก่อน,ปุ้ยโทร 18/03/2025 ขอปรึกษาครอบครัวก่อน,ต้นโทร 22/3/2025 สนใจสมัคร รอเงินเดือนออก,,,,,
242,17/1/2025,Torpon Kawy,,ü,,,,,,,,,,,,,,ต้นกล้า,,,,,,,,,,
243,17/1/2025,Ulvin Wylu,,ü,,,,,,,,,,,,,,ต้นกล้า,,,,,,,,,,
244,17/1/2025,Ombo Tipgun,,ü,,,ü,ตรี,รัฐศาสตร์,รัฐประศาสนศาสตร์,ม.6,,,,,,,ต้นกล้า,,,,,,,,,,
245,17/1/2025,Jofa Nosa,,ü,,,ü,ตรี,บริหารธุรกิจ,การจัดการ,ปริญญาตรี,,,,,,,ต้นกล้า,,,,,,,,,,
246,17/1/2025,ภูมิฤดี ภูมิจันทร์.,,ü,,,ü,ตรี,รัฐศาสตร์,รัฐประศาสนศาสตร์,กศน.เทียบเท่า ม.6,ü,,0813991700,ไม่่สมัคร,,นัดชำระ 500 บาท,ต้นกล้า,18/1/2025 โทรใหม่หลังเลิกงาน,27/1/2025 ขอปรึกษาครอบครัวก่อน,,,,,,,,
247,17/1/2025,Omver Lejo,,ü,,,,,,,,,,,,,,ต้นกล้า,,,,,,,,,,
248,17/1/2025,ชัยพิม ภูมิต้น,,ü,,,,,,,,,,,,,,ต้นกล้า,,,,,,,,,,
249,17/1/2025,Tipta Zenpon Wyan,,ü,,,ü,ตรี,บริหารธุรกิจ,การจัดการ,ม.6,,ü,0624924871,05/04/2025,17.30,,ต้นกล้า,โทรใหม่หลังเลิกงาน,27/1/2025 โทรใหม่หลังเลิกงาน,6/2/2025 ขอคิดดูก่อน,ปุ้ยโทร 26/03/2025 ขอดูค่าใช้จ่ายก่อน,,,,,,
250,17/1/2025,ณัฐขวัญ พร้อมฟ้า,,ü,,,,,,,,,,,,,,ต้นกล้า,,,,,,,,,,
251,17/1/2025,Sadee Omom,,ü,,,,,,,,,,,,,,ต้นกล้า,,,,,,,,,,
252,17/1/2025,Richai Tajo,,ü,,,ü,ตรี,บริหารธุรกิจ,การจัดการ,ม.6,,,,,,,ต้นกล้า,,,,,,,,,,
253,17/1/2025,ดีภัทร นิ่มอุ่น,,ü,,,ü,ตรี,บริหารธุรกิจ,การจัดการ,กศน.เทียบเท่า ม.6,,ü,0998372536,10/1/2026,,ถามว่าต้องมาสอบที่มหาวิทยาลัยไหม,ต้นกล้า,ขอดูค่าใช้จ่ายก่อน,,,,,,,,,
254,17/1/2025,Vinver Zenver,,ü,,,,,,,,,,,,,,ต้นกล้า,,,,,,,,,,
255,17/1/2025,Tiptor Ulix Chaivin,,ü,,,ü,ตรี,บริหารธุรกิจ,การจัดการ,,,,,,,,ปุ้้ย,,,,,,,,,,
256,17/1/2025,ปิ่นเพ็ญ ปั้นบุญ.,,ü,,,ü,ตรี,บริหารธุรกิจ,การจัดการ,ปวส.,,,,,,,ปุ้้ย,,,,,,,,,,
257,17/1/2025,ปรีดานิ่ม ขวัญพร้อม วันรัก,,ü,,,ü,ตรี,รัฐศาสตร์,รัฐประศาสนศาสตร์,กศน.เทียบเท่า ม.6,,,,,,,ปุ้้ย,,,,,,,,,,
258,17/1/2025,Luan Kasir,,ü,,,,,,,,,,,,,,ปุ้้ย,,,,,,,,,,
259,17/1/2025,จิตขวัญ อัญวัน,,ü,,,,,,,,,,,,,,ปุ้้ย,,,,,,,,,,
260,17/1/2025,Torpim Sirwan,,ü,,,ü,โท,,,,,,,,,,ปุ้้ย,,,,,,,,,,
261,17/1/2025,ภู่ชัย น้ำธัญ,,ü,,,,,,,,,,,,,,ปุ้้ย,,,,,,,,,,
262,17/1/2025,Ponlu Kitwy,,ü,,,ü,ตรี,บริหารธุรกิจ,การจัดการโลจิสติกส์,ปวส.,,,,,,,ปุ้้ย,,,,,,,,,,
263,17/1/2025,Kator Pemel,,ü,,,ü,ตรี,บริหารธุรกิจ,การจัดการ,ปวส.,ü,,0647079297,ปี2026,,แอดไลน์กลับมาเรียบร้อยแล้ว,ปุ้ย,18/1/2025 ยังไม่ตัดสินใจ,21/1/2025 สนใจเรียนภาคทางไกล,,,,,,,,
264,17/1/2025,Zenna Wyson,,ü,,,ü,ตรี,รัฐศาสตร์,รัฐประศาสนศาสตร์,ปวช.,ü,,,,,,ปุ้้ย,,,,,,,,,,
265,17/1/2025,ใบ้ภู่ 'ปั้นดี ,,ü,,,ü,ตรี,รัฐศาสตร์,รัฐประศาสนศาสตร์,กศน.เทียบเท่า ม.6,,,,,,,ปุ้้ย,,,,,,,,,,
266,17/1/2025,Lunu Quagun Bodar,,ü,,,,,,,,,,,,,,ปุ้้ย,,,,,,,,,,
267,17/1/2025,Fahel Tiplu,,ü,,,ü,ตรี,บริหารธุรกิจ,การจัดการ,ปวส.,ü,,,,,,ปุ้้ย,,,,,,,,,,
268,17/1/2025,Pimka Ponra,,ü,,,ü,ตรี,บริหารธุรกิจ,การจัดการ,ปวส.,,ü,,,,,ปุ้้ย,,,,,,,,,,
269,17/1/2025,มั่นสุข มั่นเพ็ญ.,,ü,,,ü,ตรี,บริหารธุรกิจ,การจัดการ,ปวส.,,ü,0873956234,ไม่สมัคร,15.00,,ปุ้้ย,20/1/2025 ไม่ได้รับสาย,ขอปรึกษาครอบครัวก่อน,,,,,,,,
270,18/1/2025,Wyri Nusa,,ü,,,ü,ตรี,บริหารธุรกิจ,การจัดการ,ม.6,,,,,,,ต้นกล้า,,,,,,,,,,
271,18/1/2025,Helwan Kachai,,ü,,,ü,ตรี,บริหารธุรกิจ,การจัดการ,ม.6,,,,,,,ต้นกล้า,,,,,,,,,,
272,18/1/2025,Nochai Kaka,,ü,,,ü,โท,บริหารธุรกิจ,,,,,,,,,ต้นกล้า,,,,,,,,,,
273,18/1/2025,Kitri Quatip,,ü,,,ü,ตรี,บริหารธุรกิจ,การจัดการ,ปวช.,,,,,,,ต้นกล้า,,,,,,,,,,
274,18/1/2025,Boson Ixle,,ü,,,ü,ตรี,,,,,,,,,ส่งวุฒิมาให้ดูเทียบโอนหน่วยกิต,ต้นกล้า,,,,,,,,,,
275,18/1/2025,มั่นเพ็ญ.วิไลพิม.อัญทิพ พร้อมพร้อม,,ü,,,,,,,,,,,,,,ต้นกล้า,,,,,,,,,,
276,18/1/2025,Luna Ponmon,,ü,,,,,,,,,,,,,,ต้นกล้า,,,,,,,,,,
277,18/1/2025,ปรีดาปรีดา ภู่ยิ่ง,,ü,,,,,,,,,,,,,,ต้นกล้า,,,,,,,,,,
278,18/1/2025,Chaira Gunom,,ü,,,,,,,,,,,,,,ต้นกล้า,,,,,,,,,,
279,18/1/2025,Chaika Ultip,,ü,,,,,,,,,,,,,,ต้นกล้า,,,,,,,,,,
280,18/1/2025,ภูมิบุญ ชื่นพิม ต้นฤดี,,ü,,,,,,,,,,,,,,ต้นกล้า,,,,,,,,,,
281,18/1/2025,ต้นยิ่ง เพ็ญธัญ,,ü,,,,,,,,,,,,,,ต้นกล้า,,,,,,,,,,
282,18/1/2025,Zenwy Fapon,,ü,,,,,,,,,,,,,,ต้นกล้า,,,,,,,,,,
283,18/1/2025,Torri Heltip,,ü,,,,,,,,,,,,,,ต้นกล้า,,,,,,,,,,
284,18/1/2025,ธิดากัญ อัญธัญ,,ü,,,ü,ตรี,บริหารธุรกิจ,การจัดการโลจิสติกส์,ปวส.,ü,,0985178631,ไม่สมัคร,16.00,นัดชำระ 500 บาท,ต้นกล้า,ปุ้ยโทร 26/03/2025 ได้ที่เรียนแล้ว,,,,,,,,,
285,18/1/2025,Yarat Nona,,ü,,,ü,ตรี,รัฐศาสตร์,รัฐประศาสนศาสตร์,ม.6,,,,,,,ต้นกล้า,,,,,,,,,,
286,18/1/2025,PEUL RAQUA,,ü,,,,,,,,,,,,,,ต้นกล้า,,,,,,,,,,
287,18/1/2025,Meltip Nujo,,ü,,,,,,,,,,,,,,ต้นกล้า,,,,,,,,,,
288,18/1/2025,Nuver Sonul,,ü,,,ü,ตรี,รัฐศาสตร์,รัฐประศาสนศาสตร์,ม.6,,,,,,,ต้นกล้า,,,,,,,,,,
289,18/1/2025,Nohel Andar,,ü,,,,,,,,,,,,,,ต้นกล้า,,,,,,,,,,
290,18/1/2025,Lele Noya,,ü,,,ü,โท,บริหารธุรกิจ,,,,,0997135031,ไม่สมัคร,12.00,,ต้นกล้า,21/1/2025 ขอดูค่าใช้จ่ายก่อน,ปุ้ยโทร 14/03/2025 ยังไม่ตัดสินใจ,ปุ้ยโทร 17/03/2025 สนใจเรียนภาคทางไกล,,,,,,,
291,18/1/2025,Wanjo Sawy,,ü,,,,,,,,,,,,,,ปุ้้้ย,,,,,,,,,,
292,18/1/2025,Taver Melver,,ü,,,,,,,,,,,,,,ปุ้้้ย,,,,,,,,,,
293,18/1/2025,Vinka Wyrat,,ü,,,,,,,,,,,,,,ปุ้้้ย,,,,,,,,,,
294,18/1/2025,Sonix Pean,,ü,,,,,,,,,,,,,,ปุ้้้ย,,,,,,,,,,
295,18/1/2025,Bobo Wymon Lurat Kape ,,ü,,,ü,โท,รัฐศาสตร์,รัฐประศาสนศาสตร์,ป.ตรี,ü,,,,,,ปุ้้้ย,,,,,,,,,,
296,18/1/2025,Rator Najo,,ü,,,ü,ตรี,บริหารธุรกิจ,การจัดการ,ปวช.,,,,,,,ต้นกล้า,,,,,,,,,,
297,18/1/2025,เพ็ญชัย จิตบุญ,,ü,,,ü,ตรี,บริหารธุรกิจ,การจัดการโลจิสติกส์,ปวช.,,,,,,,ต้นกล้า,,,,,,,,,,
298,18/1/2025,Jobo Jobo Kitqua,,ü,,,,,,,,,,,,,,ต้นกล้า,,,,,,,,,,
299,18/1/2025,Ratwy Deefa,,ü,,,ü,ตรี,รัฐศาสตร์,รัฐประศาสนศาสตร์,ม.6,,,,,,,ต้นกล้า,,,,,,,,,,
300,18/1/2025,Kitkit Lubo,,ü,,,ü,ตรี,รัฐศาสตร์,รัฐประศาสนศาสตร์,กศน.เทียบเท่า ม.6,,,,,,,ต้นกล้า,,,,,,,,,,
301,18/1/2025,PERI,ü,,,,ü,ตรี,บริหารธุรกิจ,การจัดการ,ปวส.,ü,,0901469356,ไม่สมัคร,17.30,อยากเรียนเฉพาะเสาร์อาทิตย์,ต้นกล้า,21/1/2026 ขอปรึกษาครอบครัวก่อน,31/1/2025 ขอปรึกษาครอบครัวก่อน,6/2/2025 ขอปรึกษาครอบครัวก่อน,8/2/2025 ไม่รับสาย,ปุ้้ยโทร 24/03/2025 สนใจสมัคร รอเงินเดือนออก,ปุ้้ยโทร 27/03/2025 สมัครเรียบร้อย รอส่งเอกสาร,,,,
302,18/1/2025,Darjo Tipbo,,ü,,,ü,ตรี,บริหารธุรกิจ,การจัดการโลจิสติกส์,ปวส.,,,,,,,ต้นกล้า,,,,,,,,,,
303,19/1/2025,Sapim Darlu,,ü,,,,,,,,,,,,,,ต้นกล้า,,,,,,,,,,
304,19/1/2025,Kitpe Wyjo,,ü,,,ü,ตรี,บริหารธุรกิจ,การจัดการ,กศน.เทียบเท่า ม.6,,,,,,,ต้นกล้า,,,,,,,,,,
305,19/1/2025,Nuwan Nari,,ü,,,ü,ตรี,บริหารธุรกิจ,การจัดการ,ม.6,,,,,,,ต้นกล้า,,,,,,,,,,
306,19/1/2025,ฟ้าจิต มั่นยิ่ง,,ü,,,ü,ตรี,บริหารธุรกิจ,การจัดการ,ปริญญาตรี,,,,,,,ต้นกล้า,,,,,,,,,,
307,19/1/2025,กัญแก้ว ทิพจิต,,ü,,,ü,ตรี,บริหารธุรกิจ,การจัดการ,ม.6,,,,,,,ต้นกล้า,,,,,,,,,,
308,19/1/2025,Chaijo Rari,,ü,,,,,,,,,,,,,,ต้นกล้า,,,,,,,,,,
309,19/1/2025,ปิ่นจิต ปรีดาดี,,ü,,,ü,ตรี,รัฐศาสตร์,รัฐประศาสนศาสตร์,ปวส.,,,0622298364,ไม่ต้องโทร.,ไม่ต้องโทร.,นัดชำระ 500 บาท,ต้นกล้า,16/02/2025 ขอปรึกษาครอบครัวก่อน,,,,,,,,,
310,19/1/2025,Verson Verdee,,ü,,,ü,ตรี,บริหารธุรกิจ,การจัดการ,ปวส.,,,,,,,ต้นกล้า,,,,,,,,,,
311,19/1/2025,GUNLU Yaom Luzen,,ü,,,,,,,,,,,,,,ต้นกล้า,,,,,,,,,,
312,19/1/2025,เพ็ญวัน ปิ่นปั้น,,ü,,,,,,,,,,,,,,ต้นกล้า,,,,,,,,,,
313,19/1/2025,กัญนิ่ม สินทิพ ทิพทิพ ภู่น้ำ,,ü,,,,,,,กศน.เทียบเท่า ม.6,,,,,,,ต้นกล้า,,,,,,,,,,
314,19/1/2025,Sonta Torrat,,ü,,,,,,,,,,,,,,ต้นกล้า,,,,,,,,,,
315,19/1/2025,Tipson Helix,,ü,,,,,,,,,,,,,,ต้นกล้า,,,,,,,,,,
316,19/1/2025,Gunson Riya,,ü,,,,,,,,,,,,,,ต้นกล้า,,,,,,,,,,
317,19/1/2025,Chaisir Anlu,,ü,,,,,,,,,,,,,,ต้นกล้า,,,,,,,,,,
318,19/1/2025,Fajo Vintor,,ü,,,ü,,,,,,,,,,,ต้นกล้า,,,,,,,,,,
320,19/1/2025,Omvin Yavin,,ü,,,,,,,,,,,,,,ต้นกล้า,,,,,,,,,,
321,19/1/2025,Wanra Zenra,,ü,,,ü,ตรี,รัฐศาสตร์,รัฐประศาสนศาสตร์,ปวช.,,,,,,,ต้นกล้า,,,,,,,,,,
322,19/1/2025,Gunrat Peno,,ü,,,,,,,,,,,,,,ต้นกล้า,,,,,,,,,,
323,19/1/2025,ธิดากัญ ขวัญดี,,ü,,,ü,ตรี,รัฐศาสตร์,รัฐประศาสนศาสตร์,ม.6,,,,,,,ต้นกล้า,,,,,,,,,,
324,19/1/2025,จิตกัญ รุ่งวิไล,,ü,,,,,,,,,,,,,,ต้นกล้า,,,,,,,,,,
325,19/1/2025,สินเพ็ญ ภู่มั่น,,ü,,,,,,,,,,,,,,ต้นกล้า,,,,,,,,,,
326,19/1/2025,Anul Sasir,,ü,,,,,,,,,,,,,,ต้นกล้า,,,,,,,,,,
327,19/1/2025,Ulan Helzen,,ü,,,,,,,,,,,,,,ต้นกล้า,,,,,,,,,,
328,19/1/2025,Monfa Deequa Raom,,ü,,,,,,,,,,,,,,ต้นกล้า,,,,,,,,,,
329,19/1/2025,Sirya Tipqua,,ü,,,,,,,,,,,,,,ต้นกล้า,,,,,,,,,,
330,19/1/2025,Leson Tabo,,ü,,,,,,,,,,,,,อายุ 32 ทำงานแล้ว,ต้นกล้า,,,,,,,,,,
331,19/1/2025,Pimwan Deejo,,ü,,,ü,ตรี,รัฐศาสตร์,รัฐประศาสนศาสตร์,ปวส.,,,,,,,ต้นกล้า,,,,,,,,,,
332,19/1/2025,Chaisir Rason,,ü,,,ü,ตรี,บริหารธุรกิจ,การจัดการ,ปวส.,,,,,,,ต้นกล้า,,,,,,,,,,
333,19/1/2025,Nadee Pimwan,,ü,,,ü,ตรี,บริหารธุรกิจ,การจัดการโลจิสติกส์,กศน.เทียบเท่า ม.6,,,,,,,ต้นกล้า,,,,,,,,,,
334,19/1/2025,Riwan Wanlu,,ü,,,ü,ตรี,บริหารธุรกิจ,การจัดการ,ปวส.,ü,,0915934500,ไม่สมัคร,,,ต้นกล้า,21/1/2025 ขอดูค่าใช้จ่ายก่อน,27/1/2025 ขอดูค่าใช้จ่ายก่อน,,,,,,,,
335,19/1/2025,รุ่งจันทร์ สุขรัก,,ü,,,,,,,,,,,,,,ปุ้ย,,,,,,,,,,
336,19/1/2025,Melpim Montip,,ü,ü,,,ตรี,บริหารธุรกิจ,การตลาด,ม.6,ü,,,,,ขอเอกสารหลักสูตรทางไลน์,ปุ้ย,,,,,,,,,,
337,19/1/2025,ปิ่นวัน จิตวัน,,ü,,,ü,ตรี,บริหารธุรกิจ,การจัดการ,ปวส.,ü,,,,,,ปุ้ย,,,,,,,,,,
338,19/1/2025,Zenjo Sirix,,ü,,,ü,ตรี,,,,,,,,,,ปุ้ย,,,,,,,,,,
339,19/1/2025,ดีจันทร์ นิ่มมั่น ปั้นเดือน,,ü,,,,,,,,,,,,,,ปุ้ย,,,,,,,,,,
340,19/1/2025,Jochai Tadee,,ü,,,ü,ตรี,บริหารธุรกิจ,การจัดการ,ม.6,ü,,0646408667,สมัครแล้ว,11.00,เคยสมัครไว้ปีที่แล้ว,ปุ้ย,22/1/2025 ขอดูค่าใช้จ่ายก่อน,27/1/2025 ขอคิดดูก่อน,,,,,,,,
341,19/1/2025,Meltip Nujo,,ü,,,ü,ตรี,บริหารธุรกิจ,การจัดการ,ม.6,,,,,,,ปุ้ย,,,,,,,,,,
342,19/1/2025,Pechai SIRKIT,,ü,,,,,,,,,,,,,,ต้นกล้า,,,,,,,,,,
343,19/1/2025,กิ่งภัทร ณัฐปรีดา,,ü,,,ü,ตรี,บริหารธุรกิจ,การจัดการ,กศน.เทียบเท่า ม.6,ü,ü,0981426764,ไม่สมัคร,12.00-13.00,แอดไลน์กลับมาเรียบร้อยแล้ว,ต้นกล้า,22/1/2025 ขอปรึกษาครอบครัวก่อน,27/1/2025 ได้ที่เรียนแล้ว,,,,,,,,
344,20/1/2025,นุชวัน สินมณี,,ü,,,,,,,,,,,,,,ต้นกล้า,,,,,,,,,,
345,20/1/2025,Rara Tipchai,,ü,,,ü,ตรี,บริหารธุรกิจ,การจัดการ,ม.6,ü,,0621848736,ไม่สมััคร,17.00,,ต้นกล้า,27/1/2025 ได้ที่เรียนแล้ว,ปุ้ยโทร 24/03/2025 สนใจสมัคร ขอเวลาตัดสินใจ,,,,,,,,
346,20/1/2025,ฤดีปั้น 'กัญกิ่ง,,ü,,,ü,ตรี,บริหารธุรกิจ,การจัดการ,ปวช.,,,,,,,ต้นกล้า,,,,,,,,,,
347,20/1/2025,Omna Yazen,,ü,,,,,,,,,,,,,,ต้นกล้า,,,,,,,,,,
348,20/1/2025,Darsa Perat-Peya,,ü,,,ü,ตรี,บริหารธุรกิจ,การจัดการ,ปวส.,,,,,,,ต้นกล้า,,,,,,,,,,
349,20/1/2025,Deena Ratna,,ü,,,ü,ตรี,รัฐศาสตร์,รัฐประศาสนศาสตร์,,,,,,,,ต้นกล้า,,,,,,,,,,
350,20/1/2025,Zentor Tawan,,ü,,,,,,,,,,,,,,ต้นกล้า,,,,,,,,,,
351,20/1/2025,อุ่นธิดา ต้นนุช,,ü,,,,,,,,,,,,,,ต้นกล้า,,,,,,,,,,
352,20/1/2025,Monmel Darri,,ü,,,ü,ตรี,รัฐศาสตร์,รัฐประศาสนศาสตร์,กศน.เทียบเท่า ม.6,,,,,,,ต้นกล้า,,,,,,,,,,
353,20/1/2025,Tipix Anra,,ü,,,,,,,,,,,,,,ต้นกล้า,,,,,,,,,,
319,19/1/2025,Lukit Rino,,ü,,,ü,ตรี,บริหารธุรกิจ,การจัดการ,ม.6,,ü,0673610556,ไม่สมัคร,19.30,,ต้นกล้า,21/1/2025 ยังไม่ตัดสินใจ,27/1/2025 ขอดูค่าใช้จ่ายก่อน,ปุ้ยโทร 14/03/2025 ขอปรึกษาครอบครัวก่อน,ต้นโทร 15/3/2025 13.04 น. ยังไม่ตัดสินใจ,ปุ้ยโทร 15/03/2025 ขอดูค่าใช้จ่ายก่อน,ปุ้ยโทร 23/03/2025 สมัครเรียบร้อย รอส่งเอกสาร,,,,
354,20/1/2025,Wyka Jota,,ü,,,ü,ตรี,บริหารธุรกิจ,การจัดการโลจิสติกส์,กศน.เทียบเท่า ม.6,ü,,0907665561,ไม่ต้องโทร,19.30,,ต้นกล้า,ยังไม่ตัดสินใจ,27/1/2025 ไม่รับสาย,ปุ้ยโทร 14/03/2025 ขอดูค่าใช้จ่ายก่อน,ปุ้ยโทร 15/03/2025 ปิดเครื่อง,ปุ้ยโทร 22/03/2025 ปิดเครื่อง,ปุ้้ยโทร 24/03/2025 ไม่รับสาย,,,,
355,20/1/2025,เพ็ญอัญ' นิ่มทิพ,,ü,,,,,,,,,,,,,,ต้นกล้า,,,,,,,,,,
356,20/1/2025,วันดี บุญกุล,,ü,,,,,,,,,,,,,,ต้นกล้า,,,,,,,,,,
357,20/1/2025,ANGUN RIIX,,ü,,,ü,ตรี,บริหารธุรกิจ,การจัดการ,ม.6,,,0612424329,ไม่สมัคร,15.00-17.00,,ต้นกล้า,21/1/2025 ขอคิดดูก่อน,27/1/2025 ไม่รับสาย,ปุ้ยโทร 13/03/2025 ขอดูค่าใช้จ่ายก่อน,ต้นโทร 18/3/2025 15.24 น. ขอดูค่าใช้จ่ายก่อน,ต้นโทร 22/3/2025 ไม่ได้รับสาย,ต้นโทร 24/3/2025 14.42 น. ไม่ได้รับสาย,,,,
358,20/1/2025,Kaom Ulka,,,,,ü,ตรี,บริหารธุรกิจ,การจัดการ,ม.6,ü,,0986220760,ไม่สมััคร,15.00,,ต้นกล้า,21/1/2025 ยังไม่ตัดสินใจ,27/1/2025 ขอดูค่าใช้จ่ายก่อน,,,,,,,,
359,20/1/2025,Wanya Bover,,ü,,,ü,ตรี,บริหารธุรกิจ,การจัดการ,ม.6,,,,,,,ต้นกล้า,,,,,,,,,,
360,21/1/2025,Kana Yagun,,ü,,,ü,ตรี,บริหารธุรกิจ,การจัดการ,ม.6,,,,,,,ต้นกล้า,,,,,,,,,,
361,21/1/2025,Ponvin Raom,,ü,,,,,,,,,,,,,,ต้นกล้า,,,,,,,,,,
362,21/1/2025,Wywy Yawy,,ü,,,,,,,,,,,,,,ต้นกล้า,,,,,,,,,,
363,21/1/2025,Anmel Vinvin,,ü,,,ü,ตรี,รัฐศาสตร์,รัฐประศาสนศาสตร์,ม.6,,,,,,,ต้นกล้า,,,,,,,,,,
364,21/1/2025,ภู่พร้อม ฟ้าอุ่น,,ü,,,,,,,,,,,,,,ต้นกล้า,,,,,,,,,,
365,21/1/2025,Wywy Verri Helmel,,ü,,,,,,,,,,,,,,ต้นกล้า,,,,,,,,,,
366,21/1/2025,Luom Zenpim,,ü,,,,,,,,,,,,,,ต้นกล้า,,,,,,,,,,
367,21/1/2025,Ratwan Ponan,,ü,,,,,,,,,,,,,,ต้นกล้า,,,,,,,,,,
368,21/1/2025,Chaiver Boix,,ü,,,,,,,,,,,,,,ต้นกล้า,,,,,,,,,,
369,21/1/2025,Ratom Pimmel,,ü,,,,,,,,,,,,,,ต้นกล้า,,,,,,,,,,
370,21/1/2025,Rika Kitrat,,ü,,,,,,,,,,,,,,ต้นกล้า,,,,,,,,,,
371,21/1/2025,Luix Melsa,,ü,,,ü,โท,รัฐศาสตร์,รัฐประศาสนศาสตร์,,,,,,,,ต้นกล้า,,,,,,,,,,
372,21/1/2025,Quaul Gunchai-anya,,ü,,,ü,ตรี,บริหารธุรกิจ,การจัดการ,ปวส.,,,,,,,ต้นกล้า,,,,,,,,,,
373,21/1/2025,Kagun Yapim,,ü,,,ü,ตรี,รัฐศาสตร์,รัฐประศาสนศาสตร์,ม.6,,,,,,,ต้นกล้า,,,,,,,,,,
374,21/1/2025,Sirchai Talu,,ü,,,ü,ตรี,บริหารธุรกิจ,การจัดการโลจิสติกส์,ปวส.,,,,,,,ต้นกล้า,,,,,,,,,,
375,21/1/2025,Ulrat Peix,,ü,,,,,,,,,,,,,,ต้นกล้า,,,,,,,,,,
376,21/1/2025,Nasa Nasa,,ü,,,ü,ตรี,บริหารธุรกิจ,การจัดการ,ม.6,ü,,0628608267,ไม่สมัคร,13.00,,ต้นกล้า,22/1/2025 ขอดูค่าใช้จ่ายก่อน,27/1/2025 ขอดูค่าใช้จ่ายก่อน,,,,,,,,
377,21/1/2025,กุลอัญ ภูมิธิดา,,ü,,,ü,ตรี,รัฐศาสตร์,รัฐประศาสนศาสตร์,ม.6,,,0682017413,ไม่่สมัคร,,ช่่วงเย็นสะดวกคุย,ต้นกล้า,16/2/2025 ยังไม่ตัดสินใจ,ต้นโทร 16/3/2025 12.08 น. สนใจสมัคร ขอเวลาตัดสินใจ,ปุ้้ยโทร 22/03/2025 สนใจสมัคร ขอเวลาตัดสินใจ,,,,,,,
378,21/1/2025,Nadee Taom,,ü,,,,,,,,,,,,,,ต้นกล้า,,,,,,,,,,
379,21/1/2025,Sirver Ponpon,,ü,,,ü,ตรี,บริหารธุรกิจ,การจัดการ,ปวส.,,,,,,,ต้นกล้า,,,,,,,,,,
380,21/1/2025,Deetip Helan,,ü,,,ü,ตรี,บริหารธุรกิจ,การจัดการ,ม.6,,,,,,,ต้นกล้า,,,,,,,,,,
381,21/1/2025,Ponzen Fator,,ü,,,,,,,,,,,,,,ต้นกล้า,,,,,,,,,,
382,22/1/2025,Ratix Tipra,ü,,,,ü,ตรี,บริหารธุรกิจ,การจัดการ,ม.6,ü,,0627815207,ไม่ต้้องโทร,13.00,รอปรึกษาที่บ้านก่อน,ต้นกล้า,27/1/2025 ยังไม่ตัดสินใจ,ปุ้ยโทร 14/03/2025 ขอปรึกษาครอบครัวก่อน,ต้นโทร 15/3/2025 13.23 น. สนใจเรียนภาคทางไกล,ต้นโทร 18/3/2025 13.17 น. ยังไม่ตัดสินใจ,ต้นโทร 22/3/2025 ไม่ได้รับสาย,ปุ้ยโทร 23/03/2025 ไม่รับสาย,,,,
383,22/1/2025,,ü,,,,ü,ตรี,บริหารธุรกิจ,การจัดการ,ม.6,,ü,0648237676,ไม่ต้้องโทร,17.00,สะดวกคุยทางไลน์มากกว่า,ต้นกล้า,22/1/2025 สนใจสมัคร ขอเวลาตัดสินใจ,27/1/2025 ขอปรึกษาครอบครัวก่อน,8/2/2025 ขอคิดดูก่อน,ปุ้ยโทร 29/03/2025 ยังไม่ตัดสินใจ,,,,,,
384,22/1/2025,นิ่มจันทร์ น้ำพร้อม,,ü,,,ü,ตรี,บริหารธุรกิจ,การจัดการ,ปวส.,,,,,,,ต้นกล้า,,,,,,,,,,
385,22/1/2025,Ratpe Monver,,ü,,,,,,,,,,,,,ขอเวลาตัดสินใจ,ต้นกล้า,,,,,,,,,,
386,22/1/2025,Ratnu Anix,,ü,,,ü,ตรี,รัฐศาสตร์,รัฐประศาสนศาสตร์,ม.6,,,,,,,ต้นกล้า,,,,,,,,,,
387,22/1/2025,Verpe Boka,,ü,,,ü,โท,,,,,,,,,อายุ 32 ทำงานแล้ว,ต้นกล้า,,,,,,,,,,
388,22/1/2025,Ixan Letip,,ü,,,ü,ตรี,บริหารธุรกิจ,การจัดการ,ม.6,ü,,0628633603,10/01/2026,17.30,,ต้นกล้า,22/1/2025 ขอคิดดูก่อน,6/2/2025 ไม่ได้รับสาย,ปุ้ยโทร 14/03/2025 สนใจสมัคร รอเงินเดือนออก,,,,,,,
389,22/1/2025,Bomel,,ü,,,ü,ตรี,บริหารธุรกิจ,การจัดการ,ปวส.,,ü,0887234052,สมัครแล้ว,18.10,ขอเอกสารหลักสูตรทางไลน์,ต้นกล้า,22/1/2025 ขอปรึกษาครอบครัวก่อน,สนใจเรียนภาคทางไกล,27/1/2025 นัดโทรอีกครั้งสัปดาห์หน้า,,,,,,,
390,22/1/2025,Tipwy RAHEL. Tari,,ü,,,ü,โท,,,,,,,,,มีประกันสังคม ถามเรื่องสิทธิ์,ต้นกล้า,,,,,,,,,,
391,22/1/2025,Nadar Nadar,,ü,,,ü,ตรี,บริหารธุรกิจ,การจัดการ,ปวช.,,,,,,,ต้นกล้า,,,,,,,,,,
392,22/1/2025,ภัทรมณี พร้อมจันทร์,,ü,,,,,,,,,,,,,,ต้นกล้า,,,,,,,,,,
393,22/1/2025,ใบ้ชื่น ดีเพ็ญ,,ü,,,,,,,,,,,,,,ต้นกล้า,,,,,,,,,,
394,22/1/2025,เดือนฟ้า แก้วเพ็ญ,,ü,,,ü,ตรี,นิติศาสตร์,นิติศาสตร์,ม.6,ü,,0951295185,ไม่ต้้องโทร,ช่วงบ่าย,,ต้นกล้า,22/1/2025 ขอดูค่าใช้จ่ายก่อน,27/1/2025 ไม่รับสาย,ต้นโทร 14/3/2025 13.35 น. สนใจเรียนภาคทางไกล,ต้นโทร 18/3/2025 13.15 น. ปิดเครื่อง,ปุ้้ยโทร 22/03/2025 ปิดเครื่อง,ปุ้ยโทร 23/03/2025 ไม่รับสาย,,,,
395,22/1/2025,Torfa Helpon,,ü,,ü,,ตรี,วิศวกรรมศาสตร์,วิศวกรรมโยธา,ปวส.,,,0993475617,ไม่สมัคร,,,ต้นกล้า,16/02/2025 ไม่รับสาย,ปุ้ยโทร 13/03/2025 ยังไม่ตัดสินใจ,,,,,,,,
396,22/1/2025,Sirson Rapon,,ü,,,ü,ตรี,บริหารธุรกิจ,การจัดการ,,,,,,,,ต้นกล้า,,,,,,,,,,
397,22/1/2025,Pejo Sirpon,,ü,,,ü,โท,,,,,,,,,มีประกันสังคม ถามเรื่องสิทธิ์,ต้นกล้า,,,,,,,,,,
398,22/1/2025,Kavin Vinpe,,ü,,,,,,,,,,,,,,ต้นกล้า,,,,,,,,,,
399,22/1/2025,Taka Deeka,,ü,,,ü,ตรี,บริหารธุรกิจ,การจัดการ,ปวช.,,,,,,,ต้นกล้า,,,,,,,,,,
400,22/1/2025,มั่นปรีดา วิไลเดือน,,ü,,,ü,ตรี,รัฐศาสตร์,รัฐประศาสนศาสตร์,กศน.เทียบเท่า ม.6,,ü,0614463082,ไม่ต้องโทร,18.30,ถามว่าต้องมาสอบที่มหาวิทยาลัยไหม,ต้นกล้า,22/1/2025 ขอคิดดูก่อน,ปุ้ยโทร 13/03/2025 ยังไม่ตัดสินใจ,ต้นโทร 18/3/2025 15.27 น. ไม่รับสาย,ต้้นโทร 22/3/2025 ปิดเครื่อง,ปุ้ยโทร 23/03/2025 ไม่รับสาย,ปุ้้ยโทร 24/03/2025 ไม่รับสาย,,,,
401,22/1/2025,Sirvin Chaiom,,ü,,,ü,ตรี,รัฐศาสตร์,รัฐประศาสนศาสตร์,ปวช.,ü,,0912160651,สมัครแล้ว,18.00,ส่งวุฒิมาให้ดูเทียบโอนหน่วยกิต,ต้นกล้า,22/1/2025 สนใจสมัคร รอเงินเดือนออก,,,,,,,,,
402,22/1/2025,Torix Ravin,,ü,,,ü,ตรี,บริหารธุรกิจ,การจัดการ,ม.6,ü,,,,,,ต้นกล้า,,,,,,,,,,
403,22/1/2025,Ixwy Naul,,ü,,,ü,ตรี,บริหารธุรกิจ,การจัดการ,ปวส.,,,,,,,ต้นกล้า,,,,,,,,,,
404,22/1/2025,Taom,ü,,,,ü,ตรี,บริหารธุรกิจ,การจัดการ,ม.6,,,0965184306,ติดตาม,10.00,,ต้นกล้า,27/1/2025 ไม่รับสาย,ต้นโทร 13/3/2025 11.47 น. สนใจเรียนภาคทางไกล,,,,,,,,
405,23/1/2025,Wychai Kitbo,,ü,,,,,,,,,,,,,,ต้นกล้า,,,,,,,,,,
406,23/1/2025,ต้นต้น ภูมิเพ็ญ ภัทรฤดี,,ü,,,ü,ตรี,บริหารธุรกิจ,การจัดการ,ปวส.,,,,,,,ต้นกล้า,,,,,,,,,,
407,23/1/2025,ต้นธิดา รุ่งฟ้า,,ü,,,ü,ตรี,บริหารธุรกิจ,การจัดการโลจิสติกส์,ปริญญาตรี,,,,,,,ต้นกล้า,,,,,,,,,,
408,23/1/2025,Bono Namon,,ü,,,ü,โท,,,,,,,,,,ต้นกล้า,,,,,,,,,,
409,23/1/2025,ทิพบุญ จันทร์พิม ฤดีปิ่น,,ü,,,,,,,,,,,,,,ต้นกล้า,,,,,,,,,,
410,23/1/2025,Darix Jomon,,ü,,,,,,,,,,,,,,ต้นกล้า,,,,,,,,,,
411,23/1/2025,Ratjo Jora,,ü,,,ü,ตรี,บริหารธุรกิจ,การจัดการโลจิสติกส์,,,,0920130881,ไม่สมัคร,,,ต้นกล้า,16/02/2025 ไม่รับสาย,ต้นโทร 13/3/2025 11.51 น. ยังไม่ตัดสินใจ,ปุ้้ยโทร 23/03/2025 สนใจเรียนภาคทางไกล,,,,,,,
412,23/1/2025,Pegun Nuwy,,ü,,,ü,ตรี,รัฐศาสตร์,รัฐประศาสนศาสตร์,ปวส.,ü,,0981133776,ไม่ต้องโทร,ช่่วงเย็น,,ต้นกล้า,27/1/2025 ยังไม่ตัดสินใจ,ต้นโทร 13/3/2025 16.30 น. ไม่รับสาย,ต้้นโทร 16/3/2025 16.59 น. ไม่ได้รับสาย,18/02/2025 ขอปรึกษาครอบครัวก่อน,ปุ้ยโทร 26/03/2025 ไม่ได้รับสาย,ปุ้้ยโทร 27/03/2025 ไม่ได้รับสาย,,,,
413,23/1/2025,Melmon Kitfa,,ü,,,,,,,,,,,,,,ต้นกล้า,,,,,,,,,,
414,23/1/2025,Fapim Vinul,,ü,,,,,,,,,,,,,,ต้นกล้า,,,,,,,,,,
415,23/1/2025,สินกัญ ขวัญชัย,,ü,,,,,,,,,,,,,,ต้นกล้า,,,,,,,,,,
416,23/1/2025,กิ่งต้น นุชพร้อม,,ü,,,,,,,,,,,,,,ต้นกล้า,,,,,,,,,,
417,23/1/2025,Peom Melmel,,ü,,,,,,,,,,,,,,ต้นกล้า,,,,,,,,,,
418,23/1/2025,Kafa Zenchai,,ü,,,ü,ตรี,รัฐศาสตร์,รัฐประศาสนศาสตร์,ม.6,ü,,,,,,ต้นกล้า,,,,,,,,,,
419,23/1/2025,Helfa Quamon,,ü,,,,,,,,,,,,,,ต้นกล้า,,,,,,,,,,
420,23/1/2025,Sirul Ulra Nachai,,ü,,,,,,,,,,,,,,ต้นกล้า,,,,,,,,,,
421,23/1/2025,ชัยต้น ต้นเพ็ญ,,ü,,,ü,ตรี,บริหารธุรกิจ,การจัดการโลจิสติกส์,ม.6,ü,,0631248323,ไม่สมััคร,ช่่วงเย็น,,ต้นกล้า,27/1/2025 ไม่รับสาย,ต้นโทร 13/3/2025 16.34 น. ไม่ได้รับสาย,ต้นโทร 16/3/2025 17.02 น. ปิดเครื่อง,พี่ต่ายโทร 18/03/2025 ยังไม่ตัดสินใจ,,,,,,
422,23/1/2025,Chaichai Bosa,,ü,,,ü,,,,,,,,,,,ต้นกล้า,,,,,,,,,,
423,23/1/2025,Torle Ratlu,,ü,,,,,,,,,,,,,,ต้นกล้า,,,,,,,,,,
424,23/1/2025,Verkit Darya,,ü,,,ü,ตรี,บริหารธุรกิจ,การจัดการ,ม.6,,,0914746088,ไม่่สมัคร,8.00-15.00,,ต้นกล้า,27/1/2025 ยังไม่ตัดสินใจ,ต้นโทร 18/3/2025 12.38 น. สนใจเรียนภาคทางไกล,,,,,,,,
425,23/1/2025,พร้อมสิน ธิดาธัญ,,ü,,,ü,ตรี,บริหารธุรกิจ,การจัดการ,ปวส.,ü,,,,,,ต้นกล้า,,,,,,,,,,
426,23/1/2025,กัญปิ่น รักศิริ,,ü,,,ü,ตรี,รัฐศาสตร์,รัฐประศาสนศาสตร์,ม.6,ü,,,,,,ต้นกล้า,,,,,,,,,,
427,23/1/2025,Quaver Torka,,ü,,,,,,,,,,,,,,ต้นกล้า,,,,,,,,,,
428,23/1/2025,กิ่งณัฐ สุขสุข,,ü,,,,,,,,,,,,,,ต้นกล้า,,,,,,,,,,
429,23/1/2025,Risir Ponkit,,ü,,,ü,ตรี,บริหารธุรกิจ,การจัดการ,ปวช.,,ü,0801698943,ไม่่ต้องโทร,ช่่วงเย็น,,ต้นกล้า,ต้นโทร 13/3/2025 16.25 น. ไม่รับสาย,ต้นโทร 16/3/2025 17.08 น. ไม่รับสาย,ปุ้ยโทร 17/03/2025 ไม่รับสาย,ปุ้ยโทร 18/03/2025 ไม่ได้รับสาย,ต้้นโทร 22/3/2025 ไม่ได้รับสาย,ปุ้ยโทร 26/03/2025 ไม่ได้รับสาย,,,,
430,23/1/2025,Ulul'Nomon Wymel,,ü,,,ü,,,,,,,,,,,ต้นกล้า,,,,,,,,,,
431,23/1/2025,ชัยฤดี อุ่นดี,,ü,,,ü,ตรี,บริหารธุรกิจ,การจัดการ,ม.6,,,,,,,ต้นกล้า,,,,,,,,,,
432,23/1/2025,ธิดาจันทร์ ธิดาจันทร์ ธิดาจันทร์ ธิดาจันทร์,,ü,,,,,,,,,,,,,,ต้นกล้า,,,,,,,,,,
433,23/1/2025,Helra Vinmon Fawy,,ü,,,,,,,,,,,,,,ต้นกล้า,,,,,,,,,,
434,23/1/2025,Qualu Verna Nopim,,ü,,,,,,,,,,,,,,ต้นกล้า,,,,,,,,,,
435,23/1/2025,Noul Nubo,,ü,,,,,,,,,,,,,,ต้นกล้า,,,,,,,,,,
436,23/1/2025,Luwy Lura,,ü,,,,,,,,,,,,,,ต้นกล้า,,,,,,,,,,
437,23/1/2025,ภัทรนุช จิตแก้ว.,,ü,,,ü,ตรี,บริหารธุรกิจ,การจัดการ,ปวส.,,,,,,,ต้นกล้า,,,,,,,,,,
438,23/1/2025,Melbo Melbo,,ü,,,ü,ตรี,รัฐศาสตร์,รัฐประศาสนศาสตร์,ปวช.,,,,,,,ต้นกล้า,,,,,,,,,,
439,23/1/2025,ฤดีพิม ภู่เดือน,,ü,,,,,,,,,,,,,,ต้นกล้า,,,,,,,,,,
440,23/1/2025,Nomel Rachai Darno,,ü,,,,,,,,,,,,,,ต้นกล้า,,,,,,,,,,
441,24/1/2025,Wanpe Tippim,,ü,,,,,,,,,,,,,,ต้นกล้า,,,,,,,,,,
442,24/1/2025,ฤดีอุ่น น้ำบุญ,,ü,,,,,,,,,,,,,,ต้นกล้า,,,,,,,,,,
443,24/1/2025,พร้อมปรีดา วันทิพ,,ü,,,ü,ตรี,รัฐศาสตร์,รัฐประศาสนศาสตร์,ปวช.,,,,,,,ต้นกล้า,,,,,,,,,,
444,24/1/2025,ปรีดามณี ใบ้ขวัญ,,ü,,ü,,ตรี,นิติศาสตร์,นิติศาสตร์,กศน.เทียบเท่า ม.6,ü,,0624537246,ไม่สมัคร,18.00,อยากเรียนเฉพาะเสาร์อาทิตย์,ต้นกล้า,23/1/2025 ขอดูค่าใช้จ่ายก่อน,27/1/2025 ยังไม่ตัดสินใจ,6/2/2025 ขอปรึกษาครอบครัวก่อน,,,,,,,
445,24/1/2025,Kahel Tipan,,ü,,,,,,,,,,,,,,ต้นกล้า,,,,,,,,,,
446,24/1/2025,Ratom Lepon,,ü,,,ü,ตรี,บริหารธุรกิจ,การจัดการโลจิสติกส์,ปวส.,,,,,,,ต้นกล้า,,,,,,,,,,
447,24/1/2025,Jodee Omdar,,ü,,,ü,ตรี,รัฐศาสตร์,รัฐประศาสนศาสตร์,ปวส.,,,,,,,ต้นกล้า,,,,,,,,,,
448,24/1/2025,ยิ่งดี สินวัน,,ü,,,ü,ตรี,บริหารธุรกิจ,การจัดการ,ปวส.,,,,,,,ต้นกล้า,,,,,,,,,,
449,24/1/2025,Chaiix Omjo,,ü,,,,,,,,,,,,,,ต้นกล้า,,,,,,,,,,
450,24/1/2025,Pesir Heltip,,ü,,,ü,ตรี,บริหารธุรกิจ,การจัดการ,กศน.เทียบเท่า ม.6,,,,,,,ต้นกล้า,,,,,,,,,,
451,24/1/2025,ภู่ฤดี วันภู่,,ü,,,ü,ตรี,บริหารธุรกิจ,การจัดการโลจิสติกส์,กศน.เทียบเท่า ม.6,,,0918181574,17/04/2025,19.00,เคยสมัครไว้ปีที่แล้ว,ต้นกล้า,31/1/2025 ไม่ได้รับสาย,8/2/2025 ไม่รับสาย,10/2/2025 ยังไม่ตัดสินใจ,13/2/2025 ปิดเครื่อง,16/2/2025 ไม่ได้รับสาย,ปุ้ยโทร 18/03/2025 ขอปรึกษาครอบครัวก่อน,ต้นโทร 19/3/2025 16.30 น. สนใจเรียนภาคทางไกล,ต้นโทร 22/3/2025 สนใจเรียนภาคทางไกล,ปุ้ยโทร 31/03/2025 นัดโทรอีกครั้งสัปดาห์หน้า,
452,24/1/2025,พิมใบ้ ธิดาวิไล,,ü,,,ü,ตรี,รัฐศาสตร์,รัฐประศาสนศาสตร์,กศน.เทียบเท่า ม.6,,,,,,,ต้นกล้า,,,,,,,,,,
453,24/1/2025,อัญกัญ ปิ่นอุ่น,,ü,,,ü,ตรี,บริหารธุรกิจ,การจัดการโลจิสติกส์,ปวส.,,,,,,,ต้นกล้า,,,,,,,,,,
454,24/1/2025,Ulfa Nulu,,ü,,,ü,โท,บริหารธุรกิจ,,,,ü,,,,,ต้นกล้า,,,,,,,,,,
455,24/1/2025,เพ็ญยิ่ง เพ็ญยิ่ง,,ü,,,,,,,,,,,,,,ต้นกล้า,,,,,,,,,,
456,24/1/2025,Kitchai Darle,,ü,,,ü,ตรี,รัฐศาสตร์,รัฐประศาสนศาสตร์,กศน.เทียบเท่า ม.6,,,,,,,ต้นกล้า,,,,,,,,,,
457,24/1/2025,Ixpim Deedar,,ü,,,ü,ตรี,บริหารธุรกิจ,การจัดการโลจิสติกส์,ปวส.,,,,,,,ต้นกล้า,,,,,,,,,,
458,24/1/2025,ยิ่งนุช ทิพณัฐ,,ü,,,ü,ตรี,,,,,,0964540613,25/9/2026,,ถามว่าต้องมาสอบที่มหาวิทยาลัยไหม,ต้นกล้า,27/1/2025 ขอดูค่าใช้จ่ายก่อน,,,,,,,,,
459,24/1/2025,นิ่มชื่น ปิ่นภู่,,ü,,,,,,,,,,,,,,ต้นกล้า,,,,,,,,,,
460,24/1/2025,Gunpe Nukit,,ü,,,,,,,ม.6,,,,,,,ต้นกล้า,,,,,,,,,,
461,24/1/2025,Deeul Peta,,ü,,,ü,ตรี,บริหารธุรกิจ,การจัดการ,ม.6,,,,,,,ต้นกล้า,,,,,,,,,,
462,24/1/2025,Wanpim Melsir,,ü,,,,,,,,,,,,,,ต้นกล้า,,,,,,,,,,
463,24/1/2025,Ixhel Zenkit,,ü,,,,,,,,,,,,,,ต้นกล้า,,,,,,,,,,
464,24/1/2025,Verjo Sonchai,,ü,ü,,,ตรี,ศึกษาศาสตร์,เอกปฐมวัย,,,,0692224527,15/12/2025,13.00,สนใจกู้ กยศ.,ต้นกล้า,27/1/2025 ขอคิดดูก่อน,ต้นโทร 13/3/2025 13.57 น. ไม่ได้รับสาย,ต้นโทร 14/3/2025 13.43 น. ขอดูค่าใช้จ่ายก่อน,ต้นโทร 17/3/2025 13.18 น. ไม่ได้รับสาย,ปุ้้ยโทร 24/03/2025 ยังไม่ตัดสินใจ,,,,,
465,24/1/2025,Leom Piman,,ü,,,ü,ตรี,บริหารธุรกิจ,การจัดการโลจิสติกส์,ปวส.,,,,,,,ต้นกล้า,,,,,,,,,,
466,24/1/2025,อัญพร้อม นุชปั้น,,ü,,,ü,ตรี,บริหารธุรกิจ,การจัดการโลจิสติกส์,ม.6,,,,,,,ต้นกล้า,,,,,,,,,,
467,24/1/2025,จิตภูมิ ใบ้สุข,,ü,,,,,,,,,,,,,,ต้นกล้า,,,,,,,,,,
468,24/1/2025,Verom Helnu,,ü,,,ü,ตรี,รัฐศาสตร์,รัฐประศาสนศาสตร์,ม.6,ü,,,,,,ต้นกล้า,,,,,,,,,,
469,24/1/2025,ธิดายิ่ง รุ่งกุล,,ü,,,ü,ตรี,บริหารธุรกิจ,การจัดการโลจิสติกส์,ปวส.,ü,,0614425537,10/02/2026,13.00,,ต้นกล้า,27/1/2025 สนใจเรียนภาคทางไกล,ต้นโทร 13/3/2025 13.41 น. ยังไม่ตัดสินใจ,ต้นโทร 14/3/2025 13.56 น. ไม่รับสาย,ต้นโทร 17/3/2025 13.14 น. ไม่รับสาย,ปุ้้ยโทร 22/03/2025 ปิดเครื่อง,ปุ้ยโทร 23/03/2025 สนใจสมัคร รอเงินเดือนออก,,,,
470,24/1/2025,Helya Ompim,,ü,,,,,,,,,,,,,,ต้นกล้า,,,,,,,,,,
471,24/1/2025,แก้วธิดา จันทร์ปั้น,,ü,,,,,,,,,,,,,,ต้นกล้า,,,,,,,,,,
472,24/1/2025,Zenom Deewan,,ü,,,,,,,,,,,,,,ต้นกล้า,,,,,,,,,,
473,24/1/2025,Deepim Bope,,ü,,,,,,,,,,,,,,ต้นกล้า,,,,,,,,,,
474,24/1/2025,Sano Omrat,,ü,,,ü,ตรี,บริหารธุรกิจ,การจัดการ,ปวส.,,,,,,,ต้นกล้า,,,,,,,,,,
475,25/1/2025,Ulrat Kagun,,ü,,,ü,ตรี,บริหารธุรกิจ,การจัดการ,ปวส.,,ü,0661560987,,16.00,สะดวกคุยทางไลน์มากกว่า,ต้นกล้า,27/1/2025 ขอปรึกษาครอบครัวก่อน,31/1/2025 ขอปรึกษาครอบครัวก่อน,8/2/2025 ไม่รับสาย,ปุ้ยโทร 18/03/2025 นัดโทรอีกครั้งสัปดาห์หน้า,ปุ้ยโทร 01/04/2025 ปิดเครื่อง,,,,,
476,25/1/2025,เดือนบุญ ใบ้พิม,,ü,,,,,,,,,,,,,,ต้นกล้า,,,,,,,,,,
477,25/1/2025,สุขอุ่น ณัฐวัน,,ü,,,ü,ตรี,รัฐศาสตร์,รัฐประศาสนศาสตร์,กศน.เทียบเท่า ม.6,,,,,,,ต้นกล้า,,,,,,,,,,
478,25/1/2025,Monan^ Meldar'pequa,,ü,,,,,,,,,,,,,,ต้นกล้า,,,,,,,,,,
479,25/1/2025,Monna Torqua,,ü,,,ü,ตรี,นิติศาสตร์,นิติศาสตร์,ปริญญาตรี,,,,,,,ต้นกล้า,,,,,,,,,,
480,25/1/2025,Nono CHAIRI'torbo,,ü,,,,,,,,,,,,,,ต้นกล้า,,,,,,,,,,
481,25/1/2025,Saka Zenta,,ü,,,,,,,,,,,,,,ต้นกล้า,,,,,,,,,,
482,25/1/2025,Torra Anmon,,ü,,,,,,,,,,,,,,ต้นกล้า,,,,,,,,,,
483,25/1/2025,Tipsir Saya,,ü,,,ü,ตรี,บริหารธุรกิจ,การจัดการ,ปวส.,,,,,,,ต้นกล้า,,,,,,,,,,
484,25/1/2025,Quapim Gunchai-deeta,,ü,,,ü,ตรี,บริหารธุรกิจ,การจัดการโลจิสติกส์,ม.6,ü,,0966301005,ไม่ต้องโทร,9.00-10.00หรือช่วงเย็น,ถามเรื่องค่าเทอมและการผ่อน,ต้นกล้า,8/2/2025 ขอปรึกษาครอบครัวก่อน,13/2/2025 ปิดเครื่อง,16/2/2025 ไม่ได้รับสาย,ปุ้ยโทร 18/03/2025 ไม่ได้รับสาย,ปุ้ยโทร 19/03/2025 ปิดเครื่อง,ปุ้ยโทร 26/03/2025 ไม่ได้รับสาย,,,,
485,25/1/2025,Ratqua Ratra,,ü,,,ü,ตรี,รัฐศาสตร์,รัฐประศาสนศาสตร์,ม.6,,,,,,,ต้นกล้า,,,,,,,,,,
486,25/1/2025,Risir,,ü,,,,,,,,,,,,,,ต้นกล้า,,,,,,,,,,
487,25/1/2025,นุชอุ่น นุชอุ่น ,,ü,,,ü,ตรี,บริหารธุรกิจ,การจัดการ,กศน.เทียบเท่า ม.6,,,,,,,ต้นกล้า,,,,,,,,,,
488,25/1/2025,Pimom Bojo,,ü,,,,,,,,,,,,,,ต้นกล้า,,,,,,,,,,
489,25/1/2025,สุขบุญ ใบ้กุล,,ü,,,,,,,,,,,,,,ต้นกล้า,,,,,,,,,,
490,25/1/2025,Ludee Darvin,,ü,,,,,,,,,,,,,,ต้นกล้า,,,,,,,,,,
491,25/1/2025,Riom Pimfa,,ü,,,,,,,,,,,,,,ต้นกล้า,,,,,,,,,,
492,25/1/2025,Helsir Omwan,,ü,,,,,,,,,,,,,,ต้นกล้า,,,,,,,,,,
493,25/1/2025,บุญภัทร ปิ่นธัญ,,ü,,,,,,,,,,,,,,ต้นกล้า,,,,,,,,,,
494,25/1/2025,Yason Leno,,ü,,,,,,,,,,,,,,ต้นกล้า,,,,,,,,,,
495,25/1/2025,Darpim Luhel,,ü,,,,,,,,,,,,,,ต้นกล้า,,,,,,,,,,
496,25/1/2025,Ratver Notip,,ü,,,,,,,,,,,,,,ต้นกล้า,,,,,,,,,,
497,25/1/2025,Yajo Yajo,,ü,,,,,,,,,,,,,,ต้นกล้า,,,,,,,,,,
498,25/1/2025,Wanmon Kitsa,,ü,,,,,,,,,,,,,,ต้นกล้า,,,,,,,,,,
499,25/1/2025,รุ่งณัฐ ปั้นณัฐ,,ü,,,,,,,,,,,,,,ปุ้ย,,,,,,,,,,
500,25/1/2025,ขวัญฤดี ปรีดาชื่น ยิ่งกิ่ง,,ü,,,ü,ตรี,บริหารธุรกิจ,การจัดการโลจิสติกส์,กศน.เทียบเท่า ม.6,,,,,,,ปุ้ย,,,,,,,,,,
501,25/1/2025,Zenvin Torvin,,ü,,,ü,ตรี,บริหารธุรกิจ,การจัดการ,กศน.เทียบเท่า ม.6,ü,,0620510177,ไม่่ต้องโทร,15.00-16.00,,ปุ้ย,27/1/2025 ไม่รับสาย,8/2/2025 ขอดูค่าใช้จ่ายก่อน,ปุ้ยโทร 19/03/2025 ขอปรึกษาครอบครัวก่อน,,,,,,,
502,25/1/2025,Kakit Wansa,,ü,,,ü,ตรี,บริหารธุรกิจ,การจัดการ,ม.6,ü,,,,,,ปุ้ย,,,,,,,,,,
503,25/1/2025,Bori Helfa,,ü,,,ü,ตรี,บริหารธุรกิจ,การจัดการ,ม.6,ü,,,,,สนใจกู้ กยศ.,ปุ้ย,,,,,,,,,,
,,,,ü,,,ü,ตรี,รัฐศาสตร์,รัฐประศาสนศาสตร์,ม.6,ü,,,,,,ปุ้ย,,,,,,,,,,
504,25/1/2025,จิตภูมิ ใบ้สุข,,ü,,,,,,,,,,,,,,ปุ้ย,,,,,,,,,,
505,25/1/2025,Kitna Zenri,,ü,,,,,,,,,,,,,,ปุ้ย,,,,,,,,,,
506,25/1/2025,Nuqua Wyle,,ü,,,,,,,,,,,,,,ปุ้ย,,,,,,,,,,
507,25/1/2025,กิ่งเดือน ชื่นมณี,,ü,,,,,,,,,,,,,,ปุ้ย,,,,,,,,,,
508,25/1/2025,Helna Ulsir,,ü,,,,,,,,,,,,,,ปุ้ย,,,,,,,,,,
509,25/1/2025,ฟ้้ากัญ ปั้นภู่ วิไลเพ็ญ,,ü,,,,,,,,,,,,,,ปุ้ย,,,,,,,,,,
510,25/1/2025,ดีีอัญ อุ่นภู่,,ü,,,,,,,,,,,,,,ปุ้ย,,,,,,,,,,
511,25/1/2025,Tipmon Tipmon,,ü,,,,,,,,,,,,,,ปุ้ย,,,,,,,,,,
512,25/1/2025,Ponom Sanu,,ü,,,,,,,,,,,,,,ปุ้ย,,,,,,,,,,
513,25/1/2025,ยิ่งธิดา มั่นใบ้,,ü,,,ü,ตรี,บริหารธุรกิจ,การจัดการ,,,,,,,,ปุ้ย,,,,,,,,,,
514,25/1/2025,ภัทรวิไล รุ่งจิต,,ü,,,,,,,,,,,,,,ปุ้ย,,,,,,,,,,
515,25/1/2025,ต้นเดือน นุชต้น,,ü,,,,,,,,,,,,,,ปุ้ย,,,,,,,,,,
516,25/1/2025,แก้้วฤดี รักแก้ว,,ü,,,ü,ตรี,บริหารธุรกิจ,การจัดการ,ม.6,,,,,,,ปุ้ย,,,,,,,,,,
517,25/1/2025,Bona Tipzen,,ü,,,,,,,,,,,,,,ปุ้ย,,,,,,,,,,
518,25/1/2025,รักน้ำ สินศิริ วันขวัญ วันต้น,,ü,,,,,,,,,,,,,,ปุ้ย,,,,,,,,,,
519,25/1/2025,รักธัญ ภัทรรัก,,ü,,,ü,ตรี,บริหารธุรกิจ,การจัดการโลจิสติกส์,กศน.เทียบเท่า ม.6,,,,,,,ปุ้ย,,,,,,,,,,
520,25/1/2025,Kahel Tipan,,ü,,,,,,,,,,,,,,ปุ้ย,,,,,,,,,,
521,26/1/2025,Torsa Taix,,ü,,,,,,,,,,,,,,ต้นกล้า,,,,,,,,,,
522,26/1/2025,Nabo Chaison,,ü,,,,,,,,,,,,,,ต้นกล้า,,,,,,,,,,
523,26/1/2025,Quafa Yamel,,ü,,,ü,ตรี,บริหารธุรกิจ,การจัดการ,,,,,,,,ต้นกล้า,,,,,,,,,,
524,26/1/2025,Darzen Darver,,ü,,,,,,,,,,,,,,ต้นกล้า,,,,,,,,,,
525,26/1/2025,สินชัย ยิ่งปรีดา,,ü,,,,,,,,,,,,,,ต้นกล้า,,,,,,,,,,
526,26/1/2025,Rapim Ralu Melson,,ü,,,,,,,,,,,,,,ต้นกล้า,,,,,,,,,,
527,26/1/2025,ภู่พิม ปั้นศิริ,,ü,,,ü,โท,บริหารธุรกิจ,,,,,,,,,ต้นกล้า,,,,,,,,,,
528,26/1/2025,Vinsa Monle,,ü,,,ü,ตรี,บริหารธุรกิจ,การจัดการ,ปวส.,ü,,0830443352,,10.00,,ต้นกล้า,8/2/2025 ขอดูค่าใช้จ่ายก่อน,13/2/2025 ขอปรึกษาครอบครัวก่อน,ต้นโทร 13/3/2025 12.00 น. ยังไม่ตัดสินใจ,ต้นโทร 17/3/2025 12.57 น. สนใจสมัคร ขอเวลาตัดสินใจ,,,,,,
529,26/1/2025,Sajo Leri,,ü,,,,,,,,,,,,,,ต้นกล้า,,,,,,,,,,
530,26/1/2025,Ultor Lumel Uldee,,ü,,,,,,,,,,,,,,ต้นกล้า,,,,,,,,,,
531,26/1/2025,Ponta Zenbo,,ü,,,,,,,,,,,,,,ต้นกล้า,,,,,,,,,,
532,26/1/2025,ณัฐพิม วันฤดี,,ü,,,ü,ตรี,บริหารธุรกิจ,การจัดการ,ม.6,,,,,,,ต้นกล้า,,,,,,,,,,
533,26/1/2025,Wysir Lemel,,ü,,,ü,ตรี,รัฐศาสตร์,รัฐประศาสนศาสตร์,ปวช.,ü,,0806728916,ไม่ต้้องโทร,11.00,แอดไลน์กลับมาเรียบร้อยแล้ว,ต้นกล้า,8/2/2025 ขอปรึกษาครอบครัวก่อน,13/02/2025 ขอคิดดูก่อน,16/2/2025 ไม่ได้รับสาย,ปุ้ยโทร 21/03/2025 ยังไม่ตัดสินใจ,,,,,,
534,26/1/2025,Pimka Ponra,,ü,,,ü,ตรี,บริหารธุรกิจ,การจัดการ,ปวส.,,,,,,,ต้นกล้า,,,,,,,,,,
535,26/1/2025,Gunmon Quaix,,ü,,,ü,ตรี,บริหารธุรกิจ,การจัดการโลจิสติกส์,ปวส.,,ü,0612175201,ไม่ต้้องโทร,12.00,,ต้นกล้า,8/2/2025 ขอคิดดูก่อน,ปุ้ยโทร 12/03/2025 ขอดูค่าใช้จ่ายก่อน,ต้นโทร 13/3/2025 12.15 น. ปิดเครื่อง,ต้นโทร 16/3/2025 12.05 น. ไม่ได้รับสาย,ปุ้ยโทร 21/03/2025 ไม่รับสาย,,,,,
536,26/1/2025,Melhel Anle Kawy,,ü,,,ü,ตรี,บริหารธุรกิจ,การจัดการ,กศน.เทียบเท่า ม.6,,,,,,,ปุ้ย,,,,,,,,,,
537,26/1/2025,pimchai Vinpim,,ü,,,ü,โท,รัฐศาสตร์,รัฐประศาสนศาสตร์,,,,,,,,ปุ้ย,,,,,,,,,,
538,26/1/2025,Farat Verpon,,ü,,,ü,ตรี,บริหารธุรกิจ,การจัดการ,ปวส.,,,,,,,ปุ้ย,,,,,,,,,,
539,26/1/2025,Bobo Quaom Yanu,,ü,,,,,,,,,,,,,,ปุ้ย,,,,,,,,,,
540,26/1/2025,กัญเพ็ญ บุญจิต ศิริภู่,,ü,,,ü,ตรี,บริหารธุรกิจ,การจัดการโลจิสติกส์,ม.6,,,,,,มีประกันสังคม ถามเรื่องสิทธิ์,ปุ้ย,,,,,,,,,,
541,26/1/2025,กัญพิิม ภัทรเดือน ,,ü,,,,,,,,,,,,,,ปุ้ย,,,,,,,,,,
542,26/1/2025,Lele Verdar,,ü,,,ü,ตรี,บริหารธุรกิจ,การจัดการโลจิสติกส์,ปวส.,,,,,,,ปุ้ย,,,,,,,,,,
543,26/1/2025,Boya Saver,,ü,,,,,,,,,,,,,,ปุ้ย,,,,,,,,,,
544,26/1/2025,Ixbo Ixbo,,ü,,,ü,โท,,,,,,,,,,ปุ้ย,,,,,,,,,,
545,26/1/2025,Monson Nowy,,ü,,,,,,,,,,,,,,ปุ้ย,,,,,,,,,,
546,26/1/2025,Kakit Fata,,ü,,,,,,,,,,,,,,ปุ้ย,,,,,,,,,,
547,26/1/2025,Lusir Bobo,,ü,,,,,,,,,,,,,,ปุ้ย,,,,,,,,,,
548,26/1/2025,Rile Jolu,,ü,,,ü,ตรี,บริหารธุรกิจ,การจัดการ,กศน.เทียบเท่า ม.6,ü,,0919792039,ไม่ต้องโทร,13.00,สอบถามเรื่องทุนการศึกษา,ปุ้ย,8/2/2025 ยังไม่ตัดสินใจ,ปุ้ยโทร 12/03/2025 ปิดเครื่อง,ต้นโทร 13/3/2025 13.38 น. ปิดเครื่อง,ต้นโทร 16/3/2025 12.18 น. ไม่ได้รับสาย,ปุ้ยโทร 21/03/2025 ไม่รับสาย,,,,,
549,26/1/2025,Rawan Wanrat,,ü,,,ü,ตรี,บริหารธุรกิจ,การจัดการ,ปวส.,ü,,0647884718,ไม่สมัคร,ช่วงพักเที่ยง,,ปุ้ย,10/2/2025 ขอปรึกษาครอบครัวก่อน,ปุ้ยโทร 12/03/2025 สนใจเรียนภาคทางไกล,,,,,,,,
550,26/1/2025,Helbo Verfa,,ü,,,,,,,,,,,,,,ปุ้ย,,,,,,,,,,
551,26/1/2025,ดีอุ่น วิไลจิต,,ü,,,ü,ตรี,วิศวกรรรมศาสตร์,วิศวกรรมโยธา,,,,,,,,ปุ้ย,,,,,,,,,,
552,26/1/2025,Pepon Kabo,,ü,,,ü,ตรี,บริหารธุรกิจ,การจัดการโลจิสติกส์,ม.6,,,,,,,ปุ้ย,,,,,,,,,,
553,26/1/2025,Ixchai Wyver ,,ü,,,,,,,ปวส.,ü,ü,0634906354,05/05/2025,20.00,เคยสมัครไว้ปีที่แล้ว,ปุ้ย,16/2/2025 ยังไม่ตัดสินใจ,ปุ้ยโทร 12/03/2025 ขอคิดดูก่อน,ปุ้ยโทร 13/03/2025 ขอคิดดูก่อน,ปุ้ยโทร 05/05/2025 ขอปรึกษาครอบครัวก่อน,,,,,,
554,27/1/2025,Anta Vinjo,,ü,,,,,,,,,,,,,,ต้้นกล้า,,,,,,,,,,
555,27/1/2025,Vintip Zenqua,,ü,,,,,,,,,,,,,,ต้้นกล้า,,,,,,,,,,
556,27/1/2025,Razen Sontip Pimpon,,ü,,,ü,ตรี,รัฐศาสตร์,รัฐประศาสนศาสตร์,ม.6,,,,,,,ต้้นกล้า,,,,,,,,,,
557,27/1/2025,Ixhel Zenkit,,ü,,,ü,ตรี,,,,,,,,,,ต้้นกล้า,,,,,,,,,,
558,27/1/2025,สินภู่ ใบ้ภูมิ,,ü,,,,,,,,,,,,,,ต้้นกล้า,,,,,,,,,,
559,27/1/2025,ชื่นจิต ทิพต้น,,ü,,,,,,,,,,,,,,ต้้นกล้า,,,,,,,,,,
560,27/1/2025,ธิดามั่น บุญกัญ,,ü,,,ü,,,,,,,,,,,ต้้นกล้า,,,,,,,,,,
561,27/1/2025,Tale Sirta,,ü,,,ü,ตรี,บริหารธุรกิจ,การจัดการ,ม.6,,,,,,,ต้้นกล้า,,,,,,,,,,
562,27/1/2025,ณัฐชัย พิมวัน,,ü,,,,,,,,,,,,,,ต้้นกล้า,,,,,,,,,,
563,27/1/2025,Nokit Tagun,,ü,,,,,,,,,,,,,,ต้้นกล้า,,,,,,,,,,
564,27/1/2025,Tiphel Peson,,ü,,,ü,ตรี,บริหารธุรกิจ,การจัดการ,ม.6,ü,,,,,ช่่วงเย็นสะดวกคุย,ต้้นกล้า,,,,,,,,,,
565,27/1/2025,Bosir Tipdar,,ü,,,,,,,,,,,,,,ต้้นกล้า,,,,,,,,,,
566,27/1/2025,Ixgun Gunka Gunka,,ü,,,ü,ตรี,รัฐศาสตร์,รัฐประศาสนศาสตร์,ม.6,,,,,,,ต้้นกล้า,,,,,,,,,,
567,27/1/2025,ณัฐบุญ ชื่นปรีดา,,ü,,,ü,โท,บริหารธุรกิจ,,,,,,,,,ต้้นกล้า,,,,,,,,,,
568,27/1/2025,จันทร์ชัย ชื่นฤดี,,ü,,,,,,,,,,,,,,ต้้นกล้า,,,,,,,,,,
569,27/1/2025,Tormon Faqua,,ü,,,,,,,,,,,,,,ปุ้้ย,,,,,,,,,,
570,27/1/2025,Sabo'sonmel Bohel,,ü,,,,,,,,,,,,,,ปุ้้ย,,,,,,,,,,
571,27/1/2025,Pewan Nafa,,ü,,,ü,ตรี,รัฐศาสตร์,รัฐประศาสนศาสตร์,กศน.เทียบเท่า ม.6,ü,,0844951423,ไม่ต้องโทร,19.40-20.00,,ปุ้ย,16/2/2025 ไม่ได้รับสาย,ปุ้ยโทร 12/03/2025 สนใจสมัคร รอเงินเดือนออก,,,,,,,,
572,27/1/2025,Zentor Tawan,,ü,,,,,,,,,,,,,,ปุ้้ย,,,,,,,,,,
573,27/1/2025,พร้อมนิ่ม มั่นจันทร์,,ü,,,ü,ตรี,บริหารธุรกิจ,การจัดการโลจิสติกส์,ปวส.,ü,,,,,ขอเวลาตัดสินใจ,ปุ้้ย,,,,,,,,,,
574,27/1/2025,Gunwan Kitmel,,ü,,,ü,ตรี,รัฐศาสตร์,รัฐประศาสนศาสตร์,ปวส.,,,,,,,ปุ้้ย,,,,,,,,,,
575,27/1/2025,Tipmel RIDEE.Ritor,,ü,,,ü,ตรี,บริหารธุรกิจ,การจัดการโลจิสติกส์,ม.6,,,,,,,ปุ้้ย,,,,,,,,,,
576,27/1/2025,Darsir Yaver,,ü,,,ü,ตรี,บริหารธุรกิจ,การจัดการ,ปวส.,,,,,,,ปุ้้ย,,,,,,,,,,
577,28/1/2025,Qualu Verul,,,,,ü,ตรี,บริหารธุรกิจ,การจัดการ,ม.6,,,0673610556,ไม่ต้องโทร,,,ต้้นกล้า,16/2/2025 ขอคิดดูก่อน,ปุ้ยโทร 12/03/2025 ปิดเครื่อง,ต้นโทร 15/3/2025 16.28 น. ไม่รับสาย,ปุ้ยโทร 19/03/2025 ขอปรึกษาครอบครัวก่อน,,,,,,
578,28/1/2025,นิ่มกิ่ง นิ่มกิ่ง,,ü,,,,,,,,,,,,,,ต้้นกล้า,,,,,,,,,,
579,28/1/2025,ฟ้าธิดา กุลน้ำ,,ü,,ü,,ตรี,วิศวกรรมศาสตร์,วิศวกรรมเครื่องกล,ปวส.,,ü,0694455528,ไม่ต้องโทร,ช่วงเย็น,,ต้้นกล้า,10/2/2025 ขอปรึกษาครอบครัวก่อน,16/2/2025 ไม่ได้รับสาย,ปุ้ยโทร 12/03/2025 ขอดูค่าใช้จ่ายก่อน,,,,,,,
580,28/1/2025,ปรีดาภู่ จันทร์พิม,,ü,,,ü,ตรี,บริหารธุรกิจ,การจัดการ,ม.6,,,,,,,ต้้นกล้า,,,,,,,,,,
581,28/1/2025,Ixom Ixom,,ü,,,ü,ตรี,บริหารธุรกิจ,การจัดการ,กศน.เทียบเท่า ม.6,,,,,,,ต้้นกล้า,,,,,,,,,,
582,28/1/2025,ดีทิพ ศิริกุล.ต้นพร้อม,,ü,,,,,,,,,,,,,,ต้้นกล้า,,,,,,,,,,
583,28/1/2025,Yasa Ponver,,ü,,,,,,,,,,,,,,ต้้นกล้า,,,,,,,,,,
584,28/1/2025,น้ำมั่น น้ำมั่น,,ü,,,ü,ตรี,,,,,,,,,อยากเรียนเฉพาะเสาร์อาทิตย์,ต้้นกล้า,,,,,,,,,,
585,28/1/2025,ณัฐยิ่ง ชัยขวัญ,,ü,,,,,,,,,,,,,,ต้้นกล้า,,,,,,,,,,
586,28/1/2025,พิมฟ้า กุลจันทร์,,ü,,,ü,ตรี,รัฐศาสตร์,รัฐประศาสนศาสตร์,กศน.เทียบเท่า ม.6,,ü,,,,,ต้้นกล้า,,,,,,,,,,
587,28/1/2025,Pimson Faul,,ü,,,,,,,,,,,,,,ต้้นกล้า,,,,,,,,,,
588,28/1/2025,Helom Pimwan,,ü,,,ü,ตรี,บริหารธุรกิจ,การจัดการ,กศน.เทียบเท่า ม.6,,,,,,,ต้้นกล้า,,,,,,,,,,
589,28/1/2025,น้ำจันทร์ ฟ้าทิพ,,ü,,,ü,,บริหารธุรกิจ,,,,,,,,,ต้้นกล้า,,,,,,,,,,
590,28/1/2025,Helna Ulsir,,ü,,,,,,,,,,,,,,ต้้นกล้า,,,,,,,,,,
591,28/1/2025,Zenna Zenna,,ü,,,ü,ตรี,บริหารธุรกิจ,การจัดการ,ม.6,ü,,,,,,ต้้นกล้า,,,,,,,,,,
592,28/1/2025,Chaiqua Numel,,ü,,,ü,ตรี,รัฐศาสตร์,รัฐประศาสนศาสตร์,ม.6,ü,,0676850390,ไม่ต้องโทร,ช่วงบ่าย,,ต้้นกล้า,10/2/2025 ยังไม่ตัดสินใจ,,,,,,,,,
593,28/1/2025,ชื่นภัทร ดีน้ำ,,ü,,,,ตรี,สาธารณสุขศาสตร์,,,,,,,,,ต้้นกล้า,,,,,,,,,,
594,28/1/2025,Heltor Ratmel,,ü,,,,,,,,,,,,,,ต้้นกล้า,,,,,,,,,,
595,28/1/2025,สุขธัญ ภู่วิไล,,ü,,,,,,,,,,,,,,ต้้นกล้า,,,,,,,,,,
596,28/1/2025,Sirfa Torhel,,ü,,,,,,,,,,,,,,ต้้นกล้า,,,,,,,,,,
597,28/1/2025,ธิดาปรีดา มั่นนิ่ม,,ü,,,,,,,,,,,,,,ต้้นกล้า,,,,,,,,,,
598,28/1/2025,จิตแก้ว'ปรีดาพิม สินอัญ,,ü,,,,,,,,,,,,,,ปุ้ย,,,,,,,,,,
599,28/1/2025,MELUL'faan Melix,,ü,,,ü,ตรี,บริหารธุรกิจ,การจัดการ,ม.6,ü,,,,,,ปุ้ย,,,,,,,,,,
600,28/1/2025,Mellu Nojo,,ü,,,,,,,,,,,,,,ปุ้ย,,,,,,,,,,
601,28/1/2025,Navin Fano,,ü,,,,,,,,,,,,,,ปุ้ย,,,,,,,,,,
602,28/1/2025,Ixmel Fatip,,ü,,,ü,ตรี,บริหารธุรกิจ,การจัดการโลจิสติกส์,ม.6,,,,,,,ปุ้ย,,,,,,,,,,
603,28/1/2025,กัญภูมิ ปั้นอุ่น.,,ü,,,,,,,,,,,,,,ปุ้ย,,,,,,,,,,
604,29/1/2025,ณัฐนิ่ม ณัฐฟ้า,,ü,,,,,,,,,,,,,,ต้้นกล้า,,,,,,,,,,
605,29/1/2025,Kitta SIRNO Kitta,,ü,,,,,,,,,,,,,,ต้้นกล้า,,,,,,,,,,
606,29/1/2025,ศิริธัญ ฟ้าวัน,,ü,,,,,,,,,,,,,,ต้้นกล้า,,,,,,,,,,
607,29/1/2025,Melrat Fadee,,ü,,,,,,,,,,,,,,ต้้นกล้า,,,,,,,,,,
608,29/1/2025,นิ่มพิม กุลฟ้า,,ü,,,,,,,,,,,,,,ต้้นกล้า,,,,,,,,,,
609,29/1/2025,Wanix Kara,,ü,,,ü,ตรี,บริหารธุรกิจ,การจัดการโลจิสติกส์,ม.6,,ü,,,,,ต้้นกล้า,,,,,,,,,,
610,29/1/2025,ธิดาณัฐ วิไลขวัญ,,ü,,,,,,,,,,,,,,ต้้นกล้า,,,,,,,,,,
611,29/1/2025,พร้อมรุ่ง ต้นวัน,,ü,,,ü,ตรี,บริหารธุรกิจ,การจัดการ,ม.6,,,,,,,ต้้นกล้า,,,,,,,,,,
612,29/1/2025,DEENO Kari Wygun,,ü,,ü,,โท,บริหารธุรกิจ,,,,,,,,,ต้้นกล้า,,,,,,,,,,
613,29/1/2025,MELUL Vinix Nuix,,ü,,,ü,ตรี,บริหารธุรกิจ,การจัดการ,ปวส.,,ü,,,,,ต้้นกล้า,,,,,,,,,,
614,29/1/2025,Kakit Fata,,ü,,,,,,,,,,,,,,ต้้นกล้า,,,,,,,,,,
615,29/1/2025,Quasa Melchai,,ü,,,ü,โท,บริหารธุรกิจ,,,,,,,,,ต้้นกล้า,,,,,,,,,,
616,29/1/2025,ชื่นกัญ' ชื่นกัญ,,ü,,,ü,ตรี,รัฐศาสตร์,รัฐประศาสนศาสตร์,กศน.เทียบเท่า ม.6,,,,,,,ต้้นกล้า,,,,,,,,,,
617,29/1/2025,ชื่นขวัญ ธัญบุญ,,ü,,,,,,,,,,,,,,ต้้นกล้า,,,,,,,,,,
618,29/1/2025,Vertor Sonna,,ü,,,,,,,,,,,,,,ต้้นกล้า,,,,,,,,,,
619,29/1/2025,Sonri Torkit Verqua,,ü,,,,,,,,,,,,,,ต้้นกล้า,,,,,,,,,,
620,29/1/2025,Pimri Omlu,,ü,,,ü,ตรี,บริหารธุรกิจ,การจัดการโลจิสติกส์,ปวช.,,,,,,,ต้้นกล้า,,,,,,,,,,
621,29/1/2025,Anson Kamel,,ü,,,,,,,,,,,,,,ต้้นกล้า,,,,,,,,,,
622,29/1/2025,Nuwan Nuwan,ü,,,,ü,ตรี,บริหารธุรกิจ,การจัดการ,ปวส.,ü,,0646482615,ไม่สมัคร,ช่วงกลางวัน,,ปุ้ย,10/2/2025 ขอดูค่าใช้จ่ายก่อน,16/2/2025 ขอปรึกษาครอบครัวก่อน,ปุ้ยโทร 19/03/2025 ไม่ได้รับสาย,,,,,,,
623,29/1/2025,Nodee Ulmon Wyul,,ü,,,,,,,,,,,,,,ปุ้ย,,,,,,,,,,
624,29/1/2025,Wanno Wyom,,ü,,,ü,ตรี,บริหารธุรกิจ,การจัดการ,ม.6,,,,,,,ปุ้ย,,,,,,,,,,
625,29/1/2025,Vindee Torna,,ü,,,,,,,,,,,,,,ปุ้ย,,,,,,,,,,
626,29/1/2025,Ulfa Nulu,,ü,,,,,,,,,,,,,,ปุ้ย,,,,,,,,,,
627,29/1/2025,Melwy Quavin,,ü,,,,,,,,,,,,,,ปุ้ย,,,,,,,,,,
628,29/1/2025,Anpe Annu,,ü,,,,,,,,,,,,,,ปุ้ย,,,,,,,,,,
629,30/1/2025,Ponqua Kalu,,ü,,,ü,ตรี,บริหารธุรกิจ,การจัดการ,กศน.เทียบเท่า ม.6,ü,,0959444901,17/02/2025,ช่วงเย็น,,ต้้นกล้า,ต้นโทร 12/3/2025 15.55 น. ขอคิดดูก่อน,,,,,,,,,
630,30/1/2025,Kitan-Lukit Torzen,,ü,,,,,,,,,,,,,,ต้้นกล้า,,,,,,,,,,
631,30/1/2025,Vinwan Yana Monno,,ü,,,,,,,,,,,,,,ต้้นกล้า,,,,,,,,,,
632,30/1/2025,Ponsa Monmon,,ü,,,ü,ตรี,บริหารธุรกิจ,การจัดการโลจิสติกส์,กศน.เทียบเท่า ม.6,,,,,,,ต้้นกล้า,,,,,,,,,,
633,30/1/2025,มณีขวัญ ใบ้วิไล,,ü,,,,,,,,,,,,,,ต้้นกล้า,,,,,,,,,,
634,30/1/2025,Nupon Wyta,,ü,,,,,,,,,,,,,,ต้้นกล้า,,,,,,,,,,
635,30/1/2025,Zenno Ixtor,,ü,,,,,,,,,,,,,,ต้้นกล้า,,,,,,,,,,
636,30/1/2025,Ratvin Ripon,,ü,,,ü,ตรี,รัฐศาสตร์,รัฐประศาสนศาสตร์,ม.6,,,,,,,ต้้นกล้า,,,,,,,,,,
637,30/1/2025,Pimmon Noka,,ü,,,ü,ตรี,บริหารธุรกิจ,การจัดการ,ปวส.,,,,,,,ต้้นกล้า,,,,,,,,,,
638,30/1/2025,Sontor Tanu,,ü,,,ü,ตรี,บริหารธุรกิจ,การจัดการ,ม.6,,,,,,,ต้้นกล้า,,,,,,,,,,
639,30/1/2025,Lutip Tipchai,,ü,,,ü,ตรี,บัญชี,การบัญชี,,,,,,,,ต้้นกล้า,,,,,,,,,,
640,30/1/2025,Quanu Nugun,,ü,,,ü,ตรี,บริหารธุรกิจ,การจัดการโลจิสติกส์,ปวช.,,,,,,,ต้้นกล้า,,,,,,,,,,
641,30/1/2025,นุชนิ่ม ใบ้ปรีดา,,ü,,,,,,,,,,,,,,ต้้นกล้า,,,,,,,,,,
642,30/1/2025,กุลภัทร ฤดีวัน,,ü,,,ü,ตรี,บริหารธุรกิจ,การจัดการ,กศน.เทียบเท่า ม.6,ü,,0685155121,17/02/2025,ช่วงเย็น,,ต้้นกล้า,16/2/2025 ขอคิดดูก่อน,ต้นโทร 12/3/2025 15.58 น. ขอคิดดูก่อน,,,,,,,,
643,30/1/2025,ภัทรบุญ รุ่งแก้ว,,ü,,,ü,ตรี,บริหารธุรกิจ,การจัดการ,,,,,,,,ต้้นกล้า,,,,,,,,,,
644,30/1/2025,รุ่งมั่น นุชสุข,,ü,,,,,,,,,,,,,,ต้้นกล้า,,,,,,,,,,
645,30/1/2025,Wywy Bolu,,ü,,,ü,ตรี,บริหารธุรกิจ,การจัดการ,ม.6,,,,,,,ต้้นกล้า,,,,,,,,,,
646,30/1/2025,Sirka Vinchai,,ü,,,ü,ตรี,บริหารธุรกิจ,การจัดการ,กศน.เทียบเท่า ม.6,,,,,,,ต้้นกล้า,,,,,,,,,,
647,30/1/2025,ชืื่นขวัญ ธัญบุญ,,ü,,,,,,,,,,,,,,ต้้นกล้า,,,,,,,,,,
648,30/1/2025,พิมชื่น ชัยเพ็ญ,,ü,,,ü,ตรี,บริหารธุรกิจ,การจัดการโลจิสติกส์,ม.6,,,,,,,ต้้นกล้า,,,,,,,,,,
649,30/1/2025,Helmon Chaian,,ü,,,,,,,,,,,,,,ต้้นกล้า,,,,,,,,,,
650,30/1/2025,Yaan Pekit,,ü,,ü,,ตรี,บัญชี,การบัญชี,,,,,,,,ต้้นกล้า,,,,,,,,,,
651,30/1/2025,Gunwy Omqua,,ü,,,ü,ตรี,บริหารธุรกิจ,การจัดการ,ม.6,,,,,,,ปุ้ย,,,,,,,,,,
652,30/1/2025,ปิ่นพร้อม วิไลชัย ฤดีศิริ,,ü,,,,,,,,,,,,,,ปุ้ย,,,,,,,,,,
653,30/1/2025,Darzen Verka,,ü,,,,,,,,,,,,,,ปุ้ย,,,,,,,,,,
654,30/1/2025,พร้อมภู่ ทิพธัญ,,ü,,,,,,,,,,,,,,ปุ้ย,,,,,,,,,,
655,30/1/2025,Sator Nodar,,ü,,,,,,,,,,,,,,ปุ้ย,,,,,,,,,,
656,30/1/2025,Sirqua Chaisa,,ü,,,ü,ตรี,บริหารธุรกิจ,การจัดการโลจิสติกส์,ม.6,,,,,,,ปุ้ย,,,,,,,,,,
657,30/1/2025,Wanmon Kitsa,,ü,,,ü,ตรี,บริหารธุรกิจ,การจัดการโลจิสติกส์,ม.6,,,,,,,ปุ้ย,,,,,,,,,,
658,30/1/2025,อุ่นอัญ ศิริดี,,ü,,,,,,,,,,,,,,ปุ้ย,,,,,,,,,,
659,30/1/2025,Monrat Rawy,,ü,,,,,,,,,,,,,,ปุ้ย,,,,,,,,,,
660,30/1/2025,Pemon NUZEN,,ü,,,,,,,,,,,,,,ปุ้ย,,,,,,,,,,
661,30/1/2025,Helfa Quamon,,ü,,,,,,,,,,,,,,ปุ้ย,,,,,,,,,,
662,30/1/2025,Pimrat Novin,,ü,,,,,,,,,,,,,,ปุ้ย,,,,,,,,,,
663,30/1/2025,Chaizen Pimtor,,ü,,,,,,,,,,,,,,ปุ้ย,,,,,,,,,,
664,30/1/2025,Nuna,ü,,,,ü,ตรี,บริหารธุรกิจ,การจัดการ,ม.6,,ü,0904402467,,11.00-14.00,ทำงานกะดึก โทรหลัง 18.00 น.,ปุ้ย,31/1/2025 ยังไม่ตัดสินใจ,,,,,,,,,
665,31/1/2025,Tormel Monri,,ü,,,,,,,,,,,,,,ต้้นกล้า,,,,,,,,,,
666,31/1/2025,Chailu Napim Sondar,,ü,,,,,,,,,,,,,,ต้้นกล้า,,,,,,,,,,
667,31/1/2025,Kitsir Rijo,,ü,,,ü,ตรี,บริหารธุรกิจ,การจัดการ,ปวส.,,,,,,,ต้้นกล้า,,,,,,,,,,
668,31/1/2025,Oman Kadee,,ü,,,,,,,,,,,,,,ต้้นกล้า,,,,,,,,,,
669,31/1/2025,Tason Raom,,ü,,,ü,ตรี,บริหารธุรกิจ,การจัดการ,ปวส.,,,,,,,ต้้นกล้า,,,,,,,,,,
670,31/1/2025,ฤดีอุ่น น้ำบุญ,,ü,,,,,,,,,,,,,,ปุ้้ย,,,,,,,,,,
671,31/1/2025,Ponsir Pondee,,ü,,,,,,,,,,,,,,ปุ้้ย,,,,,,,,,,
672,31/1/2025,Kitna Zenri,,ü,,,ü,ตรี,บริหารธุรกิจ,การจัดการ,ปวส.,ü,,0991334572,ไม่ต้องโทร,ช่่วงบ่าย,ถามว่าต้องมาสอบที่มหาวิทยาลัยไหม,ปุ้้ย,10/2/2025 ขอคิดดูก่อน,16/2/2025 ขอปรึกษาครอบครัวก่อน,ต้นโทร 12/3/2025 14.47 น. ปิดเครื่อง,ต้้นโทร 15/3/2025 13.38 น. ไม่รับสาย,ปุ้ยโทร 21/03/2025 ปิดเครื่อง,,,,,
673,2/1/2025,Lusa Torson Ponle,,ü,,,ü,ตรี,รัฐศาสตร์,รัฐประศาสนศาสตร์,ม.6,,,,,,,ปุ้้ย,,,,,,,,,,
674,2/1/2025,Boya Saver,,ü,,,,,,,,,,,,,,ต้้นกล้า,,,,,,,,,,
675,2/2/2025,Sirjo Wanra,,ü,,,,,,,,,,,,,,ปุ้้ย,,,,,,,,,,
676,2/2/2025,LUSON'napon Bowy,,ü,,,,,,,,,,,,,,ปุ้้ย,,,,,,,,,,
677,2/2/2025,Yaix Wanbo,,ü,,,,,,,,,,,,,,ปุ้้ย,,,,,,,,,,
678,2/2/2025,กุลรัก แก้วกุล,,ü,,,,,,,,,,,,,,ปุ้้ย,,,,,,,,,,
679,2/2/2025,Chaiwan Pezen,,ü,,,ü,ตรี,บริหารธุรกิจ,การจัดการ,ม.6,ü,,,,,,ปุ้้ย,,,,,,,,,,
680,2/2/2025,VERVIN,ü,,,,,,,,,,,,,,,ปุ้้ย,,,,,,,,,,
681,2/3/2025,ณัฐอัญ ดีเดือน  ,,ü,,,,,,,,,,,,,,ต้้้นกล้า,,,,,,,,,,
682,2/3/2025,Bochai Lean,,ü,,,,,,,,,,,,,,ต้้้นกล้า,,,,,,,,,,
683,2/3/2025,Helgun Fale,,ü,,,,,,,,,,,,,,ต้้้นกล้า,,,,,,,,,,
684,2/3/2025,ธัญฟ้า ' ดีกัญ' ,,ü,,,,,,,,,,,,,,ต้้้นกล้า,,,,,,,,,,
685,2/3/2025,Deeri Deeri,,ü,,,,,,,,,,,,,,ต้้้นกล้า,,,,,,,,,,
686,2/3/2025,ชื่นน้ำ ฟ้าณัฐ,,ü,,,,,,,,,,,,,,ต้้้นกล้า,,,,,,,,,,
687,2/3/2025,Deetor Vinwy,,ü,,,,,,,,,,,,,,ต้้้นกล้า,,,,,,,,,,
688,2/3/2025,ชัยณัฐ กัญรุ่ง,,ü,,,,,,,,,,,,,,ต้้้นกล้า,,,,,,,,,,
689,2/3/2025,Quadar Verta,,ü,,,,,,,,,,,,,,ต้้้นกล้า,,,,,,,,,,
690,2/3/2025,Tipkit,,ü,,ü,,,วิศวกรรมศาสตร์,วิศวกรรมเครื่องกล,ปวส.,ü,,0984680811,17/02/2025,ช่วงเที่ยง,,ต้้้นกล้า,16/2/2025 ไม่ได้รับสาย,ต้นโทร 12/3/2025 14.40 น. สนใจเรียนภาคทางไกล,,,,,,,,
691,2/3/2025,Ixjo Natip,,ü,,,,,,,,,,,,,,ต้้้นกล้า,,,,,,,,,,
692,2/3/2025,จันทร์สิน มั่นสิน ศิริรุ่ง ,,ü,,,ü,ตรี,รัฐศาสตร์,รัฐประศาสนศาสตร์,กศน. ม.6,,,,,,,ปุ้้้ย,,,,,,,,,,
693,2/3/2025,Nope Nurat,,ü,,,,,,,,,,,,,,ปุ้้้ย,,,,,,,,,,
694,2/3/2025,กุลปิ่น มณีดี,,ü,,,,,,,,,,,,,,ปุ้้้ย,,,,,,,,,,
695,2/3/2025,Nazen Sonnu,,ü,,,ü,ตรี,รัฐศาสตร์,รัฐประศาสนศาสตร์,ม.6,,,,,,,ปุ้้้ย,,,,,,,,,,
696,2/3/2025,Rathel Rathel Lumon,,ü,,,,,,,,,,,,,,ปุ้้้ย,,,,,,,,,,
697,2/3/2025,Sirri Helpim,,ü,,,ü,ตรี,บริหารธุรกิจ,การจัดการ,ม.6,ü,,0648169766,ไม่ต้องโทร,17.00,,ปุ้้้ย,16/2/2025 ไม่ได้รับสาย,ต้นโทร 12/3/2025 14.35 น. ไม่ได้รับสาย,ต้นโทร 15/3/2025 13.14 น. ขอปรึกษาครอบครัวก่อน,ปุ้ยโทร 15/03/2025 ขอดูค่าใช้จ่ายก่อน,ปุ้ยโทร 19/03/2025 ยังไม่ตัดสินใจ,ปุ้ยโทร 21/03/2025 ไม่รับสาย,,,,
698,2/3/2025,Deera Nudar,,ü,,,ü,ตรี,รัฐศาสตร์,รัฐประศาสนศาสตร์,ม.6,ü,,0854729554,18/02/2025,ช่วงสายๆ,ส่งวุฒิมาให้ดูเทียบโอนหน่วยกิต,ปุ้้้ย,16/2/2025 ขอคิดดูก่อน,ต้นโทร 12/3/2025 14.20 น. ขอดูค่าใช้จ่ายก่อน,,,,,,,,
699,2/3/2025,Sonqua Rira,,ü,,,,,,,,,,,,,,ปุ้้้ย,,,,,,,,,,
700,2/3/2025,Monya Rimon,,ü,,,,,,,,,,,,,,ปุ้้้ย,,,,,,,,,,
701,2/3/2025,Rigun Wanvin,,ü,,,,,,,,,,,,,,ปุ้้้ย,,,,,,,,,,
702,2/3/2025,ธิดาพร้อม ธัญอัญ,,ü,,,,,,,,,,,,,,ปุ้้้ย,,,,,,,,,,
703,2/3/2025,DARAN Pimix,,ü,,,,,,,,,,,,,,ปุ้้้ย,,,,,,,,,,
704,2/3/2025,Tipna Faom,,ü,,,,,,,,,,,,,,ปุ้้้ย,,,,,,,,,,
705,2/4/2025,แก้ววิไล ภูมิจันทร์.,,ü,,,ü,ตรี,รัฐศาสตร์,รัฐประศาสนศาสตร์,ปวส.,ü,,0938284604,ไม่่สมัคร,ช่วงเย็น,,ต้นกล้า,10/2/2025 ขอดูค่าใช้จ่ายก่อน,ปุ้้้ยโทร 12/03/2025 ขอดูค่าใช้จ่ายก่อน,ต้นโทร 15/3/2025 นัดโทรอีกครั้งสัปดาห์หน้า,ปุ้ยโทร 21/03/2025 สมัครเรียบร้อย รอส่งเอกสาร,,,,,,
706,2/4/2025,สุขวิไล ยิ่งมณี,,ü,,,,,,,,,,,,,,ต้นกล้า,,,,,,,,,,
707,2/4/2025,Wysa Yale,,ü,,ü,,ตรี,บริหารธุรกิจ,การจัดการ,ปวช.,,,,,,,ต้นกล้า,,,,,,,,,,
708,2/4/2025,Chaizen Pimtor,,ü,,,ü,ตรี,บริหารธุรกิจ,การจัดการ,,,,,,,,ต้นกล้า,,,,,,,,,,
709,2/4/2025,Vinom Pimta,,ü,,,,,,,,,,,,,,ต้นกล้า,,,,,,,,,,
710,2/4/2025,Kafa Kadar,,ü,,,,,,,,,,,,,,ต้นกล้า,,,,,,,,,,
711,2/4/2025,ปั้นต้น ชัยรุ่ง,,ü,,,ü,ตรี,รัฐศาสตร์,รัฐประศาสนศาสตร์,ปวส.,,,,,,,ต้นกล้า,,,,,,,,,,
712,2/4/2025,ชัยรัก ทิพจันทร์,,ü,,,,,,,,,,,,,,ต้นกล้า,,,,,,,,,,
713,2/4/2025,พร้อมน้ำ มั่นอุ่น,,ü,,,,,,,,,,,,,,ต้นกล้า,,,,,,,,,,
714,2/4/2025,Omdee Torsa,,ü,,,,,,,,,,,,,,ต้นกล้า,,,,,,,,,,
715,2/4/2025,Jogun Darom,,ü,,,ü,ตรี,รัฐศาสตร์,รัฐประศาสนศาสตร์,ปวส.,ü,,0899461091,สมัครแล้ว,ช่วงกลางวัน,จบ ปวส. ถามเรื่องเทียบโอน,ต้นกล้า,,,,,,,,,,
716,2/4/2025,ธิิดาพร้อม ธัญอัญ,,ü,,,,,,,,,,,,,,ต้นกล้า,,,,,,,,,,
717,2/4/2025,Fanu Wydee,,ü,,,,,,,,,,,,,,ปุ้้้้ย,,,,,,,,,,
718,2/4/2025,กัญปรีดา กุลวิไล ต้นอุ่น,,ü,,,,,,,,,,,,,,ปุ้้้้ย,,,,,,,,,,
719,2/4/2025,Kana Sonlu,,ü,,,,,,,,,,,,,,ปุ้้้้ย,,,,,,,,,,
720,2/4/2025,Pedee Ribo,,ü,,,,,,,,,,,,,,ปุ้้้้ย,,,,,,,,,,
721,2/4/2025,Kawan Nata,,ü,,,,,,,,,,,,,,ปุ้้้้ย,,,,,,,,,,
722,2/4/2025,Nuri Vinno,,ü,,,,,,,,,,,,,,ปุ้้้้ย,,,,,,,,,,
723,2/4/2025,Gunvin Pehel Joqua,,ü,,,,,,,,,,,,,,ปุ้้้้ย,,,,,,,,,,
724,2/4/2025,Rajo Fari,,ü,,,ü,ตรี,บริหารธุรกิจ,การจัดการโลจิสติกส์,,,,,,,,ปุ้้้้ย,,,,,,,,,,
725,2/4/2025,Luka Tazen,,ü,,,ü,ตรี,บริหารธุรกิจ,การจัดการ,ม.6,,,,,,,ปุ้้้้ย,,,,,,,,,,
726,2/4/2025,Quason Nawan,,ü,,,ü,ตรี,บริหารธุรกิจ,การจัดการโลจิสติกส์,ม.6,ü,,,,,,ปุ้้้้ย,,,,,,,,,,
727,2/4/2025,Darka Ixra Sirmel,,ü,,,ü,ตรี,บริหารธุรกิจ,การจัดการ,ม.6,ü,,,,,,ปุ้้้้ย,,,,,,,,,,
728,2/4/2025,Deeri,ü,,,,ü,ตรี,บริหารธุรกิจ,การจัดการ,ปวช.,,ü,0816940314,15/3/2025,ช่่วงเย็น,,ปุ้้้้ย,10/2/2025 ขอปรึกษาครอบครัวก่อน,16/2/2025 ขอปรึกษาครอบครัวก่อน,ต้้นโทร 12/3/2025 16.00 น. ขอดูค่าใช้จ่ายก่อน,ต้้นโทร 15/3/2025 16.31 น. สนใจเรียนภาคทางไกล,,,,,,
729,2/5/2025,มณีบุญ นุชพิม,,ü,,,ü,ตรี,รัฐศาสตร์,รัฐประศาสนศาสตร์,ปวช.,,,,,,,ต้นกล้า,,,,,,,,,,
730,2/5/2025,RAMON MELUL RIIX,,ü,,,ü,ตรี,บริหารธุรกิจ,การจัดการ,ม.6,,,0892786346,ไม่ต้องโทร,16.00,ขอเวลาตัดสินใจ,ต้นกล้า,10/2/2025 ขอปรึกษาครอบครัวก่อน,ปุ้ยโทร 11/03/2025 ปิดเครื่อง,ปุ้ยโทร 14/03/2025 ไม่รับสาย,ปุ้้ยโทร 27/03/2025 ปิดเครื่อง,ต้้นโทร 29/3/2025 16.17 น. ปิดเครื่อง,,,,,
731,2/5/2025,Fagun Fagun,,ü,,,ü,โท,บริหารธุรกิจ,การจัดการ,ปริญญาตรี,,ü,0972290595,10/03/2025,ช่วงเย็น,,ต้นกล้า,10/2/2025 ขอปรึกษาครอบครัวก่อน,ต้นโทร 12/3/2025 16.15 น. ไม่สมัคร ทำงานไม่ว่าง,,,,,,,,
732,2/5/2025,ใบ้สิน แก้วรัก,,ü,,,ü,ตรี,รัฐศาสตร์,รัฐประศาสนศาสตร์,ปวช.,,,,,,,ต้นกล้า,,,,,,,,,,
733,2/5/2025,Pesa Nopon,,ü,,,ü,ตรี,บริหารธุรกิจ,การจัดการโลจิสติกส์,ม.6,,,,,,,ต้นกล้า,,,,,,,,,,
734,2/5/2025,Fasa Faver,,ü,,,,,,,,,,,,,,ต้นกล้า,,,,,,,,,,
735,2/5/2025,Sirna Melvin,,ü,,,ü,ตรี,รัฐศาสตร์,รัฐประศาสนศาสตร์,ม.6,,ü,0616631075,15/03/2025,ช่วงเย็น,,ต้นกล้า,10/2/2025 ขอคิดดูก่อน,16/2/2025 ขอคิดดูก่อน,ต้นโทร 12/3/2025 16.20 น. ขอปรึกษาครอบครัวก่อน,ต้นโทร 15/3/2025 สนใจสมัคร รอเงินเดือนออก,,,,,,
736,2/5/2025,Chailu Tator Chailu Tator,,ü,,,,,,,,,,,,,,ต้นกล้า,,,,,,,,,,
737,2/5/2025,เดือนมั่น น้ำวัน,,ü,,,ü,ตรี,รัฐศาสตร์,รัฐประศาสนศาสตร์,ม.6,,ü,,,,,ต้นกล้า,,,,,,,,,,
738,2/5/2025,ปรีดาวัน อุ่นใบ้,,ü,,,,,,,,,,,,,,ต้นกล้า,,,,,,,,,,
739,2/5/2025,ปิ่นนุช พิมบุญ,,ü,,,,,,,,,,,,,,ต้นกล้า,,,,,,,,,,
740,2/5/2025,จันทร์ภู่ มณีสิน,,ü,,,,,,,,,,,,,,ต้นกล้า,,,,,,,,,,
741,2/5/2025,Naom Yator,,ü,,,ü,ตรี,บริหารธุรกิจ,การจัดการ,ม.6,,,,,,,ต้นกล้า,,,,,,,,,,
742,2/5/2025,Tiptip HELSON Sirrat,,ü,,,,,,,,,,,,,,ต้นกล้า,,,,,,,,,,
743,2/5/2025,Ixno Ponix,,ü,,,ü,ตรี,บริหารธุรกิจ,การจัดการโลจิสติกส์,ปวช.,ü,,0826936473,ไม่ต้้องโทร,ช่วงบ่าย,ถามว่าต้องมาสอบที่มหาวิทยาลัยไหม,ต้นกล้า,ปุ้้้ยโทร 11/03/2025 ขอปรึกษาครอบครัวก่อน,ต้้นโทร 12/3/2025 13.49 ขอดูค่าใช้จ่ายก่อน,ต้้นโทร 15/3/2025 13.10 น. ยังไม่ตัดสินใจ,ต้นโทร 19/3/2025 13.28 น. ขอดูค่าใช้จ่ายก่อน,ปุ้้ยโทร 20/03/2025 ปิดเครื่อง,ต้นโทร 21/3/2025 16.09 น. ปิดเครื่อง,,,,
744,2/5/2025,Kitson Lekit,,ü,,,,,,,,,,,,,,ปุ้้้้้ย,,,,,,,,,,
745,2/5/2025,Darrat Tipul,,ü,,,,,,,,,,,,,,ปุ้้้้้ย,,,,,,,,,,
746,2/5/2025,Omtor GUNTA.Kason,,ü,,,,,,,,,,,,,,ปุ้้้้้ย,,,,,,,,,,
747,2/5/2025,Chaipon Wynu Monra,,ü,,,ü,ตรี,บริหารธุรกิจ,การจัดการ,ม.6,ü,,0645836347,ไม่ต้องโทร,18.00,,ปุ้้้้้ย,ปุ้้้ยโทร 11/03/2025 ขอปรึกษาครอบครัวก่อน,ปุ้ยโทร 12/03/2025 ยังไม่ตัดสินใจ,ปุ้ยโทร 16/03/2025 ขอปรึกษาครอบครัวก่อน,ปุ้ยโทร 18/03/2025 ขอปรึกษาครอบครัวก่อน,ปุ้ยโทร 19/03/2025 ยังไม่ตัดสินใจ,ปุ้ยโทร 20/03/2025 ขอคิดดูก่อน,,,,
748,2/5/2025,ศิริธัญ ฟ้าวัน,,ü,,,,,,,,,,,,,,ปุ้้้้้ย,,,,,,,,,,
749,2/5/2025,Kitver Luul,,ü,,,,,,,,,,,,,,ปุ้้้้้ย,,,,,,,,,,
750,2/5/2025,ฟ้้าพร้อม ฟ้าพร้อม,,ü,,,,,,,,,,,,,,ปุ้้้้้ย,,,,,,,,,,
751,2/6/2025,Omkit Kitul,,ü,,,ü,โท,บริหารธุรกิจ,บริหารธุรกิจ,ป.ตรี,ü,,0632237730,17/02/2025,ช่วงเย็น,,ปุ้้้้้ย,ขอดูค่าใช้จ่ายก่อน,ต้้นโทร 11/3/2025 16.22น. สนใจสมัคร รอเงินเดือนออก,,,,,,,,
752,2/6/2025,Deewy Wyix,,ü,,,,,,,,,,,,,,ปุ้้้้้ย,,,,,,,,,,
753,2/6/2025,Ulbo Bodee,,ü,,,,,,,,,,,,,,ปุ้้้้้ย,,,,,,,,,,
754,2/6/2025,Boul Ulzen,,ü,,,,,,,,,,,,,,ปุ้้้้้ย,,,,,,,,,,
755,2/6/2025,Melpe Omsir,,ü,,,,,,,,,,,,,,ปุ้้้้้ย,,,,,,,,,,
756,2/7/2025,Yabo Ixsa,,ü,,,ü,ตรี,บริหารธุรกิจ,การจัดการโลจิสติกส์,ม.6,,ü,0646477779,ไม่ต้องโทรแล้ว,16.00,ขอเวลาตัดสินใจ,ปุ้ย,10/2/2025 ขอคิดดูก่อน,ปุ้ยโทร 11/03/2025 นัดโทรอีกครั้งสัปดาห์หน้า,ต้นโทร 19/3/2025 16.55 น. โทรใหม่หลังเลิกงาน,ปุ้ยโทร 20/03/2025 ขอดูค่าใช้จ่ายก่อน,ปุ้ยโทร 21/03/2025 ขอดูค่าใช้จ่ายก่อน,ต้นโทร 27/3/2025 16.44 ขอคิดดูก่อน,ต้นโทร 29/3/2025 16.13 น. ขอดูค่าใช้จ่ายก่อน,ต้นโทร 30/3/2025 16.07 น. ไม่รับสาย,ปุ้ยโทร 31/03/2025 ไม่ได้รับสาย,ต้นโทร 1/4/2025 13.38 น. ไม่ได้รับสาย
757,2/7/2025,อัญมั่น เพ็ญภูมิ,,ü,,,,,,,,,,,,,,ปุ้้้้้ย,,,,,,,,,,
758,2/7/2025,Zenson Sonan,,ü,,,,,,,,,,,,,,ปุ้้้้้ย,,,,,,,,,,
759,2/7/2025,Raver Wanri,,ü,,,,,,,,,,,,,,ปุ้้้้้ย,,,,,,,,,,
760,2/7/2025,Ixwan Chaimel,,ü,,,,,,,,,,,,,,ปุ้้้้้ย,,,,,,,,,,
761,2/7/2025,Pimzen Bokit,,ü,,,,,,,,,,,,,,ปุ้้้้้ย,,,,,,,,,,
762,2/7/2025,Wannu Ixdee,,ü,,,,,,,,,,,,,,ปุ้้้้้ย,,,,,,,,,,
763,2/7/2025,Ponchai Lepe,,ü,,,,,,,,,,,,,,ปุ้้้้้ย,,,,,,,,,,
764,2/7/2025,มณีรัก สุขกัญ,,ü,,,,,,,,,,,,,,ปุ้้้้้ย,,,,,,,,,,
765,2/7/2025,Ulrat Torchai,,ü,,,ü,ตรี,บริหารธุรกิจ,การจัดการ,ปวส.,,ü,0602037279,สมัครแล้ว,เสาร์-อาทิตย์ 15.00,นัดชำระ 500 บาท,ปุ้ย,16/2/2025 ขอดูค่าใช้จ่ายก่อน,ต้นโทร 16/3/2025 16.36 น. สนใจสมัคร ขอเวลาตัดสินใจ,ต้นโทร 19/3/2025 16.25 น. สนใจสมัคร ขอเวลาตัดสินใจ,,,,,,,
766,2/7/2025,ฟ้าสุข ขวัญศิริ,,ü,,,,,,,,,,,,,,ปุ้้้้้ย,,,,,,,,,,
767,2/7/2025,อุ่นศิริ ศิริชัย,,ü,,,,,,,,,,,,,,ปุ้้้้้ย,,,,,,,,,,
768,2/7/2025,ปั้นมั่น สุขดี,,ü,,,,,,,,,,,,,,ปุ้้้้้ย,,,,,,,,,,
769,2/7/2025,มั่นพร้อม ภู่ธิดา,ü,,,,,,,,,,,,,,,ปุ้้้้้ย,,,,,,,,,,
770,2/8/2025,Ratdar Helle,,ü,,,ü,ตรี,บริหารธุรกิจ,การจัดการ,ปวส.,,,,,,,ต้นกล้า,,,,,,,,,,
771,2/8/2025,Torom Anrat,,ü,,,,,,,,,,,,,,ต้นกล้า,,,,,,,,,,
772,2/8/2025,Darnu Monsir,,ü,,,ü,ตรี,บริหารธุรกิจ,การจัดการ,ม.6,,,,,,,ต้นกล้า,,,,,,,,,,
773,2/8/2025,Monkit Darrat,,ü,,,ü,ตรี,บริหารธุรกิจ,การจัดการ,ม.6,,,,,,,ต้นกล้า,,,,,,,,,,
774,2/8/2025,Fafa Yaya,,ü,,,,,,,,,,,,,,ต้นกล้า,,,,,,,,,,
775,2/8/2025,Josir Fakit,,ü,,,ü,ตรี,รัฐศาสตร์,รัฐประศาสนศาสตร์,ม.6,ü,,0893507368,ไม่่สมัคร,16.00,,ต้นกล้า,ต้้นโทร 11/3/2025 16.30 น. ขอให้ติดต่อใหม่ช่วงเย็น,ปุ้ยโทร 17/03/2025 ไม่รับสาย,ต้นโทร 19/3/2025 16.21 น. สนใจเรียนภาคทางไกล,ปุ้ยโทร 20/03/2025 ได้ที่เรียนแล้ว,,,,,,
776,2/8/2025,นุชจิต สุขฤดี,,ü,,,,,,,,,,,,,,ต้นกล้า,,,,,,,,,,
777,2/8/2025,Jodar Jodar,,ü,,,ü,ตรี,บริหารธุรกิจ,การจัดการ,ม.6,ü,,0926459470,14/3/2025,10.00,,ต้นกล้า,10/2/2025 ขอคิดดูก่อน,ขอคิดดูก่อน,16/2/2025 ไม่ได้รับสาย,ต้นโทร 11/3/2025 14.13 น. ขอปรึกษาครอบครัวก่อน,ต้นโทร 14/3/2025 13.14 น. สนใจเรียนภาคทางไกล,,,,,
778,2/8/2025,Ledar'saul Ixver,,ü,,,ü,ตรี,บริหารธุรกิจ,การจัดการ,,,,,,,,ต้นกล้า,,,,,,,,,,
779,2/8/2025,Nover Omka,,ü,,,ü,ตรี,บริหารธุรกิจ,การจัดการ,กศน. ม.6,,,0639109542,7/4/2025,18.30,สนใจกู้ กยศ.,ต้นกล้า,ต้นโทร 11/3/2025 14.45 น. ขอปรึกษาครอบครัวก่อน,ต้นโทร 14/3/2025 13.26 น. ขอคิดดูก่อน,ปุ้ยโทร 16/03/2025 ขอปรึกษาครอบครัวก่อน,ปุ้ยโทร 31/03/2025 ขอคิดดูก่อน,ต้นโทร 2/4/2025 14.59 น. สนใจสมัคร รอเงินเดือนออก,,,,,
780,2/8/2025,ใบ้แก้ว ใบ้แก้ว ,,ü,,,ü,ตรี,บริหารธุรกิจ,การจัดการโลจิสติกส์,ม.6,,ü,0992071359,ไม่สมัคร,20.30,,ต้นกล้า,ปุ้้ยโทร. 10/03/2025 ขอปรึกษาครอบครัวก่อน,ปุ้้ยโทร. 12/03/2025 ขอคิดดูก่อน,ปุ้ยโทร 15/03/2025 ปิดเครื่อง,ปุ้ยโทร 20/03/2025 ได้ที่เรียนแล้ว,,,,,,
781,2/8/2025,Zenmon Pimfa,,ü,,,,,,,,,,,,,,ต้นกล้า,,,,,,,,,,
783,2/8/2025,Deevin Zenpe,,ü,,,,,,,,,,,,,,ต้นกล้า,,,,,,,,,,
784,2/8/2025,Deehel Nuan,,ü,,,,,,,,,,,,,,ต้นกล้า,,,,,,,,,,
785,2/8/2025,Nuta Wyqua,,ü,,,,,,,,,,,,,,ต้นกล้า,,,,,,,,,,
786,2/8/2025,Raix Raix Leta,,ü,,,,,,,,,,,,,,ต้นกล้า,,,,,,,,,,
787,2/8/2025,Helfa Darchai,,ü,,,,,,,,,,,,,,ต้นกล้า,,,,,,,,,,
788,2/8/2025,Ratqua Monlu Monqua,,ü,,,ü,ตรี,บริหารธุรกิจ,การจัดการโลจิสติกส์,ปวช.,,,,,,,ต้นกล้า,,,,,,,,,,
789,2/8/2025,Torwy Yachai,ü,,,,ü,ตรี,,,ปวส.,,,,,,,ต้นกล้า,,,,,,,,,,
790,2/8/2025,ภัทรธัญ น้ำมณี,,ü,,ü,,ตรี,รัฐศาสตร์,รัฐประศาสนศาสตร์,กศน. ม.6,,ü,0956542047,สมััครแล้ว,สะดวกช่วง 9 โมง,นัดชำระ 500 บาท,ปุ้ย,8/2/2025 ขอคิดดูก่อน,,,,,,,,,
791,2/8/2025,Vernu Riqua,,ü,,,,,,,,,,,,,,ปุ้้้้้้ย,,,,,,,,,,
792,2/8/2025,ปรีดาธิดา พิมกิ่ง,,ü,,,ü,ตรี,บริหารธุรกิจ,การจัดการโลจิสติกส์,ม.6,,,,,,,ปุ้้้้้้ย,,,,,,,,,,
793,2/8/2025,Sason Mondar Sason,,ü,,,,,,,,,,,,,,ปุ้้้้้้ย,,,,,,,,,,
794,2/8/2025,Sonya Darpon,,ü,,,ü,ตรี,บริหารธุรกิจ,การจัดการ,,ü,,0887994869,,ช่วงเย็น,ช่่วงเย็นสะดวกคุย, ปุ้ย ,10/2/2025 ไม่ได้รับสาย,13/02/2025 ขอดูค่าใช้จ่ายก่อน,16/2/2025 ไม่ได้รับสาย,,,,,,,
795,2/8/2025,บุญขวัญ น้ำธิดา,,ü,,,,,,,,,,,,,,ปุ้้้้้้ย,,,,,,,,,,
796,2/8/2025,Ponsir Pondee,,ü,,,,,,,,,,,,,,ปุ้้้้้้ย,,,,,,,,,,
797,2/8/2025,จันทร์พิม ปั้นรัก,,ü,,,,,,,,,,,,,,ปุ้้้้้้ย,,,,,,,,,,
798,2/8/2025,Helul Wyle,,ü,,,,,,,,,,,,,,ปุ้้้้้้ย,,,,,,,,,,
799,2/8/2025,Raver Vermel,,ü,,,,,,,,,,,,,,ปุ้้้้้้ย,,,,,,,,,,
800,2/8/2025,Nagun Tiprat,,ü,,,,,,,,,,,,,,ปุ้้้้้้ย,,,,,,,,,,
801,2/8/2025,วันปั้น รักภู่,,ü,,,,,,,,,,,,,,ปุ้้้้้้ย,,,,,,,,,,
802,2/8/2025,กิ่งพิม ดีดี,,ü,,,,,,,,,,,,,,ปุ้้้้้้ย,,,,,,,,,,
803,2/9/2025,Dardee Sasa,,ü,,,,,,,,,,,,,,ต้นกล้า,,,,,,,,,,
804,2/9/2025,Tape Quano,,ü,,,ü,ตรี,บริหารธุรกิจ,การจัดการ,ม.6,,,,,,,ต้นกล้า,,,,,,,,,,
805,2/9/2025,Ixqua Kanu,,ü,,,,,,,,,,,,,,ต้นกล้า,,,,,,,,,,
806,2/9/2025,กัญสิน ปรีดาต้น,,ü,,,,,,,,,,,,,,ต้นกล้า,,,,,,,,,,
807,2/9/2025,Wanver Darpim,,ü,,,,,,,,,,,,,,ต้นกล้า,,,,,,,,,,
809,2/9/2025,มั่นต้น มั่นวิไล,,ü,,,ü,โท,,,,,,,,,,ต้นกล้า,,,,,,,,,,
810,2/9/2025,Ratsir Anwy,,ü,,,ü,ตรี,บริหารธุรกิจ,การจัดการ,ม.6,,,,,,,ต้นกล้า,,,,,,,,,,
811,2/9/2025,สินจันทร์ จันทร์ณัฐ,,ü,,,,,,,,,,,,,,ต้นกล้า,,,,,,,,,,
812,2/9/2025,มณีศิริ บุญสุข,,ü,,,,,,,,,,,,,,ต้นกล้า,,,,,,,,,,
813,2/9/2025,LUSON'napon Bowy,,ü,,,,,,,,,,,,,,ต้นกล้า,,,,,,,,,,
814,2/9/2025,Kata Ponfa,,ü,,,ü,ตรี,บริหารธุรกิจ,การจัดการ,ปวส.,,,,,,,ต้นกล้า,,,,,,,,,,
815,2/9/2025,ANTOR,ü,,,,ü,ตรี,บริหารธุรกิจ,การจัดการ,,,,,,,,ต้นกล้า,,,,,,,,,,
816,2/9/2025,Gunle Deever,,ü,,ü,,ตรี,วิศวกรรมศาสตร์,วิิศวโยธา,ปวส.,,ü,0650513746,5/4/2025,17.30,อยากเรียนเฉพาะเสาร์อาทิตย์,ปุ้ย,ต้นโทร 12/3/2025 14.20 ขอคิดดูก่อน,,ต้นโทร 15/3/2025 13.18 น. ขอปรึกษาครอบครัวก่อน,ต้นโทร 23/3/2025 13.32 น. ไม่ได้รับสาย,24/3/2025 12.35 น. ขอคิดดูก่อน,ปุ้ยโทร 31/03/2025 ขอปรึกษาครอบครัวก่อน,ต้้นโทร 1/4/2025 13.42 น. สนใจสมัคร ขอเวลาตัดสินใจ,,,
817,2/9/2025,Yatip Nahel,,ü,,,,,,,,,,,,,,ปุ้ย,,,,,,,,,,
818,2/9/2025,Pimtip Tipka,,ü,,,,,,,,,,,,,,ปุ้ย,,,,,,,,,,
819,2/9/2025,Pedee Ribo,,ü,,,,,,,,,,,,,,ปุ้ย,,,,,,,,,,
820,2/9/2025,Nozen Kitmon,,ü,,,ü,ตรี,บริหารธุรกิจ,การจัดการ,ม.6,ü,,0608221445,สมัครที่อื่นไปแล้ว,,ช่่วงเย็นสะดวกคุย,ปุ้ย,16/2/2025 ไม่ได้รับสาย,,,,,,,,,
821,2/9/2025,Boson Josa,,ü,,,,,,,,,,,,,,ปุ้ย,,,,,,,,,,
822,2/9/2025,Rina Anhel,,ü,,,,,,,,,,,,,,ปุ้ย,,,,,,,,,,
823,2/9/2025,Kitver Luul,,ü,,,,,,,,,,,,,,ปุ้ย,,,,,,,,,,
824,2/9/2025,Lebo Deerat,,ü,,,ü,ตรี,บริหารธุรกิจ,การจัดการ,ม.6,,,,,,,ปุ้ย,,,,,,,,,,
825,2/9/2025,ภูมินุช ,ü,,,,ü,ตรี,รัฐศาสตร์,รัฐประศาสนศาสตร์,ปวช,ü,,0613050618,สมัครเรียนแล้ว,สะดวกช่วงเช้า,ขอเอกสารหลักสูตรทางไลน์,ปุ้ย,โทรใหม่หลังเลิกงาน,,,,,,,,,
826,2/9/2025,ยิ่งนิ่ม,ü,,,,,,,,,,,,,,,ปุ้ย,,,,,,,,,,
827,2/9/2025,Ixix Monvin,,ü,,,,,,,,,,,,,,ปุ้ย,,,,,,,,,,
828,2/10/2025,RIDEE'Tatip Gunnu,,ü,,,ü,ตรี,บริหารธุรกิจ,การจัดการ,ปวส.,,,,,,,ต้นกล้า,,,,,,,,,,
829,2/10/2025,Quarat Sawan,,ü,,,,,,,,,,,,,,ต้นกล้า,,,,,,,,,,
830,2/10/2025,อุ่นขวัญ ฤดีบุญ,,ü,,,,,,,,,,,,,,ต้นกล้า,,,,,,,,,,
831,2/10/2025,สุขฟ้า ธัญชื่น',,ü,,,,,,,,,,,,,,ต้นกล้า,,,,,,,,,,
832,2/10/2025,Jomel CHAINO-sonvin,,ü,,,ü,ตรี,บริหารธุรกิจ,การจัดการ,กศน. ม.6,,,,,,,ต้นกล้า,,,,,,,,,,
833,2/10/2025,Ponnu,,ü,,,,,,,,,,,,,,ต้นกล้า,,,,,,,,,,
834,2/10/2025,Kittip Sonra,,ü,,,,,,,,,,,,,,ต้นกล้า,,,,,,,,,,
835,2/10/2025,ยิ่งภู่ ฟ้าภู่,,ü,,,,,,,,,,,,,,ต้นกล้า,,,,,,,,,,
836,2/10/2025,Zensir Gunsa,,ü,,,ü,ตรี,บริหารธุรกิจ,การจัดการโลจิสติกส์,ม.6,,,,,,,ต้นกล้า,,,,,,,,,,
837,2/10/2025,Helta Ixpe,,ü,,,ü,,วิศวกรรมศาสตร์,,,,,,,,,ต้นกล้า,,,,,,,,,,
838,2/10/2025,Pimsir Omya,,ü,,,ü,ตรี,บริหารธุรกิจ,การจัดการ,ม.6,,,0998369799,20/03/2025,12.00,รอปรึกษาที่บ้านก่อน,ต้นกล้า,ปุ้ยโทร 10/03/2025 ขอดูค่าใช้จ่ายก่อน,ต้นโทร 11/3/2025 14.17 น. สนใจเรียนภาคทางไกล,ต้นโทร 14/3/2025 13.47 น. ขอดูค่าใช้จ่ายก่อน,ต้นโทร 17/3/2025 13.00 ขอปรึกษาครอบครัวก่อน,ต้นโทร 20/3/2025 12.56 น. สนใจสมัคร รอเงินเดือนออก,,,,,
839,2/10/2025,กัญใบ้ ทิพสิน,,ü,,,,,,,,,,,,,,ต้นกล้า,,,,,,,,,,
840,2/10/2025,Luwan Ixul,,ü,,,ü,ตรี,บริหารธุรกิจ,การจัดการ,ปวส.,ü,,,,,,ต้นกล้า,,,,,,,,,,
841,2/10/2025,Helsir Pimnu,,ü,,,ü,ตรี,รัฐศาสตร์,รัฐประศาสนศาสตร์,ปวส.,ü,,,,,,ต้นกล้า,,,,,,,,,,
842,2/10/2025,Ulsa Ratul,,ü,,,,,,,,,,,,,,ต้นกล้า,,,,,,,,,,
843,2/10/2025,Melrat Ratgun,,ü,,,ü,ตรี,บริหารธุรกิจ,การจัดการ,ปวช.,,ü,0674269021,ไม่ต้องโทร,ช่วงเย็น,,ต้นกล้า,ปุ้ยโทร 16/03/2025 ปิดเครื่อง,พี่ต่ายโทร 17/03/2025 ไม่ได้รับสาย,ปุ้ยโทร 19/03/2025 ปิดเครื่อง,ปุ้ยโทร 20/03/2025 ไม่รับสาย,ปุ้ยโทร 21/03/2025 ไม่รับสาย,ปุ้้ยโทร 22/03/2025 ยังไม่ตัดสินใจ,,,,
844,2/10/2025,ปิ่นสิน รักพร้อม,,ü,,,ü,ตรี,บริหารธุรกิจ,การจัดการ,ปวส.,,,,,,,ต้นกล้า,,,,,,,,,,
845,2/10/2025,Zentor Ratpim,,ü,,,ü,ตรี,บัญชี,,,,,,,,,ต้นกล้า,,,,,,,,,,
846,2/10/2025,Sadar Wanwy,,ü,,,ü,ตรี,บริหารธุรกิจ,การจัดการโลจิสติกส์,ปวส.,ü,,0914979661,14/03/2025,10.00,,ต้นกล้า,ปุ้ยโทร 10/03/2025 ยังไม่ตัดสินใจ,ต้นโทร 14/3/2025 13.09 น. สนใจสมัคร ขอเวลาตัดสินใจ,,,,,,,,
847,2/10/2025,ณัฐนุช บุญวิไล,,ü,,,,,,,,,,,,,,ต้นกล้า,,,,,,,,,,
848,2/10/2025,Sonjo Rata,,ü,,,,,,,,,,,,,,ต้นกล้า,,,,,,,,,,
849,2/10/2025,Helver,ü,,,,ü,ตรี,บริหารธุรกิจ,การจัดการโลจิสติกส์,ปวส.,,,,,,,ต้นกล้า,,,,,,,,,,
850,2/10/2025,Lenu Ledee,,ü,,,,,,,,,,,,,,ปุ้ย,,,,,,,,,,
851,2/10/2025,Ponchai Lepe,,ü,,,,,,,,,,,,,,ปุ้ย,,,,,,,,,,
852,2/10/2025,ขวัญปิ่น ขวัญสิน,,ü,,,,,,,,,,,,,,ปุ้ย,,,,,,,,,,
853,2/10/2025,Pimrat Jokit,,ü,,,,,,,,,,,,,,ปุ้ย,,,,,,,,,,
854,2/10/2025,Ranu Sirpim,,ü,,,,,,,,,,,,,,ปุ้ย,,,,,,,,,,
855,2/10/2025,กัญภู่ เดือนสุข,,ü,,,,,,,,,,,,,,ปุ้ย,,,,,,,,,,
856,2/10/2025,Sirpe Vinkit,,ü,,,,,,,,,,,,,,ปุ้ย,,,,,,,,,,
857,2/10/2025,Vinhel Tortor,,ü,,,ü,ตรี,บริหารธุรกิจ,การจัดการ,กศน. ม.6,,,,,,,ปุ้ย,,,,,,,,,,
858,2/11/2025,Ratsa,ü,,,,,,,,,,,,,,,ต้นกล้า,,,,,,,,,,
859,2/11/2025,Sirdee,ü,,,,ü,ตรี,บริหารธุรกิจ,การจัดการโลจิสติกส์,ปวส.,,,,,,,ต้นกล้า,,,,,,,,,,
860,2/11/2025,Wywy Ixmon,,ü,,,,,,,,,,,,,,ต้นกล้า,,,,,,,,,,
861,2/11/2025,Sari Samel,,ü,,,,,,,,,,,,,,ต้นกล้า,,,,,,,,,,
862,2/11/2025,Ratqua Kittor,,ü,,,,,,,,,,,,,,ต้นกล้า,,,,,,,,,,
863,2/11/2025,ยิ่งศิริ พร้อมศิริ,,ü,,,ü,โท,บริหารธุรกิจ,,,,,,,,,ต้นกล้า,,,,,,,,,,
864,2/11/2025,Darwan Kitwan,,ü,ü,,,ตรี,บริหารธุรกิจ,การจัดการโลจิสติกส์,,,,,,,,ต้นกล้า,,,,,,,,,,
865,2/11/2025,Nufa Songun,,ü,,,,,,,,,,,,,,ต้นกล้า,,,,,,,,,,
866,2/11/2025,Yaqua Sirzen,,ü,,,,,,,,,,,,,,ต้นกล้า,,,,,,,,,,
867,2/11/2025,Tortip Verra,,ü,,,,,,,,,,,,,,ต้นกล้า,,,,,,,,,,
868,2/11/2025,น้ำใบ้ ปิ่นภัทร,,ü,,,,,,,,,,,,,,ต้นกล้า,,,,,,,,,,
869,2/11/2025,Lesa Noan,,ü,,,ü,ตรี,บริหารธุรกิจ,การจัดการ,กศน. ม.6,ü,,,,,,ต้นกล้า,,,,,,,,,,
870,2/11/2025,วิไลมั่น ภัทรภูมิ,,ü,,,ü,ตรี,บริหารธุรกิจ,การจัดการ,ม.6,,,,,,,ต้นกล้า,,,,,,,,,,
871,2/11/2025,Darsir Yaver,,ü,,,ü,ตรี,บริหารธุรกิจ,การจัดการ,ปวส.,ü,,0910108936,ไม่ต้องโทร,11.00-13.00,,ต้นกล้า,ขอให้ติดต่อใหม่ช่วงเย็น,ต้นโทร 14/3/2025 13.22 น. ขอดูค่าใช้จ่ายก่อน,ต้้นโทร 17/3/2025 12.51 น. ไม่ได้รับสาย,ปุ้ยโทร 19/03/2025 ปิดเครื่อง,ต้นโทร 20/3/2025 13.02 น. ไม่รับสาย,ปุ้ยโทร 23/03/2025 ไม่รับสาย,,,,
872,2/11/2025,Tiple Zendee,,ü,,,ü,ตรี,บริหารธุรกิจ,การจัดการ,ม.6,,,,,,,ต้นกล้า,,,,,,,,,,
873,2/11/2025,Raul Ponpim,,ü,,,,,,,,,,,,,,ต้นกล้า,,,,,,,,,,
874,2/11/2025,Darmel Torqua Fabo,,ü,,,ü,ตรี,บริหารธุรกิจ,คอมพิวเตอร์ธุรกิจ,,,,,,,,ต้นกล้า,,,,,,,,,,
875,2/11/2025,ฟ้าจันทร์ นิ่มมั่น ธัญฤดี,,ü,,,,,,,,,,,,,,ปุ้้ย,,,,,,,,,,
876,2/11/2025,จันทร์พร้อม รุ่งธิดา,,ü,,,,,,,,,,,,,,ปุ้้ย,,,,,,,,,,
877,2/11/2025,Melbo Melbo,,ü,,,,,,,,,,,,,,ปุ้้ย,,,,,,,,,,
878,2/11/2025,ขวัญปั้น นุชชื่น จิตฟ้า,,ü,,,,,,,,,,,,,,ปุ้้ย,,,,,,,,,,
879,2/11/2025,Deezen Melan,,ü,,,,,,,,,,,,,,ปุ้้ย,,,,,,,,,,
880,2/11/2025,Ulqua Wyno,,ü,,,,,,,,,,,,,,ปุ้้ย,,,,,,,,,,
881,2/11/2025,Chaiwy Saan,,ü,,,,,,,,,,,,,,ปุ้้ย,,,,,,,,,,
883,2/11/2025,Kitvin Verle,,ü,,,ü,ตรี,บริหารธุรกิจ,การจัดการโลจิสติกส์,กศน. ม.6,ü,,0875793571,ไม่ต้องโทร,19.30,,ปุ้้ย,09/03/2025 ขอดูค่าใช้จ่ายก่อน,ต้นโทร 10/3/2025 12.11 น. ปิดเครื่อง,ปุ้ยโทร 13/03/2025 ไม่รับสาย,ปุ้ยโทร 16/03/2025 ปิดเครื่อง,ปุ้ยโทร 19/03/2025 ปิดเครื่อง,ปุ้ยโทร 20/03/2025 ไม่รับสาย,,,,
884,2/12/2025,Deeix Gunqua,,ü,,,,,การจัดการ,,,,,0654402125,17/02/2025,,เคยสมัครไว้ปีที่แล้ว,ปุ้้ย,13/2/2025 ขอดูค่าใช้จ่ายก่อน,16/2/2025 ยังไม่ตัดสินใจ,,,,,,,,
885,2/12/2025,Luwan nule,,ü,,,ü,ตรี,บริหารธุรกิจ,การจัดการ,ปวส.,ü,,0835415638,สมัครที่อื่นไปแล้ว,ช่วงเย็น,,ปุ้้ย,ปุ้ยโทร 09/03/2025 ขอคิดดูก่อน,ต้นโทร 10/3/2025 16.32 น. ขอคิดดูก่อน,,,,,,,,
886,2/12/2025,พร้อมใบ้ จิตเพ็ญ,,ü,,,ü,ตรี,บริหารธุรกิจ,การจัดการ,กศน. ม.6,ü,,0831838180,10/01/2026,ช่วงเย็น,,ปุ้้ย,ปุ้ยโทร 08/03/2025 ขอดูค่าใช้จ่ายก่อน,ต้นโทร 10/3/2025 16.35 น. ไม่รับสาย,ปุ้ยโทร 13/03/2025 ขอคิดดูก่อน,,,,,,,
887,2/12/2025,Quaka Luno,,ü,,,,,,,,,,,,,,ปุ้้ย,,,,,,,,,,
888,2/12/2025,Sonzen Vinna,,ü,,,,,,,,,,,,,,ปุ้้ย,,,,,,,,,,
889,2/12/2025,Vinpon Gunsir,,ü,,,,,,,,,,,,,,ต้นกล้า,,,,,,,,,,
890,2/12/2025,Wyzen Verzen,,ü,,,,,,,,,,,,,,ต้นกล้า,,,,,,,,,,
891,2/12/2025,Sonzen Vinna,,ü,,,,,,,,,,,,,,ต้นกล้า,,,,,,,,,,
892,2/12/2025,สินนุช ขวัญฟ้า,,ü,,,,,,,,,,,,,,ต้นกล้า,,,,,,,,,,
893,2/12/2025,ยิ่งศิริ ต้นฟ้า,,ü,,,ü,โท,บริหารธุรกิจ,,,,,,,,,ต้นกล้า,,,,,,,,,,
894,2/12/2025,จันทร์พิม ปั้นรัก,,ü,,,ü,โท,,,,,,,,,,ต้นกล้า,,,,,,,,,,
895,2/12/2025,Tazen Fason,,ü,,,ü,ตรี,รัฐศาสตร์,รัฐประศาสนศาสตร์,ม.6,,,,,,,ต้นกล้า,,,,,,,,,,
896,2/12/2025,Darpim Darpim,,ü,,,ü,ตรี,บริหารธุรกิจ,การจัดการ,ปวช.,,,,,,,ต้นกล้า,,,,,,,,,,
897,2/12/2025,นุชอุ่น นุชอุ่น,,ü,,,,,,,,,,,,,,ต้นกล้า,,,,,,,,,,
898,2/12/2025,Omix Torjo,,ü,,,,,,,,,,,,,,ต้นกล้า,,,,,,,,,,
899,2/12/2025,Nole Rison,,ü,,,,,,,,,,,,,,ต้นกล้า,,,,,,,,,,
900,2/12/2025,Quana Tawy,,ü,,,ü,ตรี,บริหารธุรกิจ,การจัดการโลจิสติกส์,ม.6,,,,,,,ต้นกล้า,,,,,,,,,,
901,2/12/2025,Tipna Faom,,ü,,,ü,ตรี,บริหารธุรกิจ,การจัดการ,ปวส.,,ü,,,,,ต้นกล้า,,,,,,,,,,
902,2/12/2025,Gunjo Sonpe,,ü,,,ü,ตรี,บริหารธุรกิจ,การจัดการ,ปวส.,ü,,0872136784,ไม่ต้องโทร,ช่วงเย็น,,ต้นกล้า,ปุ้ยโทร 09/03/2025 ปิดเครื่อง,ปุ้ยโทร 10/03/2025 ปิดเครื่อง,ปุ้ยโทร 13/03/2025 ไม่รับสาย,ปุ้ยโทร 19/03/2025 ปิดเครื่อง,ต้นโทร 20/3/2025 16.35 น. ไม่ได้รับสาย,ปุ้ยโทร 21/03/2025 ไม่รับสาย,,,,
903,2/12/2025,Sirwy Vinrat,,ü,,,ü,ตรี,บริหารธุรกิจ,การจัดการ,ม.6,,,,,,,ต้นกล้า,,,,,,,,,,
904,2/12/2025,Wymon Wype,,ü,,,,,,,,,,0821378018,,,,ปุ้้ย,ขอปรึกษาครอบครัวก่อน,,,,,,,,,
905,13/2/2025,Joix Lupim,,ü,,,ü,โท,,,,,,0882208408,,,,ต้นกล้า,16/2/2025 ไม่ได้รับสาย,สนใจสมัคร ขอเวลาตัดสินใจ,,,,,,,,
906,13/2/2025,Chaitor Monwy,,ü,,,,,,,,,,,,,,ต้นกล้า,,,,,,,,,,
907,13/2/2025,Darwan Kitwan,,ü,,,,,,,,,,,,,,ต้นกล้า,,,,,,,,,,
908,13/2/2025,Sonzen Vinna,,ü,,,,,,,,,,,,,,ต้นกล้า,,,,,,,,,,
909,13/2/2025,Wyzen Verzen,,ü,,,,,,,,,,,,,,ปุ้้้ย,,,,,,,,,,
910,13/2/2025,rian,ü,,ü,,,ตรี,ดุริยางศาสตร์,,,,,,,,นัดชำระ 500 บาท,ปุ้้้ย,,,,,,,,,,
911,13/2/2025,ดีภูมิ อุ่นมั่น,ü,,,,ü,ตรี,บริหารธุรกิจ,การจัดการโลจิสติกส์,กศน. ม.6,,ü,0610938382,ไม่สนใจสมัคร,ช่วง 1 ทุ่ม,,ต้นกล้า,ขอดูค่าใช้จ่ายก่อน,ปุ้ยโทร 16/03/2025 ไม่รับสาย,,,,,,,,
912,15/02/2025,wyfa wyfa,ü,,,,ü,ตรี,บริหารธุรกิจ,การจัดการโลจิสติกส์,กศน. ม.6,ü,,0941839648,,12.00,นัดชำระ 500 บาท,ปุ้้้ย,16/2/2025 นัดโทรอีกครั้งสัปดาห์หน้า,28/02/2025 ขอดูค่าใช้จ่ายก่อน,ต้นโทร ขอดูค่าใช้จ่ายก่อน,ปุ้ยโทร 31/03/2025 ขอปรึกษาครอบครัวก่อน,ปุ้ยโทร 01/04/2025 ไม่ได้รับสาย,ต้นโทร 2/4/2025 15.14 น. ไม่รับสาย,,,/,
913,15/02/2025,กัญปิ่น รักศิริ,,ü,,,,,,,,,,,,,,ปุ้้้ย,,,,,,,,,,
914,15/02/2025,Quaya Quazen,,ü,,,,,,,,,,,,,,ปุ้้้ย,,,,,,,,,,
915,16/2/2025,กัญภู่ เดือนสุข,,ü,,,ü,ตรี,รัฐศาสตร์,รัฐประศาสนศาสตร์,ปวส.,,,,,,,ต้นกล้า,,,,,,,,,,
916,16/2/2025,ธัญศิริ จันทร์อุ่น,,ü,,,,,,,,,,,,,,ปุ้้้ย,,,,,,,,,,
917,16/2/2025,Fasa Faver,,ü,,,,,,,,,,,,,,ปุ้้้ย,,,,,,,,,,
918,21/02/2025,มั่นเดือน วิไลณัฐ,,ü,,,ü,ตรี,บริหารธุรกิจ,การจัดการ,ม.6,,ü,"0620405399 เบอร์แม่ 
2606838213 น้องอาร์ท",มีปัญหากับการชำระ กยศ กับที่เรียนปัจจุบัน ขอเคลียร์กับที่เก่าก่อน,,เคยสมัครไว้ปีที่แล้ว,ปุ้้้ย,ต้นโทร 21/3/2025 13.09 น. สนใจเรียนภาคทางไกล,ต้นโทร 23/3/2025 13.27 น. โทรใหม่หลังเลิกงาน,,,,,,,,
919,22/02/2025,Quajo Riwan,,ü,,,ü,ตรี,บริหารธุรกิจ,การจัดการ,ปวส.,ü,,0684305105,5/4/2025,กลางวัน,,ปุ้ย,ปุ้ยโทร. 08/03/2025 ยังไม่ตัดสินใจ,ต้นโทร 30/3/2025 13.57 น. สนใจเรียนภาคทางไกล,,,,,,,,
920,23/02/2025,Chaina,ü,,ü,,,,พยาบาล,,,,,0655341483,,กลางวัน,,,พี่ต่ายโทร 16/03/2025 ไม่รับสาย,ปุ้ยโทร 18/03/2025 ไม่ได้รับสาย,ต้นโทร 20/3/2025 13.00 น. สนใจสมัคร รอเงินเดือนออก,,,,,,,
921,23/02/2025,Tipom GUNYA,,ü,,,ü,ตรี,บริหารธุรกิจ,การจัดการ,ปวช.,,ü,0915090903,ไม่สมัคร,ช่วงค่ำ,,ต้นกล้า,ปุ้ยโทร 08/03/2025 ปิดเครื่อง,ปุ้ยโทร 13/03/2025 สนใจสมัคร ขอเวลาตัดสินใจ,,,,,,,,
922,24/02/2025,Bovin Ulson,,ü,,,ü,ตรี,บริหารธุรกิจ,การจัดการ,กศน. ม.6,,ü,0659080184,ไม่ต้้องโทร,ช่วงบ่าย,จบ ปวส. ถามเรื่องเทียบโอน,ปุ้้้ย,ปุ้ยโทร 08/03/2025 ขอดูค่าใช้จ่ายก่อน,ปุ้ยโทร 16/03/2025 ไม่ได้รับสาย,18/3/2025 ขอให้ติดต่อใหม่ช่วงเย็น,ต้นโทร 19/3/2025 13.44 น. ขอให้ติดต่อใหม่ช่วงเย็น,ต้้นโทร 21/3/2025 16.45 น. ปิดเครื่อง,ปุ้้ยโทร 22/03/2025 ปิดเครื่อง,,,,
923,25/2/2025,Jowan,ü,,,ü,,ตรี,รัฐศาสตร์,รัฐประศาสนศาสตร์,กศน. ม.6,,ü,,,,ขอเวลาตัดสินใจ,ต้นกล้า,,,,,,,,,,
924,26/2/2025,NUNU อุ่นมณี ธิดาพิม,ü,,,,ü,ตรี,,,,,,,,,,ต้นกล้า,,,,,,,,,,
925,3/9/2025,Pimrat,ü,,,,,ตรี,บริหารธุรกิจ,การจัดการ,ม.6,,ü,0976599000,สมัครแล้ว,18.30,,,31/03/2025 โทรใหม่หลังเลิกงาน,ปุ้ยโทร 31/03/2025 ขอปรึกษาครอบครัวก่อน,ปุ้ยโทร 01/04/2025 ขอดูค่าใช้จ่ายก่อน,ต้นโทร 2/4/2025 15.16 น. ยังไม่ตัดสินใจ,ต้นโทร 3/4/2025 16.26 ไม่รับสาย,30/4/2025 โทรใหม่หลังเลิกงาน,,,,
926,14/3/2025,Yari Pera,,ü,,,ü,ตรี,รัฐศาสตร์,รัฐประศาสนศาสตร์,ม.6,ü,,0876175052,ไม่ต้องโทร,15.30-16.00,ถามเรื่องค่าเทอมและการผ่อน,ต้นกล้า,ต้นโทร 14/3/2025 15.45 น. สนใจเรียนภาคทางไกล,ต้นโทร 17/3/2025 15.38 น. ขอปรึกษาครอบครัวก่อน,ต้นโทร 20/3/2025 16.37 น. ปิดเครื่อง,ปุ้ยโทร 21/03/2025 ยังไม่ตัดสินใจ,,,,,,
808,2/9/2025,Wannu Ixdee,,ü,,,ü,ตรี,บริหารธุรกิจ,การจัดการ,ม.6,,,0915853441,ไม่ต้้องโทร,ช่วงบ่าย,,ต้นกล้า,ปุ้ยโทร 10/03/2025 ขอดูค่าใช้จ่ายก่อน,ปุ้ยโทร 13/03/2025 ไม่ได้รับสาย,ปุ้ยโทร 13/03/2025 ไม่รับสาย,ต้นโทร 16/3/2025 12.21 น. ขอคิดดูก่อน,ต้นโทร 23/3/2025 13.34 น. ไม่ได้รับสาย,ปุ้้ยโทร 24/03/2025 ไม่รับสาย,,,,
927,14/03/2024,Sonbo Zenya,,ü,,,ü,ตรี,บริหารธุรกิจ,การจัดการ,ปวส.,ü,,0698108609,ไม่่ต้องโทร,12.00,,ปุ้ย,ต้้นโทร 17/3/2025 13.08 น. ปิดเครื่อง,17/03/2025 12.35 น. ปิดเครื่อง,ปุ้ยโทร 19/03/2025 ไม่ได้รับสาย,ต้นโทร 20/3/2025 12.51 น. ปิดเครื่อง,ต้้นโทร 23/3/2025 13.25 น. ไม่ได้รับสาย,ปุ้้ยโทร 24/03/2025 ไม่รับสาย,,,,
928,14/03/2024,Ixnu Nuka,,ü,,,ü,ตรี,รัฐศาสตร์,รัฐประศาสนศาสตร์,ม.6,ü,,0984660232,31/03/2025,18.00,มีประกันสังคม ถามเรื่องสิทธิ์,ปุ้ย,ต้นโทร 17/3/2025 13.10 น. สนใจสมัคร ขอเวลาตัดสินใจ,พี่ต่ายโทร 17/03/2025 สนใจสมัคร รอเงินเดือนออก,ปุ้ยโทร 20/03/2025 ขอคิดดูก่อน,,,,,,,
929,15/03/2025,Torson Monka,,ü,,,ü,ตรี,บริหารธุรกิจ,การจัดการ,ปวช.,ü,,0651632203,สมัครแล้ว,17.30,ถามว่าต้องมาสอบที่มหาวิทยาลัยไหม,ปุ้ย,พี่ต่ายโทร 17/03/2025 สนใจสมัคร ขอเวลาตัดสินใจ,ปุ้ยโทร 21/03/2025 ขอให้ติดต่อใหม่ช่วงเย็น,,,,,,,,
930,15/03/2025,Siran Zenle,,ü,,,ü,ตรี,รัฐศาสตร์,รัฐประศาสนศาสตร์,ม.6,ü,,,,,,ต้นกล้า,,,,,,,,,,
931,15/03/2025,Levin Ulwy,,ü,ü,,,ตรี,วิิทยาศาสตร์และเทคโนโลยี,เทคโนโลยีการจัดการอุตสาหกรรมและพลังงาน,กศน. ม.6,ü,,,,,,ต้นกล้า,,,,,,,,,,
932,15/03/2025,Ratta Torpe,,ü,,,ü,ตรี,บริหารธุรกิจ,การจัดการ,ปวส.,ü,,0676357469,สมััครแล้ว,18.30,แอดไลน์กลับมาเรียบร้อยแล้ว,ต้นกล้า,ปุ้ยโทร 16/03/2025 ขอให้ติดต่อใหม่ช่วงเย็น,ปุ้ยโทร 31/03/2025 ขอปรึกษาครอบครัวก่อน,,,,,,,,
933,15/03/2025,ปิ่นนุช เดือนวิไล,,ü,,,ü,ตรี,,,,,,,,,,ต้นกล้า,,,,,,,,,,
934,15/03/2025,Quachai Tana,,ü,,,ü,ตรี,,,,,,,,,,ต้นกล้า,,,,,,,,,,
935,15/03/2025,Melpon Taya,,ü,,,ü,ตรี,,,,,,,,,,ต้นกล้า,,,,,,,,,,
936,15/03/2025,รุ่งนิ่ม ปั้นทิพ แก้วภัทร,,ü,,,ü,ตรี,,,,,,,,,,ต้นกล้า,,,,,,,,,,
937,15/03/2025,ศิริพิม ธิดาธิดา,,ü,,,ü,ตรี,,,,,,,,,,ต้นกล้า,,,,,,,,,,
938,15/03/2025,Wansir Wywan,,ü,,,ü,ตรี,,,,,,,,,,ต้นกล้า,,,,,,,,,,
939,15/03/2025,ปั้นน้ำ พิมพร้อม,,ü,,,ü,ตรี,บริหารธุรกิจ,การจัดการ,กศน. ม.6,,,,,,,ต้นกล้า,,,,,,,,,,
940,16/3/2025,อัญนุช อัญนุช ,,ü,ü,,,ตรี,,,ปวส.,,,,,,,ต้นกล้า,,,,,,,,,,
941,16/3/2025,Ponri Quale,,ü,,,ü,ตรี,,,,,,,,,,ต้นกล้า,,,,,,,,,,
942,16/3/2025,พิมฤดี มณีภัทร,,ü,,,ü,ตรี,รัฐศาสตร์,รัฐประศาสนศาสตร์,ปวส.,,,,,,,ต้นกล้า,,,,,,,,,,
943,16/3/2025,Darqua Sagun,,ü,,,ü,ตรี,,,,,,,,,,ต้นกล้า,,,,,,,,,,
944,16/3/2025,Pegun Deepe,,ü,,,ü,ตรี,บริหารธุรกิจ,การจัดการ,ม.6,,,,,,,ต้นกล้า,,,,,,,,,,
882,2/11/2025,ศิริอัญ สุขยิ่ง,,ü,,,ü,ตรี,บริหารธุรกิจ,การจัดการ,,,,0986964371,ไม่ต้องโทร,กลางวัน,นัดชำระ 500 บาท,ปุ้้ย,12/2/2025 ขอปรึกษาครอบครัวก่อน,ต้้นโทร 10/3/2025 12.17 น. ขอดูค่าใช้จ่ายก่อน,ต้นโทร ปิดเครื่อง,ปุ้ยโทร 17/03/2025 ปิดเครื่อง,ต้นโทร 20/3/2025 12.54 น. ไม่ได้รับสาย,ปุ้ยโทร 23/03/2025 ขอคิดดูก่อน,,,,
945,16/3/2025,Faya Pele,,ü,,,ü,ตรี,บริหารธุรกิจ,การจัดการ,ปวช.,ü,,0960650007,,ช่วงเย็็น,,ต้นกล้า,ปุ้ยโทร 16/03/2025 ขอดูค่าใช้จ่ายก่อน,ปุ้ยโทร 17/03/2025 ไม่รับสาย,ปุ้ยโทร 18/03/2025 ขอปรึกษาครอบครัวก่อน,ปุ้้ยโทร 22/03/2025 ปิดเครื่อง,ต้นโทร 23/3/2025 16.30 น. สนใจสมัคร ขอเวลาตัดสินใจ,,,,,
946,16/3/2025,Kitlu Kitlu ,,ü,,ü,,ตรี,วิศวกรรมศาสตร์,วิศวเครื่องกล,ปวส.,ü,,,,,,ต้นกล้า,,,,,,,,,,
947,16/3/2025,Lequa Legun,,ü,,,ü,ตรี,,,,,,,,,,ต้นกล้า,,,,,,,,,,
948,16/3/2025,รักกัญ'ทิพพิม ต้นสุข,,ü,,,ü,ตรี,,,,,,,,,,ต้นกล้า,,,,,,,,,,
949,16/3/2025,ภูมิภูมิ ฤดีกุล,,ü,,,ü,ตรี,,,กศน. ม.6,,,,,,,ต้นกล้า,,,,,,,,,,
950,16/3/2025,Ixka Rimel,,ü,,,ü,ตรี,,,,,,,,,,ต้นกล้า,,,,,,,,,,
951,16/3/2025,Kitfa Nupon Nupon,,ü,,,ü,ตรี,,,,,,,,,,ปุ้ย,,,,,,,,,,
952,16/3/2025,Nakit Nura Ratlu,,ü,,,ü,ตรี,,,,,,,,,,ปุ้ย,,,,,,,,,,
953,16/3/2025,Ixri Pepe,,ü,,,ü,ตรี,,,,,,,,,,ปุ้ย,,,,,,,,,,
954,16/3/2025,Darfa Kapim,,ü,,,ü,ตรี,,,,,,,,,,ปุ้ย,,,,,,,,,,
955,16/3/2025,Sonom Ponna,,ü,,,ü,ตรี,บริหารธุรกิจ,การจัดการ,ปวส.,,,,,,,ปุ้ย,,,,,,,,,,
956,16/3/2025,Monta Antip,,ü,,,ü,ตรี,,,,,,,,,,ปุ้ย,,,,,,,,,,
957,16/3/2025,Ixka Rimel,,ü,,,ü,ตรี,,,,,,,,,,ปุ้ย,,,,,,,,,,
958,16/3/2025,เดืือนศิริ มั่นนุช,,ü,,,ü,ตรี,,,,,,,,,,ปุ้ย,,,,,,,,,,
959,16/3/2025,รุ่งณัฐ'พิมวิไล,,ü,,,,,,,,,,,,,,ปุ้ย,,,,,,,,,,
960,16/3/2025,Yapon Chaidee,,ü,,,,,,,,,,,,,,ปุ้ย,,,,,,,,,,
961,16/3/2025,Lefa Boan,,ü,,,ü,ตรี,บริหารธุรกิจ,การจัดการ,กศน. ม.6,ü,,0847721079,ไม่ต้องโทร,ช่วงบ่าย,เคยสมัครไว้ปีที่แล้ว,กล้า,ปุ้ยโทร 17/03/2025 ขอให้ติดต่อใหม่ช่วงเย็น,ต้นโทร 18/3/2025 15.31 น. ไม่ได้รับสาย,ต้้้นโทร 19/3/2025 13.49 น. ไม่ได้รับสาย,ต้นโทร 20/3/2025 13.06 น. ไม่ได้รับสาย,ต้นโทร 21/3/2025 16.11 น. ปิดเครื่อง,ปุ้้ยโทร 22/03/2025 ปิดเครื่อง,,,,
962,17/3/2025,Andee HELKIT Ratbo,,,,,,,,,,,,,,,,ปุ้้ย,,,,,,,,,,
963,17/3/2025,Verver Jozen,,,,,,,,,,,,,,,,ปุ้้ย,,,,,,,,,,
964,17/3/2025,Ulverwan Ullu,,,,,ü,โท,บริหารธุรกิจ,,ป.ตรี,,,,,,,ปุ้้ย,,,,,,,,,,
965,17/3/2025,มั่นฟ้า สุขเพ็ญ,,,,,,,,,,,,,,,,ปุ้้ย,,,,,,,,,,
966,17/3/2025,ปรีดาทิพ ดีณัฐ,,,,,,,,,,,,,,,,ปุ้้ย,,,,,,,,,,
967,17/3/2025,สินเพ็ญ วันปิ่น,,,,,,,,,,,,,,,,ปุ้้ย,,,,,,,,,,
968,17/3/2025,Pontip Ansir Pimdar,,,,,,,,,,,,,,,,ปุ้้ย,,,,,,,,,,
969,17/3/2025,JOTIP Nale Ixlu,,ü,,,ü,ตรี,รัฐศาสตร์,รัฐประศาสนศาสตร์,ม.6,,,,,,,,,,,,,,,,,
970,17/3/2025,Pimbo Gunra,,ü,,,ü,ตรี,,,,,,,,,,,,,,,,,,,,
971,17/3/2025,มั่นเพ็ญ.วิไลพิม. สุขจิต,,ü,,,ü,ตรี,,,,,,,,,,,,,,,,,,,,
972,17/3/2025,Quabo Pimle,,ü,,,ü,ตรี,,,,,,,,,,,,,,,,,,,,
973,17/3/2025,Ulno Monix,,ü,,,ü,ตรี,,,,,,,,,,,,,,,,,,,,
974,17/3/2025,Verhel Ixvin,,ü,,,ü,ตรี,,,,,,,,,,,,,,,,,,,,
976,17/3/2025,Rivin Verwy,,ü,,,ü,ตรี,บริหารธุรกิจ,การจัดการ,ปวส.,,,,,,,,,,,,,,,,,
977,17/3/2025,Kaan Vinzen,,,,,,,,,,,,,,,,,,,,,,,,,,
978,17/3/2025,Mongun Sonsa,,,,,,,,,,,,,,,,,,,,,,,,,,
979,18/3/2025,กิ่งสุข' ปั้นภัทร,,ü,,,ü,ตรี,บริหารธุรกิจ,การจัดการโลจิสติกส์,ปวส.,ü,,0642657037,07/04/2025,19.00,แอดไลน์กลับมาเรียบร้อยแล้ว,,ต้นโทร 19/3/2025 16.40 น. สนใจเรียนภาคทางไกล,ปุ้ยโทร 20/03/2025 ยังไม่ตัดสินใจ,ต้นโทร 22/3/2025 ไม่ได้รับสาย,ปุ้ยโทร 31/03/2025 ไม่ได้รับสาย,ปุ้ยโทร 01/04/2025 ไม่รับสาย,ปุ้้ยโทร 02/04/2025 ไม่รับสาย,,,,
980,18/3/2025,Zenwan Chaimon,,ü,,,ü,ตรี,,,,,,,,,,,,,,,,,,,,
981,18/3/2025,Zenul Omgun,,ü,,,ü,ตรี,บริหารธุรกิจ,การจัดการ,ปวช.,,,,,,,,,,,,,,,,,
982,18/3/2025,Zensa Tasir,,ü,,,ü,ตรี,,,,,,,,,,,,,,,,,,,,
983,18/3/2025,Ponya Bopim Nori' Bofa'saul,,ü,,,ü,ตรี,,,,,,,,,,,,,,,,,,,,
984,18/3/2025,น้ำต้น ณัฐมณี,,ü,,,ü,ตรี,,,,,,,,,,,,,,,,,,,,
985,18/3/2025,Rifa Bowan,,ü,,,ü,ตรี,บริหารธุรกิจ,การจัดการโลจิสติกส์,ม.6,,,,,,,,,,,,,,,,,
986,18/3/2025,Melri Samon Ratan,,ü,,,ü,ตรี,,,,,,,,,,,,,,,,,,,,
987,18/3/2025,Riul Norat,,ü,,,ü,ตรี,,,,,,,,,,,,,,,,,,,,
988,18/3/2025,ULLE Nutip,,ü,,,ü,ตรี,,,,,,,,,,,,,,,,,,,,
989,18/3/2025,วันวัน บุญต้น,,ü,,,ü,ตรี,,,,,,,,,,,,,,,,,,,,
990,18/3/2025,ใบ้ภัทร ใบ้รัก,,ü,,,ü,ตรี,,,,,,,,,,,,,,,,,,,,
991,18/3/2025,กิ่งน้ำ อัญสิน,,ü,,,ü,ตรี,,,,,,,,,,,,,,,,,,,,
992,18/3/2025,Sirmon Yaka,,ü,,,ü,ตรี,,,,,,,,,,,,,,,,,,,,
993,18/3/2025,ANCHAI,ü,,,,ü,ตรี,บริหารธุรกิจ,การจัดการ,ม.6,,ü,0612424329,ไม่สมััคร,10.00,,ปุ้ย,ต้นโทร 19/3/2025 13.41 น. ปิดเครื่อง,ต้นโทร 20/3/2025 12.49 น. ไม่ได้รับสาย,ต้นโทร 21/3/2025 12.43 น. ไม่รับสาย,ปุ้้ยโทร 22/03/2025 สนใจสมัคร ขอเวลาตัดสินใจ,ต้นโทร 23/3/2025 13.19 น. ไม่ได้รับสาย,ต้นโทร 24/3/2025 12.34 น. ไม่ได้รับสาย,,,,
994,18/3/2025,JOWY TAQUA,,ü,,,ü,ตรี,บริหารธุรกิจ,การจัดการ,ปวช.,ü,,0625299169,ไม่สมัคร,ก่อน 12.00,,กล้า,ต้นโทร 19/3/2025 13.32 น. ขอดูค่าใช้จ่ายก่อน,ต้นโทร 20/3/2025 12.47 น. ปิดเครื่อง,ต้นโทร 21/3/2025 11.30 น. ไม่ได้รับสาย,ปุ้้ยโทร 22/03/2025 ปิดเครื่อง,ปุ้้ยโทร 24/03/2025 สมัครเรียบร้อย รอส่งเอกสาร,,,,,
995,19/3/2025,จิตใบ้ ต้นภัทร,,ü,,,ü,ตรี,บริหารธุรกิจ,การจัดการโลจิสติกส์,ม.6,,,,,,,,,,,,,,,,,
996,19/3/2025,Anjo Tipsa,,ü,,,ü,ตรี,บริหารธุรกิจ,การจัดการ,ปวส.,ü,,,,,,,,,,,,,,,,
997,19/3/2025,พิมดี บุญภูมิ,,ü,ü,,,ตรี,พยาบาล,,ป.ตรี,ü,,0878073227,ไม่สมัคร,09.00,ช่่วงเย็นสะดวกคุย,,ต้นโทร 21/3/2025 12.16 น. สนใจสมัคร รอเงินเดือนออก,,,,,,,,,
998,19/3/2025,Bota Kajo,,ü,,,ü,ตรี,บริหารธุรกิจ,การจัดการ,ม.6,,,,,,,,,,,,,,,,,
999,19/3/2025,DARGUN BOPON,,ü,,,,,,,,,,,,,,,,,,,,,,,,
1000,19/3/2025,Vinnu Ulpim,,ü,,,ü,ตรี,รัฐศาสตร์,รัฐประศาสนศาสตร์,ม.6,,,,,,,,,,,,,,,,,
1001,19/3/2025,Omzen Vergun,,ü,,,ü,ตรี,บริหารธุรกิจ,การจัดการ,ม.6,ü,,0600769301,,13.30,มีประกันสังคม ถามเรื่องสิทธิ์,ปุ้้ย,ปุ้ยโทร 19/03/2025 นัดโทรอีกครั้งสัปดาห์หน้า,ปุ้ยโทร 01/04/2025 ปิดเครื่อง,ต้นโทร 2/4/2025 16.32 น. ไม่รับสาย,ต้นโทร 3/4/2025 16.20 น. ไม่รับสาย,ต้นโทร 4/4/2025 15.31 น. ปิดเครื่อง,,,,,
1002,19/3/2025,Nadee Taom,,ü,,,ü,ตรี,,,,,,,,,,,,,,,,,,,,
1003,19/3/2025,Kitnu Ixfa,,ü,,,ü,ตรี,,,,,,,,,,,,,,,,,,,,
1006,20/3/2025,มณีจิต ปรีดาเพ็ญ,,ü,,,ü,ตรี,บริหารธุรกิจ,การจัดการ,ปวส.,ü,,0980340580,ไม่ต้องโทร,กลางวัน,,,ต้นโทร 21/3/2025 12.46 น. สนใจเรียนภาคทางไกล,ต้้นโทร 22/3/2025 ยังไม่ตัดสินใจ,ต้นโทร 23/3/2025 13.21 น. สนใจสมัคร ขอเวลาตัดสินใจ,ต้นโทร 27/3/2025 ปิดเครื่อง,ต้นโทร 29/3/2025 13.41 น. สนใจเรียนภาคทางไกล,,,,,
1007,20/3/2025,Jover Ratka,,ü,,,ü,ตรี,บริหารธุรกิจ,การจัดการโลจิสติกส์,ม.6,ü,,0904994288,17/04/2025,18.30,ถามว่าต้องมาสอบที่มหาวิทยาลัยไหม,,ปุ้ยโทร 20/03/2025 โทรใหม่หลังเลิกงาน,ปุ้ยโทร 31/03/2025 สนใจสมัคร ขอเวลาตัดสินใจ,,,,,,,,
1008,20/3/2025,Melgun Tipdee,,ü,,,ü,ตรี,,,,,,,,,,,,,,,,,,,,
1009,20/3/2025,กัญเดือน มั่นทิพ,,ü,,,ü,ตรี,บริหารธุรกิจ,การจัดการ,ปวส.,,,,,,,,,,,,,,,,,
1010,20/3/2025,ณัฐฤดี กุลศิริ,,ü,,,ü,ตรี,รัฐศาสตร์,รัฐประศาสนศาสตร์,ม.6,,,,,,,,,,,,,,,,,
1011,20/3/2025,ภัทรภัทร ภู่อัญ,,ü,,,ü,ตรี,รัฐศาสตร์,รัฐประศาสนศาสตร์,ม.6,,,,,,,,,,,,,,,,,
1012,20/3/2025,ยิ่งชัย ภู่มณี,,ü,,,ü,ตรี,บริหารธุรกิจ,การจัดการ,ม.6,,ü,,,,,,,,,,,,,,,
1013,20/3/2025,Fadar Kano,,ü,,,ü,ตรี,บริหารธุรกิจ,การจัดการ,ม.6,,,,,,,,,,,,,,,,,
1014,20/3/2025,Tapon Torul,,ü,,,ü,ตรี,บริหารธุรกิจ,การจัดการ,ปวส.,ü,,0829395907,ไม่ต้องโทร,14.20,,,ต้นโทร 21/3/2025 14.29 น. สนใจเรียนภาคทางไกล,ต้นโทร 22/3/2025 ไม่ได้รับสาย,ต้นโทร 23/3/2025 15.01 น. ปิดเครื่อง,ต้นโทร 24/3/2025 14.39 น. ไม่ได้รับสาย,ต้นโทร 25/3/2025 16.17 น. ปิดเครื่อง,,,,,
1015,20/3/2025,ภู่ภัทร มณีกิ่ง,,ü,,,ü,ตรี,,,,,,,,,,,,,,,,,,,,
1016,20/3/2025,MONWAN RITIP,,ü,,,ü,ตรี,,,,,,,,,,,,,,,,,,,,
1017,20/3/2025,ฤดีแก้ว จิตยิ่ง,,ü,,,ü,ตรี,บริหารธุรกิจ,การจัดการ,ปวส.,,,,,,,,,,,,,,,,,
1018,20/3/2025,Sirtor Wantip'ratrat,,ü,,,ü,ตรี,บริหารธุรกิจ,การจัดการโลจิสติกส์,ม.6,,,,,,,,,,,,,,,,,
1019,20/3/2025,Monjo Pimra,,ü,,,ü,ตรี,,,,,,,,,,,,,,,,,,,,
1020,20/3/2025,Ratkit Nonu,,ü,,,ü,ตรี,บริหารธุรกิจ,การจัดการโลจิสติกส์,ปวช.,,,,,,,,,,,,,,,,,
1021,20/3/2025,ศิริวิไล บุญมั่น,,ü,,,ü,ตรี,,,,,,,,,,,,,,,,,,,,
1022,20/3/2025,Pimratwy Verlu,,ü,ü,,,ตรี,รัฐศาสตร์,รัฐประศาสนศาสตร์,ม.6,ü,,0684008325,,15.00,,,ต้นโทร 21/3/2025 15.16 น. ปิดเครื่อง,ต้นโทร 22/3/2025 ไม่ได้รับสาย,ต้นโทร 23/3/2025 15.03 น. ไม่ได้รับสาย,ต้นโทร 24/3/2025 14.43 น. ปิดเครื่อง,,,,,,
1023,20/3/2025,Yafa Fazen,,ü,,,ü,ตรี,,,,,,,,,,ปุ้ย,,,,,,,,,,
1024,20/3/2025,Wywy Quawan,,ü,,,ü,ตรี,,,,,,,,,,ปุ้ย,,,,,,,,,,
1025,20/3/2025,ฤดีขวัญ กิ่งปรีดา,,ü,,,ü,ตรี,,,,,,,,,,ปุ้ย,,,,,,,,,,
1026,20/3/2025,Sirsir Omhel,,ü,,,ü,ตรี,,,,,,,,,,ปุ้ย,,,,,,,,,,
1027,20/3/2025,แก้วภูมิ ปรีดาฤดี,,ü,,,ü,ตรี,,,,,,,,,,ปุ้ย,,,,,,,,,,
1028,20/3/2025,Chaisir sana,ü,,,,ü,ตรี,,,,,,,,,,ปุ้ย,,,,,,,,,,
1029,20/3/2025,ชัยศิริ ภูมิมั่น,,ü,,,ü,ตรี,,,,,,,,,,ปุ้ย,,,,,,,,,,
1030,20/3/2025,Sapim Tippon,,ü,,,ü,ตรี,,,,,,,,,,ปุ้ย,,,,,,,,,,
1031,20/3/2025,Kitfa Nupon Nupon,,ü,,,ü,ตรี,,,,,,,,,,ปุ้ย,,,,,,,,,,
1032,20/3/2025,จิตกิ่ง'วิไลปรีดา รักวิไล,,ü,,,ü,ตรี,,,,,,,,,,ปุ้ย,,,,,,,,,,
1033,21/3/2025,ศิริปรีดา ปรีดาแก้ว,,ü,,,ü,ตรี,,,,,,,,,,ปุ้ย,,,,,,,,,,
1034,21/3/2025,Taan Nuhel,,ü,,,ü,ตรี,,,,,,,,,,ปุ้ย,,,,,,,,,,
1035,21/3/2025,Pimpim Sonhel,,ü,,,ü,ตรี,,,,,,,,,,ปุ้ย,,,,,,,,,,
1036,21/3/2025,วันพิม อุ่นเพ็ญ,,ü,,,ü,ตรี,,,,,,,,,,ปุ้ย,,,,,,,,,,
1037,21/3/2025,Leul,ü,,,,ü,ตรี,บริหารธุรกิจ,การจัดการโลจิสติกส์,ปวส.,ü,,0628271271,,19.00,ถามว่าต้องมาสอบที่มหาวิทยาลัยไหม,ปุ้ย,ปุ้ยโทร 21/03/2025 ขอให้ติดต่อใหม่ช่วงเย็น,ปุ้ยโทร 28/03/2025 ขอคิดดูก่อน,ปุ้ยโทร 29/03/2025 ขอคิดดูก่อน,ต้นโทร 30/3/2025 16.05 น. ไม่รับสาย,ปุ้ยโทร 31/03/2025 ขอคิดดูก่อน,ปุ้ยโทร 01/04/2025 ยังไม่ตัดสินใจ,,,,
1038,21/3/2025,Lutip Ponbo,,ü,,,ü,ตรี,,,,,,,,,,,,,,,,,,,,
1039,21/3/2025,พิมน้ำ ต้นจันทร์,,ü,,,ü,ตรี,,,,,,,,,,,,,,,,,,,,
1040,21/3/2025,ชัยทิพ เพ็ญปิ่น,,ü,,,ü,ตรี,,,,,,,,,,,,,,,,,,,,
1041,21/3/2025,Pimul Zendar,,ü,,,ü,ตรี,,,,,,,,,,,,,,,,,,,,
1042,21/3/2025,วันรุ่ง ธัญรุ่ง,,ü,,,ü,ตรี,,,,,,,,,,,,,,,,,,,,
1043,21/3/2025,Ratom Gunhel,,ü,,,ü,ตรี,,,,,,,,,,,,,,,,,,,,
1044,21/3/2025,เดือนพร้อม สินน้ำ,,ü,,,ü,ตรี,,,,,,,,,,,,,,,,,,,,
1045,21/3/2025,ยิ่งนุช ทิพณัฐ,,ü,,,ü,ตรี,,,,,,,,,,,,,,,,,,,,
1046,21/3/2025,Yara Rikit,,ü,,,ü,ตรี,บริหารธุรกิจ,การจัดการ,ปวส.,,,,,,,,,,,,,,,,,
1047,21/3/2025,Pimriqua Nofa,,ü,,,ü,ตรี,,,,,,,,,,,,,,,,,,,,
1048,22/3/2025,กัญต้น อุ่นวัน,,ü,,,ü,ตรี,บริหารธุรกิจ,การจัดการ,อนุปริญญา,,,,,,,,,,,,,,,,,
1049,22/3/2025,ธัญดี ภัทรชื่น,,ü,,,ü,ตรี,บริหารธุรกิจ,การจัดการโลจิสติกส์,กศน. ม.6,,,,,,,,,,,,,,,,,
1050,22/3/2025,Sale Ramel,,ü,,,ü,ตรี,บริหารธุรกิจ,การจัดการ,ม.6,ü,,0876032892,5/4/2025,ช่่วงเย็น,สะดวกคุยทางไลน์มากกว่า,,ต้นโทร 23/3/2025 16.14 น. สนใจเรียนภาคทางไกล,ต้นโทร 31/3/2025 16.19 น. ยังไม่ตัดสินใจ,,,,,,,,
1051,22/3/2025,ภูมิดี ธิดาต้น,,ü,,,ü,ตรี,รัฐศาสตร์,รัฐประศาสนศาสตร์,ม.6,,,,,,,,,,,,,,,,,
1052,22/3/2025,ยิ่งธัญ กิ่งปั้น,,ü,,,ü,ตรี,บริหารธุรกิจ,การจัดการ,ม.6,ü,,0954345892,17/04/2025,19.00,,,ปุ้้ยโทร 23/03/2025 ยังไม่ตัดสินใจ,ปุ้ยโทร 24/03/2025 สนใจสมัคร รอเงินเดือนออก,,,,,,,,
1053,22/3/2025,Ixta Wywan Guntor,,ü,,,ü,ตรี,,,,,,,,,,,,,,,,,,,,
1054,22/3/2025,Nope Nurat,,ü,,,ü,ตรี,,,,,,,,,,,,,,,,,,,,
1055,22/3/2025,Pimjo Botip,,ü,,,ü,ตรี,,,,,,,,,,,,,,,,,,,,
1056,22/3/2025,Nowan Ratmon,,ü,,,ü,ตรี,,,,,,,,,,,,,,,,,,,,
1057,22/3/2025,แก้วจิต มั่นมั่น,,ü,,,ü,ตรี,,,,,,,,,,,,,,,,,,,,
1058,22/3/2025,Torwan Tamon,,ü,,,ü,ตรี,บริหารธุรกิจ,การจัดการโลจิสติกส์,,,,,,,,,,,,,,,,,,
1059,22/3/2025,Wanle Ulgun,,ü,,,ü,ตรี,,,,,,,,,,,,,,,,,,,,
1060,22/3/2025,Ompon Famon,,ü,,,ü,ตรี,บริหารธุรกิจ,การจัดการ,กศน. ม.6,,,,,,,,,,,,,,,,,
1061,22/3/2025,ชื่นปรีดา รุ่งยิ่ง,,ü,,,ü,ตรี,,,,,,,,,,,,,,,,,,,,
1062,22/3/2025,Oman Rizen,,ü,,,ü,ตรี,,,,,,,,,,,,,,,,,,,,
1063,22/3/2025,Pevin Sirom,,ü,,,ü,ตรี,,,,,,,,,,,,,,,,,,,,
1064,22/3/2025,ธิดาชัย อัญฤดี,,ü,,,ü,ตรี,,,,,,,,,,,,,,,,,,,,
1065,22/3/2025,Kazen Tormon,,ü,,,ü,ตรี,,,,,,,,,,,,,,,,,,,,
1066,22/3/2025,RILU WANTA,,ü,,,ü,ตรี,รัฐศาสตร์,รัฐประศาสนศาสตร์,ม.6,,,,,,,,,,,,,,,,,
1067,22/3/2025,Verbo Gunri,,ü,,,ü,ตรี,รัฐศาสตร์,รัฐประศาสนศาสตร์,ม.6,,,,,,,,,,,,,,,,,
1068,22/3/2025,Rafa Kakit,,ü,,,ü,ตรี,,,,,,,,,,,,,,,,,,,,
1069,22/3/2025,Gunix Vinan Rasir,,ü,,,ü,ตรี,บริหารธุรกิจ,การจัดการ,ปวส.,ü,,0930340546,05/04/2025,17.00,อยากเรียนเฉพาะเสาร์อาทิตย์,ปุ้ย,ปุ้ยโทร 23/03/2025 นัดโทรอีกครั้งสัปดาห์หน้า,,,,,,,,,
1070,22/3/2025,Rinu Pimsa Yano,,ü,,,,,,,,,,,,,,ปุ้ย,,,,,,,,,,
1071,22/3/2025,ANTOR,ü,,,,ü,ตรี,บริหารธุรกิจ,การจัดการ,ปวส.,ü,,0966289054,สมััครแล้ว,16.00,ถามเรื่องค่าเทอมและการผ่อน,ปุ้ย,ต้นโทร 24/3/2025 16.52 น. ปิดเครื่อง,,,,,,,,,
1072,22/3/2025,ปิ่นชัย ศิริยิ่ง,,ü,,,,,,,,,,,,,,ปุ้ย,,,,,,,,,,
1073,23/3/2025,Letor Ulchai,,ü,,,ü,ตรี,,,,,,,,,,,,,,,,,,,,
1074,23/3/2025,สินวิไล กิ่งอุ่น,,ü,,,ü,ตรี,บริหารธุรกิจ,การจัดการ,ปวส.,,ü,,,,,,,,,,,,,,,
1075,23/3/2025,Wanwan Tipnu,,ü,,,ü,ตรี,,,,,,,,,,,,,,,,,,,,
1076,23/3/2025,Tipwan Kaul,,ü,,,ü,ตรี,บริหารธุรกิจ,การจัดการ,ม.6,,,,,,,,,,,,,,,,,
1077,23/3/2025,Anrathel Jono,,ü,,,ü,ตรี,,,,,,,,,,,,,,,,,,,,
1078,23/3/2025,จันทร์กุล อุ่นบุญ,,ü,,,ü,ตรี,,,,,,,,,,,,,,,,,,,,
1079,23/3/2025,ฤดีอัญ ชื่นทิพ,,ü,,,ü,ตรี,บริหารธุรกิจ,การจัดการ,ปวส.,,,,,,,,,,,,,,,,,
1080,23/3/2025,วิไลกัญ ศิริสิน,,ü,,,ü,ตรี,รัฐศาสตร์,รัฐประศาสนศาสตร์,กศน. ม.6,ü,,0685141595,28/3/2025,ช่วงบ่าย,,,ต้นโทร 24/3/2025 14.46 น. ไม่ได้รับสาย,ต้นโทร 25/3/2025 14.09 น. ขอดูค่าใช้จ่ายก่อน,ต้นโทร 27/3/2025 16.42 น. ขอคิดดูก่อน,ต้นโทร 29/3/2025 13.50 น. สนใจสมัคร ขอเวลาตัดสินใจ,,,,,,
1081,23/3/2025,กุลธัญ แก้วปั้น,,ü,,,ü,ตรี,รัฐศาสตร์,รัฐประศาสนศาสตร์,กศน. ม.6,,,,,,,,,,,,,,,,,
1082,23/3/2025,LUFA,ü,,,,ü,ตรี,บริหารธุรกิจ,การจัดการ,ม.6,,ü,,,,,,,,,,,,,,,
1083,23/3/2025,Boqua Deeya,,ü,,,ü,ตรี,บริหารธุรกิจ,การจัดการ,ปวส.,ü,,0972140320,สมัครแล้ว,16.00,ถามเรื่องค่าเทอมและการผ่อน,,ต้นโทร 24/3/2025 16.19 น. สมัครแล้ว,,,,,,,,,
1084,23/3/2025,ฤดีณัฐ ฤดีวิไล,,ü,,,ü,ตรี,บริหารธุรกิจ,การจัดการ,ม.6,,,,,,,ปุ้้ย,,,,,,,,,,
1085,23/3/2025,Quapon Gunmel,,ü,,,ü,ตรี,,,,,,,,,,ปุ้้ย,,,,,,,,,,
1086,23/3/2025,Pena Darmon,,ü,,,ü,ตรี,,,,,,,,,,ปุ้้ย,,,,,,,,,,
1087,23/3/2025,ใบ้ดี วันมณี,,ü,,,ü,ตรี,,,,,,,,,,ปุ้้ย,,,,,,,,,,
1088,24/03/2025,ธิดาปั้น,,ü,,,ü,ตรี,,,,,,,,,,ปุ้้ย,,,,,,,,,,
1089,24/03/2025,Yalu Vertip,,ü,,,ü,ตรี,,,,,,,,,,ปุ้้ย,,,,,,,,,,
1090,24/03/2025,(จิตชื่น) ฟ้ากิ่ง,ü,,,,ü,ตรี,บริหารธุรกิจ,การจัดการ,ปวช.,,ü,0933442899,ไม่ต้องโทร,ช่วงบ่่าย,สนใจกู้ กยศ.,,ต้นโทร 25/3/2025 13.53 น. นัดโทรอีกครั้งสัปดาห์หน้า,ต้นโทร 27/3/2025 13.52 น. ไม่ได้รับสาย,ปุ้้้ยโทร 28/03/2025 ปิดเครื่อง,ต้นโทร 29/3/2025 13.47 น. ปิดเครื่อง,ต้นโทร 30/3/2025 13.53 น. ไม่ได้รับสาย,ต้นโทร 31/3/2025 15.00 น. ไม่ได้รับสาย,ต้นโทร 1/4/2025 16.25 น. ไม่รับสาย,ต้นโทร 2/4/2025 16.49 น. ปิดเครื่อง,,
1091,24/03/2025,กัญกุล,ü,,,,ü,โท,รัฐศาสตร์,รัฐประศาสนศาสตร์,,ü,,,,,,,,,,,,,,,,
1092,24/03/2025,Joka Notor,,ü,,,ü,ตรี,,,,,,,,,,,,,,,,,,,,
1093,24/03/2025,Wanka Wanka,,ü,,,ü,ตรี,บริหารธุรกิจ,การจัดการ,ปวช.,,,,,,,,,,,,,,,,,
1094,24/03/2025,Pimpe Monnu Helno,,ü,,,ü,ตรี,,,,,,,,,,,,,,,,,,,,
1095,24/03/2025,Ulwan Dartor,,ü,,,ü,ตรี,,,,,,,,,,,,,,,,,,,,
1096,24/03/2025,Wyna Rakit,,ü,,,ü,ตรี,รัฐศาสตร์,รัฐประศาสนศาสตร์,กศน. ม.6,,,,,,,,,,,,,,,,,
1097,24/03/2025,Wanwan Darwy Kitno,,ü,,,ü,ตรี,,,,,,,,,,,,,,,,,,,,
1098,24/03/2025,ภู่ภูมิ ปิ่นชื่น,,ü,,,ü,ตรี,,,,,,,,,,,,,,,,,,,,
1099,24/03/2025,วันชื่น มณีเดือน,,ü,,,ü,ตรี,บริหารธุรกิจ,การจัดการ,ม.6,,,,,,,,,,,,,,,,,
1100,24/03/2025,Ludar Ixson,,ü,,,ü,ตรี,,,,,,,,,,,,,,,,,,,,
1101,24/03/2025,Wanwan Kitgunno,,ü,,,ü,ตรี,,,,,,,,,,,,,,,,,,,,
1102,24/03/2025,ชัยศิริ ภูมิมั่น,,ü,,,ü,ตรี,,,,,,,,,,,,,,,,,,,,
1103,24/03/2025,Sirmon Yaka,,ü,,,ü,ตรี,บริหารธุรกิจ,การจัดการ,ม.6,,,,,,,,,,,,,,,,,
1104,24/03/2025,ขวัญวิไล แก้วศิริ,,ü,,,ü,ตรี,,,,,,,,,,,,,,,,,,,,
1105,24/03/2025,MONWAN RITIP,,ü,,,ü,ตรี,,,,,,,,,,,,,,,,,,,,
1106,24/03/2025,Sonver Chaitip,,ü,,,ü,ตรี,,,,,,,,,,,,,,,,,,,,
1107,24/03/2025,ธิดาภู่ วันบุญ,,ü,,,ü,ตรี,,,,,,,,,,,,,,,,,,,,
1108,25/3/2025,Wyhelpon Verno,,ü,,,ü,ตรี,,,,,,,,,,,,,,,,,,,,
1109,25/3/2025,ฤดีจิต ฤดีมณี,,ü,,,ü,ตรี,,,,,,,,,,,,,,,,,,,,
1110,25/3/2025,Bori Tornu,,ü,,,ü,ตรี,บริหารธุรกิจ,การจัดการโลจิสติกส์,ปวส.,ü,,0857561248,ไม่่ต้องโทร,18.30,,ปุ้ย,ปุ้ยโทร 27/03/2025 ขอดูค่าใช้จ่ายก่อน,ปุ้้้ยโทร 28/03/2025 ปิดเครื่อง,ปุ้้้ยโทร 30/03/2025 ไม่รับสาย,ปุ้ยโทร 01/04/2025 ปิดเครื่อง,,,,,,
1111,25/3/2025,Nufa Vinlu,,ü,,,ü,ตรี,,,,,,,,,,กล้า,,,,,,,,,,
1112,25/3/2025,บุญมณี ปั้นสิน,,ü,,,ü,ตรี,บริหารธุรกิจ,การจัดการ,ม.6,,,,,,,กล้า,,,,,,,,,,
1113,25/3/2025,Chaile Yadee,,ü,,,ü,ตรี,,,,,,,,,,กล้า,,,,,,,,,,
1114,25/3/2025,Joan Ulna,,ü,,,ü,ตรี,บริหารธุรกิจ,การจัดการ,กศน. ม.6,,,,,,,กล้า,,,,,,,,,,
1115,25/3/2025,รุ่งภัทร ฟ้าสิน,,ü,,,ü,ตรี,บริหารธุรกิจ,การจัดการ,ปวส.,,,,,,,กล้า,,,,,,,,,,
1116,25/3/2025,Ponwy Vinmel,,ü,,,ü,ตรี,,,,,,,,,,กล้า,,,,,,,,,,
1117,25/3/2025,Leka Joul-kaya,,ü,,,ü,ตรี,,,,,,,,,,กล้า,,,,,,,,,,
1118,25/3/2025,Yamon Sirnu,,ü,,,ü,ตรี,,,,,,,,,,กล้า,,,,,,,,,,
1119,25/3/2025,Noqua Kitpon,,ü,,,ü,ตรี,,,,,,,,,,กล้า,,,,,,,,,,
1120,25/3/2025,Kitno Ponpe,,ü,,,ü,ตรี,,,,,,,,,,กล้า,,,,,,,,,,
1121,25/3/2025,ฤดีภูมิ'สุขยิ่ง ดีณัฐ,,ü,,,ü,ตรี,บริหารธุรกิจ,การจัดการ,ม.6,,,,,,,กล้า,,,,,,,,,,
1122,25/3/2025,ภู่พิม ชัยมั่น,,ü,,,ü,ตรี,บริหารธุรกิจ,การจัดการ,ปวช.,,,,,,,กล้า,,,,,,,,,,
1123,25/3/2025,Bozen SONWAN Kitka,,ü,,,ü,ตรี,,,,,,,,,,กล้า,,,,,,,,,,
1124,25/3/2025,MELUL-zenka Ulta,,ü,,,ü,ตรี,,,,,,,,,,กล้า,,,,,,,,,,
1125,25/3/2025,Nanu Nanu,,ü,,,ü,ตรี,,,,,,,,,,กล้า,,,,,,,,,,
1126,25/3/2025,Pepon Ragun,,ü,,,ü,ตรี,,,,,,,,,,กล้า,,,,,,,,,,
1127,25/3/2025,Pimhel Rabo,,ü,,,ü,ตรี,บริหารธุรกิจ,การจัดการโลจิสติกส์,ม.6,,,,,,,กล้า,,,,,,,,,,
1128,26/3/2025,กัญมณี ยิ่งใบ้,,ü,,,ü,ตรี,,,,,,,,,,กล้า,,,,,,,,,,
1129,26/3/2025,Jovin Quaan,,ü,,,ü,ตรี,บริหารธุรกิจ,การจัดการ,ม.6,,,,,,,กล้า,,,,,,,,,,
1130,26/3/2025,Wytor Nuson,,ü,,,ü,ตรี,,,,,,,,,,กล้า,,,,,,,,,,
1131,26/3/2025,Verix Monhel,,ü,,,ü,ตรี,รัฐศาสตร์,รัฐประศาสนศาสตร์,อนุปริญญาตรี,ü,,0871101361,ไม่ต้องโทร,ช่่วงบ่าย,,กล้า,ต้นโทร 27/3/2025 16.38 น. ไม่รับสาย,ปุ้ยโทร 28/03/2025 ไม่ได้รับสาย,ต้นโทร 29/3/2025 13.49 น. ไม่รับสาย,ต้นโทร 30/3/2025 13.55 น. ไม่รับสาย,ต้นโทร 31/3/2025 15.13 น. ไม่รับสาย,ต้้นโทร 1/4/2025 16.27 น. ไม่รับสาย,,,,
1132,26/3/2025,Yata Jolu,,ü,,,ü,ตรี,,,,,,,,,,กล้า,,,,,,,,,,
1133,26/3/2025,Ratson Ixle,,ü,,,ü,ตรี,,,,,,,,,,ปุ้ย,,,,,,,,,,
1134,26/3/2025,Taan Nuhel,,ü,,,ü,ตรี,,,,,,,,,,ปุ้ย,,,,,,,,,,
1135,26/3/2025,Tavin Uldar,,ü,,,ü,ตรี,,,,,,,,,,ปุ้ย,,,,,,,,,,
1136,26/3/2025,Melwan Pimqua,,ü,,,ü,ตรี,,,,,,,,,,ปุ้ย,,,,,,,,,,
1137,27/03/2025,เดือนพร้อม สินน้ำ,,ü,,,ü,ตรี,,,,,,,,,,ปุ้ย,,,,,,,,,,
1138,27/03/2025,Kitjo Wanwan Nuvin,,ü,,,ü,ตรี,บริหารธุรกิจ,การจัดการ,ม.6,,,0910357577,ไม่ต้องโทร,10.00,สนใจกู้ กยศ.,ปุ้ย,ต้นโทร 29/3/2025 13.06 น. สนใจเรียนภาคทางไกล,ต้นโทร 2/4/2025 15.20 น. สนใจสมัคร ขอเวลาตัดสินใจ,,,,,,,,
1139,27/03/2025,พิมจิต ภูมิขวัญ,ü,,,,ü,ตรี,บริหารธุรกิจ,การจัดการ,ม.6,,,0862587703,ไม่่ต้องโทร,19.00 เป็นต้นไป,,ปุ้ย,ปุ้ยโทร 28/03/2025 ขอคิดดูก่อน,ปุ้้ยโทร 29/03/2025 ขอคิดดูก่อน,ปุ้ยโทร 30/03/2025 ปิดเครื่อง,ปุ้ยโทร 01/04/2025 ปิดเครื่อง,,,,,,
1140,27/03/2025,Lupe Lezen,,ü,,,ü,ตรี,,,,,,,,,,ปุ้ย,,,,,,,,,,
1141,27/03/2025,ชื่นปิ่น ชัยดี,,ü,,,ü,ตรี,,,,,,,,,,ปุ้ย,,,,,,,,,,
1142,27/03/2025,Pimmon Nuta,,ü,,,ü,ตรี,,,,,,,,,,ปุ้ย,,,,,,,,,,
1143,27/03/2025,ยิ่งนุช ทิพณัฐ,,ü,,,ü,ตรี,,,,,,,,,,ปุ้ย,,,,,,,,,,
1144,27/03/2025,Nason Helrat,,ü,,,ü,ตรี,บริหารธุรกิจ,การจัดการ,ม.6,ü,,0802829768,ไม่ต้องโทร,ช่วงเช้า,สะดวกคุยทางไลน์มากกว่า,ปุ้ย,ปุ้ยโทร 28/03/2025 ไม่ได้รับสาย,ต้นโทร 29/3/2025 13.25 น. สนใจเรียนภาคทางไกล,ต้้นโทร 31/3/2025 16.24 น. โทรใหม่หลังเลิกงาน,ต้นโทร 1/4/2025 15.06 น. ไม่ได้รับสาย,ต้นโทร 2/4/2025 15.23 น. ไม่รับสาย,ต้นโทร 3/4/2025 14.34 น. ปิดเครื่อง,,,,
1145,28/03/2025,Pimkit Sirsa,,ü,,,,,,,,,,,,,,ปุ้ย,,,,,,,,,,
1146,28/03/2025,บุญยิ่ง ภูมิกิ่ง,,ü,,,,,,,,,,,,,,ปุ้ย,,,,,,,,,,
1147,28/03/2025,Ixom Kanopim,,ü,,,,,,,,,,,,,,ปุ้ย,,,,,,,,,,
1148,28/03/2025,รุ่งภัทร ฟ้าสิน,,ü,,,,,,,,,,,,,,ปุ้ย,,,,,,,,,,
1149,28/03/2025,Ralu Tata,,ü,,,,,,,,,,,,,,ปุ้ย,,,,,,,,,,
1150,28/03/2025,ชื่นปรีดา รุ่งยิ่ง,,ü,,,,,,,,,,,,,,ปุ้ย,,,,,,,,,,
1151,29/03/2025,ชัยกุล ภูมิภู่,,ü,,,ü,ตรี,รัฐศาสตร์,รัฐประศาสนศาสตร์,ม.6,ü,,,,,,ปุ้ย,,,,,,,,,,
1152,29/03/2025,Pimdee Yazenom,,ü,,,ü,ตรี,บริหารธุรกิจ,การจัดการ,ปวส.,ü,,0651092635,17/04/2025,22.00,,ปุ้ย,ปุ้ยโทร 29/03/2025 ขอคิดดูก่อน,,,,,,,,,
1153,29/03/2025,Quadee Darta,,ü,,,ü,โท,บริหารธุรกิจ,,,ü,,,,,,ปุ้ย,,,,,,,,,,
1154,29/03/2025,Verkit JOTIP,,ü,,,ü,โท,บริหารธุรกิจ,,,ü,,0944806036,ไม่ต้องโทร,10.00,,ปุ้ย,ต้นโทร 30/3/2025 13.45 น. ปิดเครื่อง,ต้นโทร 31/3/2025 14.00 น. สนใจสมัคร รอเงินเดือนออก,ต้นโทร 3/4/2025 14.37 น. ปิดเครื่อง,,,,,,,
1155,29/03/2025,Anno Sonle,,ü,,,ü,ตรี,รัฐศาสตร์,รัฐประศาสนศาสตร์,กศน. เทียบ ม.6,ü,,0906454596,ไม่ต้องโทร,15.00,,ปุ้ย,ต้นโทร 30/3/2025 13.48 น. ปิดเครื่อง,ต้นโทร 1/4/2025 15.04 น. ปิดเครื่อง,ต้นโทร 2/4/2025 16.32 น. สนใจสมัคร ขอเวลาตัดสินใจ,ต้นโทร 3/4/2025 16.24 ปิดเครื่อง,,,,,,
1156,29/03/2025,สินกุล ภัทรอัญ,,ü,,,,,,,,,,,,,,ปุ้ย,,,,,,,,,,
1157,29/03/2025,Rasa Sonson,,ü,,,,,,,,,,,,,,ปุ้ย,,,,,,,,,,
1158,29/03/2025,เดือนมั่น สุขเดือน,,ü,,,,,,,,,,,,,,ปุ้ย,,,,,,,,,,
1159,29/03/2025,รักกุล'รุ่งทิพ,,ü,,,ü,ตรี,บริหารธุรกิจ,การจัดการ,ปวส.,ü,,0622626613,ไม่ต้องโทร,13.00,สนใจกู้ กยศ.,ปุ้ย,ต้นโทร 30/3/2025 13.50 น. ไม่ได้รับสาย,ต้นโทร 31/3/2025 15.20 น. ขอปรึกษาครอบครัวก่อน,ต้นโทร 1/4/2025 15.03 น. ไม่ได้รับสาย,ต้นโทร 2/4/2025 15.25 น. ไม่รับสาย,ต้้นโทร 3/4/2025 14.40 น. ปิดเครื่อง,,,,,
1160,29/03/2025,ศิริภัทร ต้นแก้ว,,ü,,,,,,,,,,,,,,ปุ้ย,,,,,,,,,,
1161,30/03/2025,Lurat Lurat,ü,,,,ü,ตรี,บริหารธุรกิจ,การจัดการ,ปวส.,ü,,0682366716,05/04/2025,13.00,ทำงานกะดึก โทรหลัง 18.00 น.,ปุ้ย,30/03/2025 นัดโทรอีกครั้งสัปดาห์หน้า,,,,,,,,,
1162,30/03/2025,Fasir Wydar,,ü,,,,,,,,,,,,,,ปุ้้ย,,,,,,,,,,
1163,30/03/2025,Wanfa Zennu,,ü,,,,,,,,,,,,,,ปุ้้ย,,,,,,,,,,
1164,30/03/2025,Wytor Nuson,,ü,,,,,,,,,,,,,,ปุ้้ย,,,,,,,,,,
1165,30/03/2025,ฤดีกัญ ขวัญนิ่ม,,ü,,,,,,,,,,,,,,ปุ้้ย,,,,,,,,,,
1166,30/03/2025,Nuchai Verpim,ü,,,,ü,ตรี,รัฐศาสตร์,รัฐประศาสนศาสตร์,ม.6,ü,,0633395888,สมัครแล้ว,12.00,,ปุ้้ย,ต้นโทร 31/3/2025 15.57 น. ขอให้ติดต่อใหม่ช่วงเย็น,,,,,,,,,
1167,7/4/2025,Chairat Gunkit,,ü,,,ü,โท,รัฐศาสตร์,,,,,,,,,,,,,,,,,,,
1168,7/4/2025,Torrat Darhel,,ü,,,ü,โท,บริหารธุรกิจ,,,,,,,,,,,,,,,,,,,
1169,9/4/2025,Saom Saom,,ü,,,ü,ตรี,รัฐศาสตร์,รัฐประศาสนศาสตร์,ปวส,,ü,0925397100,สมัครแล้ว,16:00,,พี่ส้มโอ,,,,,,,,,,
1170,9//4/2025,Sakit  Falu,,ü,,,ü,ตรี,บริหารธุรกิจ,โลจิสติกส์,ม.6,,,,,,,,,,,,,,,,,
1171,7/4/2025,Gunponkit Najotip,,ü,,,ü,ตรี,รัฐศาสตร์,รัฐประศาสนศาสตร์,ป.ตรี,,,,,,,,,,,,,,,,,
1172,7/4/2025,Nupon Sirwanno,,ü,,,ü,ตรี,รัฐศาสตร์,รัฐประศาสนศาสตร์,ม.6,,,,,,,,,,,,,,,,,
1173,7/4/2025,ฟ้าธัญ ภัทรชัย,,ü,,,,,,,,,,,,,,,,,,,,,,,,
1174,7/4/2025,Sirhelta Nape,,ü,,,,,,,,,,,,,,,,,,,,,,,,
1175,7/4/2025,Chaigun Radar,,ü,,,,,,,,,,,,,,,,,,,,,,,,
1176,7/4/2025,Gunpon  Vinommel,,ü,,,,,,,,,,,,,,,,,,,,,,,,
1177,8/4/2025,จันทร์ภัทร มณียิ่ง,,ü,,,,ตรี,,,,,,,,,,,ต้นโทร 30/3/2025 13.50 น. ไม่ได้รับสาย,,,,,,,,,
1178,8/4/2025,Pondar Tipulvin,,ü,,,ü,โท,บริหารธุรกิจ,การจัดการ,ป.ตรี,,,,,,,,,,,,,,,,,
,8/4/2025,Wytip Lehel,,ü,,,,,,,,,,,,,,,,,,,,,,,,
,8/4/2025,ธัญภัทร ดีชัย,,ü,,,ü,ตรี,บริหารธุรกิจ,การจัดการ,ปวส,,,,,,,,,,,,,,,,,
,8/4/2025,Zenmel Nakaka,,ü,,,,,,,,,,,,,,,,,,,,,,,,
,8/4/2025,Tippe Kagun Bonu,,ü,,,,,,,,,,,,,,,,,,,,,,,,
,8/4/2025,Tipri Ulver,,ü,,,ü,ตรี,บริหารธุกิจ,การจัดการ,กศน เทียบ  ม.6,,,,,,,,,,,,,,,,,
,8/4/2025,ใบ้ศิริ เดือนยิ่ง,,ü,,,,,,,,,,,,,,,,,,,,,,,,
,8/4/2025,Gunbo Gunbo,,ü,,,,,,,,,,,,,,,,,,,,,,,,
,8/4/2025,Anzen Raan,,ü,,,,,,,,,,,,,,,,,,,,,,,,
,8/4/2025,Darra Lewy,,ü,,,,,,,,,,,,,,,,,,,,,,,,
,8/4/2025,Lemonpon Pefa,,ü,,,,,,,,,,,,,,,,,,,,,,,,
,8/4/2025,ภูมิสุข ภู่ปิ่น,,ü,,,ü,ตรี,บริหารธุรกิจ,การจัดการ,กศน เทียบ  ม.6,,,,,,,,,,,,,,,,,
,8/4/2025,กุลธิดา ยิ่งทิพ'ธิดาอัญ.,,ü,,,ü,,,,,,,,,,,,,,,,,,,,,
,8/4/2025,Torgun Quator,,ü,,,,,,,,,,,,,,,,,,,,,,,,
,8/4/2025,Melrat Wanheldar,,ü,,,ü,ตรี,รัฐศาสตร์,รัฐประศาสนศาสตร์,ม.6,,,,,,,,,,,,,,,,,
,8/4/2025,Wandar Monpe,,ü,,,ü,ตรี,รัฐศาสตร์,รัฐประศาสนศาสตร์,กศน.เทียบ ม.6,,,,,,,,,,,,,,,,,
,8/4/2025,Omson Meltor Omle,,ü,,,ü,ตรี,บริหารธุรกิจ,การจัดการโลจิสติกส์,ม.6,,,,,,,,,,,,,,,,,
,8/4/2025,ฟ้าชื่น'ฟ้าปิ่น กิ่งทิพ'แก้ววัน,,ü,,,ü,ตรี,,,,,,,,,,,,,,,,,,,,
,8/4/2025,กุลมั่น ชื่นจันทร์,,ü,,,ü,,,,,,,,,,,,,,,,,,,,,
,8/4/2025,Sachai Lewan,,ü,,,ü,ตรี,รัฐศาสตร์,รัฐประศาสนศาสตร์,ม.6,,,,,,,,,,,,,,,,,
,9/4/2025,พิมทิพ จันทร์เพ็ญ,,ü,,,ü,,,,,,,,,,,,,,,,,,,,,
,9/4/2025,Torchaigun Rape,,ü,,,ü,,,,,,,,,,,,,,,,,,,,,
,9/4/2025,Ommel Zenleka,,ü,,,,,,,,,,,,,,,,,,,,,,,,
,9/4/2025,Sirver MELSANA,,ü,,,,,,,,,,,,,,,,,,,,,,,,
,9/4/2025,Bomon Chaipe,,ü,,,,,,,,,,,,,,,,,,,,,,,,
,9/4/2025,melra,,ü,,,ü,,,,,,,,,,,,,,,,,,,,,
,9/4/2025,ณัฐฤดี ภัทรภู่,,ü,,,,,,,,,,,,,,,,,,,,,,,,
,9/4/2025,Pimnupim Nasir,,ü,,,,,,,,,,,,,,,,,,,,,,,,
,9/4/2025,Sirbo Torno,,ü,,,,,,,,,,,,,,,,,,,,,,,,
,9/4/2025,Kaver Chaikit,,ü,,,,,,,,,,,,,,,,,,,,,,,,
,9/4/2025,Kaquamel Ulom,,ü,,,,,,,,,,,,,,,,,,,,,,,,
,9/4/2025,Vinbo Helchai,,ü,,,,,,,,,,,,,,,,,,,,,,,,
,9/4/2025,ปรีดาปรีดา ภัทรจิต ธิดาเดือน จันทร์สุข ,,ü,,,,,,,,,,,,,,,,,,,,,,,,
,9/4/2025,Kitle Ponka ,,ü,,,ü,ตรี,รัฐศาสตร์,รัฐประศาสนศาสตร์,ม.6,,,,,,,,,,,,,,,,,
,9/4/2025,กิ่งชัย. สินบุญ,,ü,,,ü,ตรี,,,,,,,,,,,,,,,,,,,,
,9/4/2025,Navinwan Yahel Helwy,,ü,,,ü,ตรี,บริหารธุรกิจ,การจัดการ,,,,,,,,,,,,,,,,,,
,9/4/2025,ภัทรใบ้ อุ่นปั้น ขวัญมณี,,ü,,,ü,ตรี,บริหารธุกิจ,การจัดการโลจิสติกส์,,,,,,,,,,,,,,,,,,
,9/4/2025,Rana Pimgun,,ü,,,ü,,,,,,,,,,,,,,,,,,,,,
,9/4/2025,Ulpon Sawyya ,,ü,,,ü,โท,รัฐศาสตร์,รัฐประศาสนศาสตร์,,,,,,,,,,,,,,,,,,
,9/4/2025,Riri Ommon,,ü,,,,,,,,,,,,,,,,,,,,,,,,
,9/4/2025,Lukit Tatiphel,,ü,,,ü,,ปฐมวัย,,,,,,,,,,,,,,,,,,,
,9/4/2025,พิมภัทร ขวัญแก้ว,,ü,,,ü,ตรี,นิติศาสตร์,,ป.ตรี,,,0917298261,10-Apr-2025,11:00,ขอเวลาตัดสินใจ,,,,,,,,,,,
,9/4/2025,Vinle Ripim,,ü,,,ü,ตรี,ธุกิจสุขภาพ,,,,,,,,,,,,,,,,,,,
,9/4/2025,Annara Joom,,ü,,,ü,ตรี,รัฐศาสตร์,รัฐประศาสนศาสตร์,ม.6,,,,,,อายุ 32 ทำงานแล้ว,,,,,,,,,,,
,9/4/2025,Lesirtor Gunzen ,,ü,,,,,,,,,,,,,,,,,,,,,,,,
,9/4/2025,Wykit Torsa Nara,,ü,,,,,,,,,,,,,,,,,,,,,,,,
,9/4/2025,ฟ้าอัญ ปิ่นรัก,,ü,,,ü,ตรี,บัญชี,,,,,,,,,,,,,,,,,,,
,9/4/2025,Chaiya Penu ,,ü,,,ü,ตรี,บริหารธุรกิจ,การจัดการ ,ปวส ,ü,,,,,,,,,,,,,,,,
,9/4/2025,Pimrat Ulratdee Chainu,,ü,,,ü,โท,บริหารธุรกิจ,การจัดการ ,ป.ตรี,ü,,,,,,,,,,,,,,,,
,9/4/2025,Leya Fasaul,,ü,,,ü,ตรี,,,ปวส,,,,,,,,,,,,,,,,,
,9/4/2025,Zengun Torchai ,,ü,,,,,,,,,,,,,,,,,,,,,,,,
,9/4/2025,Melnuta Lena Ratip ,,ü,,,,,,,,,,,,,,,,,,,,,,,,
,9/4/2025,จิตขวัญ' เดือนนิ่ม,,ü,,,ü,ตรี,บริหารธุรกิจ ,การจัดการ,กศน.เทียบ ม.6,,,,,,,,,,,,,,,,,
,9/4/2025,Noson Helsa,,ü,,,ü,ตรี,,,,,,,,,,,,,,,,,,,,
,9/4/2025,Melbo Pedar,,ü,,,,,,,,,,,,,,,,,,,,,,,,
,9/4/2025,วิไลณัฐ'ภูมิวัน,,ü,,,,,,,,,,,,,,,,,,,,,,,,
,10/4/2025,Nobo Yajoom ,,ü,,,,,,,,,,,,,,,,,,,,,,,,
,10/4/2025,Nopepe Ponperat,,ü,,,ü,ตรี,รัฐศาสตร์,รัฐประศาสนศาสตร์,กศน เทียบ ม.6,,,,,,,,,,,,,,,,,
,10/4/2025,Wybo Wybo,,ü,,,ü,โท,รัฐศาสตร์,รัฐประศาสนศาสตร์,ป.ตรี,,,,,,,,,,,,,,,,,
,10/4/2025,Rihel Lupon,,ü,,,ü,ตรี,บริหารธุระกิจ,การจัดการ,ปวส ,ü,,0925186407,สมัครแล้ว,,,,,,,,,,,,,
,10/4/2025,Chaigunsir Tara,,ü,,,ü,ตรี,รัฐศาสตร์,รัฐประศาสนศาสตร์,ปวส,,,,,,,,,,,,,,,,,
,10/4/2025,Lera Petip,,ü,,,ü,ตรี,บริหารธุรกิจ,การจัดการ,ปวส,,,,,,,,,,,,,,,,,
,10/4/2025,Omtor Monzen,,ü,,,ü,ตรี,บริหารธุรกิจ,การจัดการ,ม.6,,,,,,,,,,,,,,,,,
,10/4/2025,Nokitpon Rayarat,,ü,,,,,,,,,,,,,,,,,,,,,,,,
,10/4/2025,Kitgun nopimul Safa,,ü,,,,,,,,,,,,,,,,,,,,,,,,
,10/4/2025,ดีศิริ  อุ่นน้ำ,,ü,,,,,,,,,,,,,,,,,,,,,,,,
,10/4/2025,ฟ้าแก้ว พิมปิ่น,,ü,,,,,,,,,,,,,,,,,,,,,,,,
,10/4/2025,Ratzen Ixkit,,ü,,,ü,ตรี,รัฐศาสตร์,รัฐประศาสนศาสตร์,ปวช,,ü,0948955652,10-Apr-2025,12:00,ช่่วงเย็นสะดวกคุย,,ไม่รับสาย,ขอคิดดูก่อน,ไม่รับสาย,,,,,,,
,10/4/2025,แก้วมณี ชื่นอัญ,,ü,,,ü,โท,บริหารการศึกษา ,,,,,,,,,,,,,,,,,,,
,10/4/2025,Ommellu Tordee,,ü,,,,,,,,,,,,,,,,,,,,,,,,
,10/4/2025,Vingun Omul Omul ,,ü,,,ü,ตรี,บริหารธุรกิจ,การจัดการ,ปวส,ü,,0630821087,11-Apr-2025,16:00,,,ขอดูค่าใช้จ่ายก่อน,,,,,,,,,
,10/4/2025,Ponhel -Quaulson Helri ,,ü,,,,,,,,,,,,,,,,,,,,,,,,
,10/4/2025,Deekit Ixrimel,,ü,,,,,,,,,,,,,,,,,,,,,,,,
,10/4/2025,Meljo Torver,,ü,,,ü,ตรี,บริหารธุรกิจ/รัฐศาสตร์,การจัดการ/รัฐประศาสนศาสตร์,ม.6,,,,,,,,,,,,,,,,,
,10/4/2025,Verix Ixdar,,ü,,,ü,ตรี,บริหารธุรกิจ,การจัดการ/โลจิสติกส์,ปวส,,ü,0660491473,11-Apr-2025,17:00,,,ขอปรึกษาครอบครัวก่อน,,,,,,,,,
,10/4/2025,Vinra Sape,,ü,,,ü,,,,,,,,,,,,,,,,,,,,,
,10/4/2025,Kitka Nora,,ü,,,ü,ตรี,บริหารการศึกษา,,,,,,,,,,,,,,,,,,,
,10/4/2025,Nunopim Nokata,,ü,,,ü,ตรี,บริหารธุรกิจ,การจัดการโลจิสติกส์,,,,,,,,,,,,,,,,,,
,10/4/2025,Jopim LUSON.Sonka,,ü,,,,,,,,,,,,,,,,,,,,,,,,
,10/4/2025,Gundar Guntip,,ü,,,ü,ตรี,บริหารธุกิจ,การจัดการโลจิสติกส์,ปวส,,,,,,,,,,,,,,,,,
,10/4/2025,Johel Jopever,,ü,,,ü,ตรี,รัฐศาสตร์,รัฐประศาสนศาสตร์,ม.6,ü,,,,,,,,,,,,,,,,
,10/4/2025,Fape Sonrat,,ü,,,,,,,,,,,,,,,,,,,,,,,,
,10/4/2025,Faix Darul,,ü,,,,,,,,,,,,,,,,,,,,,,,,
,10/4/2025,Kitjo deevergun,,ü,,,,,,,,,,,,,,,,,,,,,,,,
,10/4/2025,Ulkit Pongunmon,,ü,,,,,,,,,,,,,,,,,,,,,,,,
,10/4/2025,Omri Deemon,,ü,,,,,,,,,,,,,,,,,,,,,,,,
,11/4/2025,Melka Monboul,,ü,,,,,,,,,,,,,,,,,,,,,,,,
,11/4/2025,Sontip Wykitbo,,ü,,,,,,,,,,,,,,,,,,,,,,,,
,11/4/2025,Naratip Wangun,,ü,,,ü,ตรี,บริหารธุกิจ,โลจิสติกส์,ปวช,,,,,,,,,,,,,,,,,
,11/4/2025,Sirtip Noquapon,,ü,,,ü,ตรี,บริหารธุรกิจ,การจัดการ,กศน. เทียบ ม.6,,,,,,,,,,,,,,,,,
,11/4/2025,Anri Namel,,ü,,,ü,ตรี,รัฐศาสตร์,รัฐประศาสนศาสตร์,ปวช,ü,,,,,,,,,,,,,,,,
,11/4/2025,Melhel quaqua Kawy,,ü,,,ü,ตรี,รัฐศาสตร์,รัฐประศาสนศาสตร์,กศน.เทียบ ม.6,,,,,,,,,,,,,,,,,
,11/4/2025,Nochaika Ponul Rano,,ü,,,,,,,,,,,,,,,,,,,,,,,,
,11/4/2025,Yakit Rattorpon,ü,,,,ü,P,,,,,,,,,,,,,,,,,,,,
,11/4/2025,Guntabo42895,ü,,,,ü,ตรี,บริหารธุรกิจ,การจัดการ,,,,,,,,,,,,,,,,,,
,11/4/2025,Bohelna🦋🍋956,ü,,,,ü,ตรี,รัฐศาสตร์,รัฐประศาสนศาสตร์,กศน.เทียบ ม.6,,,,,,,,,,,,,,,,,
,11/4/2025,GUNTA#ZENPONGUN5005,ü,,,,ü,ตรี,บริหารธุรกิจ,โลจิสติกส์,ม.6,,,,,,,,,,,,,,,,,
,11/4/2025,วิไลปิ่น,ü,,,,ü,ตรี,บริหารธุรกิจ,การจัดการ,ม.6,ü,,0630472491,10-Apr-2025,16:00,สอบถามเรื่องทุนการศึกษา,,,,,,,,,,,
,11/4/2025,วิไลภูมิ  ภู่กิ่ง,,ü,,,ü,ตรี,บริหารธุรกิจ,การจัดการ,,,,,,,,,,,,,,,,,,
,11/4/2025,Anpechai Naponrat ,,ü,,,ü,ตรี,,,ม.3,,,,,,,,,,,,,,,,,
,11/4/2025,Quata Nukaka,,ü,,,,,,,,,,,,,,,,,,,,,,,,
,11/4/2025,Wywy Fanuri,,ü,,,,,,,,,,,,,,,,,,,,,,,,
,11/4/2025,Lutor Monul,,ü,,,ü,ตรี,บริหารธุรกิจ,การจัดการ,ปวช,,ü,0666325804,11-Apr-2025,12:00,สะดวกคุยทางไลน์มากกว่า,,ขอดูค่าใช้จ่ายก่อน,ขอดูค่าใช้จ่ายก่อน,,,,,,,,
,11/4/2025,Bogun Ratorvin,,ü,,,,,,,,,,,,,,,,,,,,,,,,
,11/4/2025,Nolu Darpe,,ü,,,ü,ตรี,บริหารธุรกิจ,การจัดการ,ปวช,,,,,,,,,,,,,,,,,
,4/4/2025,รุ่งชื่น ปรีดาชัย,,,,,,,,,,,,,,,,,,,,,,,,,,
,11/4/2025,ศิรินิ่ม ศิรินิ่ม,,ü,,,ü,ตรี,รัฐศาสตร์,รัฐประศาสนศาสตร์,ม.6,,,,,,,,,,,,,,,,,
,11/4/2025,Naritip Naritip,,ü,,,,,,,,,,,,,,,,,,,,,,,,
,11/4/2025,Fanuri Tipjo,,ü,,,,,,,ม.6,,,,,,,,,,,,,,,,,
,11/4/2025,Torfaqua Deebo,,ü,,,ü,ตรี,บริหารธุรกิจ,การจัดการ,ม.6,,ü,,15-Apr-2025,,ขอเวลาตัดสินใจ,,โทร โทรใหม่หลังเลิกงาน,ขอดูค่าใช้จ่ายก่อน,,,,,,,,
,11/4/2025,จิตจันทร์ อุ่นต้น,,ü,,,ü,ตรี,รัฐศาสตร์,,,,,,,,,,,,,,,,,,,
,17/4/2025,Melbo Ratkitna ,,ü,,,ü,ตรี,บริหารธุรกิจ ,การจัดการ ,ม.6,,,,,,,,,,,,,,,,,
,17/4/2025,วิไลน้ำ ทิพสุข ธิดารัก,,ü,,,ü,ตรี,บริหารธุรกิจ,การจัดการ,กศน.เทียบ ม.6,,,,,,,,,,,,,,,,,
,17/4/2025,ภู่ปรีดา  ปรีดาปั้น,,ü,,,ü,ตรี,รัฐศาสตร์,รัฐประศาสนศาสตร์,ปวช,,,,,,,,,,,,,,,,,
,17/4/2025,Rattip Mondarpon,,ü,,,ü,,,,,,,,,,,,,,,,,,,,,
,17/4/2025,🐱,ü,,,,ü,ตรี,บริหารธุรกิจ,โลจิสติกส์,ปวช,ü,,,,,,,,,,,,,,,,
,17/4/2025,LULU,ü,,,,ü,ตรี,บริหารธุรกิจ,การจัดการ,,,,,,,,,,,,,,,,,,
,17/4/2025,Nodeeya Ratsara ,,ü,,,ü,ตรี,,,,,,,,,,,,,,,,,,,,
,17/4/2025,Pebo  Nachaitip,,ü,,,ü,,,,,,,,,,,,,,,,,,,,,
,17/4/2025,Darkit Lejogun,,ü,,,ü,ตรี,,,,,,,,,,,,,,,,,,,,
,17/4/2025,Pejodee Melmelrat,,ü,,,ü,ตรี,บริหารธุรกิจ,โลจิสติกส์,ม.6,ü,,,,,,,,,,,,,,,,
,18/4/2025,Darpimno Quayaan ,,ü,,,ü,ตรี,บริหารธุรกิจ,การจัดการ,กศน.เทียบ ม.6,ü,,0963410472,18-Apr-2025,20:00,,,โทร ยังไม่ตัดสินใจ,ขอดูค่าใช้จ่ายก่อน,,,,,,,,
,18/4/2025,ปิ่นดี  ณัฐพร้อม,,ü,,,ü,ตรี,บริหารธุกิจ,การจัดการ,ม.6,,ü,,,,,,,,,,,,,,,
,18/4/2025,Wywy Wywy,,ü,,,ü,ตรี,รัฐศาสตร์,รัฐประศาสนศาสตร์,ม.6,,,,,,,,,,,,,,,,,
,18/4/2025,ธัญณัฐ กิ่งจิต',,ü,,,ü,ตรี,บริหารธุรกิจ,การจัดการ,ม.6,,,,,,,,,,,,,,,,,
,18/4/2025,Heltape Wylepon,,,ü,,ü,ตรี,บริหารธุรกิจ,การจัดการ,ปวช,,,,,,,,,,,,,,,,,
,18/4/2025,Anri Namel ,,ü,,,ü,ตรี,รัฐศาสตร์,รัฐประศาสนศาสตร์,ปวช,ü,,0619651540,18-Apr-2025,19:00,,,โทร ขอปรึกษาครอบครัวก่อน,ไม่รับสาย,,,,,,,,
,18/4/2025,Sirwanlu  Tordar,,ü,,,ü,ตรี,บริหารธุรกิจ,โลจิสติกส์,ปวส,ü,,0977492598,18-Apr-2025,18:30,,,โทร ขอปรึกษาครอบครัวก่อน,โทร ขอคิดดูก่อน,ยังไม่ตัดสินใจ,,,,,,,
,18/4/2025,Torfaqua Deebo,,ü,,,ü,ตรี,บริหารธุกิจ,การจัดการ,ม.6,,ü,0850785422,18-Apr-2025,20:00,ทำงานกะดึก โทรหลัง 18.00 น.,,โทร ขอดูค่าใช้จ่ายก่อน,นัดโทรอีกครั้งสัปดาห์หน้า,,,,,,,,
,18/4/2025N,Wyhel Kitdee,,ü,,,ü,ตรี,บริหารธุรกิจ,โลจิสติกส์,ปวช,ü,,0960434887,สมัครแล้ว,,,,,,,,,,,,,
,18/4/2025,Vermon Ulripe ,,ü,,,ü,ตรี ,บริหารธุรกิจ,การจัดการ,กศน.เทียบม.6,ü,,0656100466,สมัครที่อื่นแล้ว,,,,,,,,,,,,,
,18/4/2025,อัญรัก  มณีจันทร์,,ü,,,ü,ตรี,รัฐศาสตร์,รัฐประศาสนศาสตร์,ม.6,,ü,0937826736,18-Apr-2025,18:30,,,โทร ยังไม่ตัดสินใจ,ขอคิดดูก่อน,,,,,,,,
,18/4/2025,Ridar Anom,,ü,,,ü,ตรี,,,ม.6,ü,,0884008329,18-Apr-2025,20:00,ขอเวลาตัดสินใจ,,ไม่รับสาย,ไม่รับสาย,,,,,,,,
,18/4/2025,Nutor Ulzen ,,ü,,,ü,ตรี,บริหารธุรกิจ,โลจิสติกส์,ม.6,,,0849431134,18-Apr-2025,13:00,รอปรึกษาที่บ้านก่อน,,โทร ขอดูค่าใช้จ่ายก่อน,,,,,,,,,
,18/4/2025,Quape Kithel,,ü,,,ü,ตรี,รัฐศาสตร์,รัฐประศาสนศาสตร์,ม.6,,,0873463573,18-Apr-2025,15:00,รอปรึกษาที่บ้านก่อน,,ยังไม่ตัดสินใจ,,,,,,,,,
,18/4/2025,แก้วดี ศิริพร้อม,,ü,,,ü,ตรี,บริหารธุรกิจ,การจัดการ,ปวช,,,0928277899,18-Apr-2025,13:00-15:00,,,,,,,,,,,,
,18/4/2025,มณีชื่น บุญอุ่น,,ü,,,ü,ตรี,รัฐศาสตร์,รัฐประศาสนศาสตร์,ม.6,ü,,0894108028,18-Apr-2025,18:00,,,ขอคิดดูก่อน,,,,,,,,,
,19/4/2025,สินบุญ ภัทรวัน พร้อมภัทร พิมนิ่ม.,,ü,,,ü,ตรี,รัฐศาสตร์,รัฐประศาสนศาสตร์,ปวช,ü,,0936499579,20-Apr-2025,11:00,ถามว่าต้องมาสอบที่มหาวิทยาลัยไหม,,ขอดูค่าใช้จ่ายก่อน,ขอดูค่าใช้จ่ายก่อน,ขอให้ติดต่อใหม่ช่วงเย็น,,,,,,,
,19/4/2025,Wannotor CHAINO-wanponka,,ü,,,ü,ตรี,,,ปวช,,,0931802318,20-Apr-2025,17:00,,,ขอปรึกษาครอบครัวก่อน,ขอคิดดูก่อน,ไม่รับสาย,ไม่รับสาย,,,,,,
,19/4/2025,Verleno Wypim Chaiyasa ,,ü,,,ü,ตรี,,,,,,,,,,,,,,,,,,,,
,19/4/2025,Gunixle Sirludee,,ü,,,ü,ตรี,บริหารธุรกิจ,การจัดการ,ปวช,,,0920364335,20-Apr-2025,18:00,,,ขอดูค่าใช้จ่ายก่อน,,,,,,,,,
,20/4/2025,อัญภัทร ชัยวิไล จันทร์ดี,,ü,,,ü,,,,,,,,,,,,,,,,,,,,,
,20/4/2025,Helsazen Deemel,,ü,,,ü,ตรี,บริหารธุรกิจ,การจัดการ,ปวช,,,,,,,,,,,,,,,,,
,20/4/2025,Ponmon Quamonson,,ü,,,ü,ตรี,บริหารธุรกิจ,การจัดการ,ม.6,,,,,,สะดวกคุยทางไลน์มากกว่า,,ยังไม่ตัดสินใจ,,,,,,,,,
,20/4/2025,Rana Wansirvin ,,ü,,,ü,โท,,,,,,,,,,,,,,,,,,,,
,20/4/2025,Kamondee Helmonwy ,,ü,,,ü,ตรี,บริหารธุรกิจ ,การจัดการ,ปวช,,,,,,,,,,,,,,,,,
,20/4/2025,ขวัญธัญ อุ่นวิไล,,ü,,,ü,ตรี,,,,,,,,,,,,,,,,,,,,
,20/4/2025,Omnu DARBO,,ü,,,ü,ตรี,บริหารการศึกษา,,,,,,,,,,,,,,,,,,,
,20/4/2025,Gunchaika Wanfawy,,ü,,,ü,,,,,,,,,,,,,,,,,,,,,
,20/4/2025,Ansasir Vinpon,,ü,,,ü,ตรี,บริหารธุรกิจ,โลจิสติกส์,ปวส,,,,,,,,,,,,,,,,,
,20/4/2025,🐼🌼Riomix🦋NADARNA54☕🌙🌿369,ü,,,,ü,ตรี,บริหารธุรกิจ,การจัดการ,ปวช,ü,,,,,,,,,,,,,,,,
,20/4/2025,ratpimjo88🎵,ü,,,,ü,ตรี,บริหารธุรกิจ,การจัดการ,,,,,,,,,,,,,,,,,,
,21/4/2025,กัญกุล☕,ü,,,,ü,โท,รัฐศาสตร์,รัฐประศาสนศาสตร์,ป.ตรี,ü,,0685311558,,กลางวัน,,,ขอคิดดูก่อน,โทร ไม่รับสาย,,,,,,,,
,21/4/2025,Omkitvin Pevin,,ü,,,ü,ตรี,บริหารธุรกิจ,โลจิสติกส์,กศน.เทียบ ม.6,ü,,0631329017,22-Apr-2025,ได้ตลอด,,,ยังไม่ตัดสินใจ,,,,,,,,,
,21/4/2025,Nosir meltorka,,ü,,,ü,,,,,,,,,,,,,,,,,,,,,
,21/4/2025,Rifasir Omchai,,ü,,,ü,,,,,,,,,,,,,,,,,,,,,
,21/4/2025,Melperat Takit,,ü,,,ü,ตรี,บริหารธุรกิจ,โลจิสติกส์,ปวช,,,,,,,,,,,,,,,,,
,21/4/2025,Verix Melratip,,ü,,,ü,ตรี,,,ปวส,,,,,,,,,,,,,,,,,
,21/4/2025,Rimonbo Rinaan ,,ü,,,ü,ตรี,,,,,,,,,,,,,,,,,,,,
,21/4/2025,Leix Tipmelta,,ü,,,ü,โท,บริหารธุรกิจ,การจัดการ,ตรี,,,,,,,,,,,,,,,,,
,21/4/2025,Taponson Deeludar,,ü,,,ü,ตรี,บริหารธุรกิจ,การจัดการ,ปวช,ü,,,,,,,,,,,,,,,,
,21/4/2025,Vernumel Zenratom,,ü,,,ü,ตรี,บริหารธุรกิจ,การจัดการ,ปวส,,,,,,,,,,,,,,,,,
,21/4/2025,Zenquatip,,ü,,,ü,ตรี,,,,,,,,,,,,,,,,,,,,
,21/4/2025,Wyya Torqua,,ü,,,ü,,,,,,,,,,,,,,,,,,,,,
,21/4/2025,วันเดือน ชื่นชัย ต้นวิไล ,,ü,,,ü,ตรี,บริหารธุรกิจ,โลจิสจิสต์,ปวส,,,,,,ถามเรื่องค่าเทอมและการผ่อน,,,,,,,,,,,
,21/4/2025,ภู่สิน จิตรุ่ง,,ü,,,ü,ตรี,รัฐศาสตร์,รัฐประศาสนศาสตร์,ม.6,,,,,,,,,,,,,,,,,
,22/4/2025,สุขสิน ทิพดี ภัทรขวัญ,,ü,,,ü,ตรี,,,ปวส ,,,,,,,,,,,,,,,,,
,22/4/2025,Nazen Kahelvin,,ü,,,ü,ตรี,บริหารธุรกิจ,การจัดการ,ม.6,,ü,0969722815,22-Apr-2025,19:00,,,โทร ขอดูค่าใช้จ่ายก่อน,,,,,,,,,
,22/4/2025,Ponanmel SONNACHAI,,ü,,,ü,,,,,,,,,,,,,,,,,,,,,
,22/4/2025,Nazen Chaika,,ü,,,ü,,,,,,,,,,,,,,,,,,,,,
,22/4/2025,มณีน้ำ ต้นมั่น,,ü,,,ü,,,,,,,,,,,,,,,,,,,,,
,22/4/2025,พร้อมรัก พร้อมกิ่ง,,ü,,,ü,,,,,,,,,,,,,,,,,,,,,
,22/4/2025,Gunpim Vinna,,ü,,,ü,ตรี,รัฐศาสตร์,รัฐประศาสนศาสตร์,,,,,,,,,,,,,,,,,,
,22/4/2025,Sirhellu Kitomri,,ü,,,ü,,,,,,,,,,,,,,,,,,,,,
,22/4/2025,อัญพิม กุลฤดี,,ü,,,ü,ตรี,รัฐศาสตร์,รัฐประศาสนศาสตร์,กศน.เทียบ ม.6,,,,,,,,,,,,,,,,,
,22/4/2025,กุลชัย ศิริชื่น,,ü,,,ü,,,,,,,,,,,,,,,,,,,,,
,22/4/2025,ธัญรัก รักจันทร์.ทิพใบ้,,ü,,,ü,,,,,,,,,,,,,,,,,,,,,
,22/4/2025,Sarinu Kitlepe ,,ü,,,ü,ตรี,รัฐศาสตร์,รัฐประศาสนศาสตร์,ม.6,,ü,0636580392,สมัครแล้ว ,12:00,,,โทร ไม่รับสาย,ขอดูค่าใช้จ่ายก่อน,,,,,,,,
,22/4/2025,Darjo,ü่,,,,ü,ตรี,บริหารธุรกิจ,การจัดการ,ม.6,,,,,,,,,,,,,,,,,
,23/4/2025,Darvinpe Nolutip,,ü,,,ü,ตรี,รัฐศาสตร์,รัฐประศาสนศาสตร์,ปวช,ü,,,,,,,,,,,,,,,,
,23/4/2025,แก้วเดือน ณัฐแก้ว,,ü,,,ü,ตรี,บริหารธุรกิจ,การจัดการ,ม.6,,,,,,,,,,,,,,,,,
,23/4/2025,Ratom Ultipri,,ü,,,ü,ตรี,บริหารธุรกิจ,การจัดการ,ม.6,,,,,,,,,,,,,,,,,
,23/4/2025,เพ็ญศิริ ภู่ขวัญ,,ü,,,ü,ตรี,รัฐศาสตร์,รัฐประศาสนศาสตร์,ม.6,,,,,,,,,,,,,,,,,
,23/4/2025,Karatgun'bowanqua Torix,,ü่,,,ü่,ตรี,รัฐศาสตร์,รัฐประศาสนศาสตร์,ปวส,ü,,0676461577,23-Apr-2025,12:00,นัดชำระ 500 บาท,,โทร นัดโทรอีกครั้งสัปดาห์หน้า,ขอดูค่าใช้จ่ายก่อน,ไม่รับสาย,,,,,,,
,23/4/2025,กิ่งสุข'บุญธัญ,,ü่,,,ü่,ตรี,บริหารธุรกิจ,โลจิสติกส์,กศน.เทียบ ม.6,,,,,,,,,,,,,,,,,
,24/4/2025,Pontari Deeratdee,,ü่,,,ü่,ตรี,บริหารธุรกิจ,การจัดการ,ปวส,ü,,0844719021,สมัครแล้ว ,17:00,,,,,,,,,,,,
,24/4/2025,Sonsazen Sonjogun,,ü,,,ü,ตรี,รัฐศาสตร์,รัฐประศาสนศาสตร์,ปวส,ü,,0960141270,27-Apr-2025,15:00,,,ขอดูค่าใช้จ่ายก่อน,โทร ขอคิดดูก่อน,,,,,,,,
,24/4/2025,Tano Tano,,ü,,,ü,ตรี,รัฐศาสตร์,รัฐประศาสนศาสตร์,ปวส ,,ü,,,,,,,,,,,,,,,
,24/4/2025,Nanuqua Rajope,,ü,,,ü,ตรี,บริหารธุรกิจ,โลจิสติกส์,ม.6,,,,,,,,,,,,,,,,,
,24/4/2025,Wytiptip Chaikitri,,ü,,,ü,,,,,,,,,,,,,,,,,,,,,
,24/4/2025,Darpimno Tipyabo,,ü,,,ü,โท,บริหารธุรกิจ,การจัดการ,ป.ตรี,,,,,,,,,,,,,,,,,
,24/4/2025,Pondarle Omtorwy,,ü,,,ü,โท,บริหารธุรกิจ,การจัดการ,ป.ตรี,ü,,0864265897,สมัครแล้ว,,,,,,,,,,,,,
,24/4/2025,Boomwy Deenu,,ü,,,ü,ตรี,รัฐศาสตร์,รัฐประศาสนศาสตร์,ม.6,,,,,,,,,,,,,,,,,
,24/4/2025,Ribora Zenyawan,,ü,,,ü,ตรี,บริหารธุรกิจ,การจัดการ,ปวส,,,,,,,,,,,,,,,,,
,24/4/2025,Quaverri Lutata,,ü,,,ü,ตรี,บริหารธุรกิจ,การจัดการ,กศน.เทียบม.6 ,,,,,,,,,,,,,,,,,
,24/4/2025,Kaixya Ulzen,,ü,,,ü,ตรี,บริหารธุรกิจ ,การจัดการ,ปวส,,,,,,,,,,,,,,,,,
,25/4/2025,รักอุ่น'เพ็ญภัทร,,ü,,,ü,ตรี,รัฐศาสตร์,รัฐประศาสนศาสตร์,ม.6,,,,,,,,,,,,,,,,,
,25/4/2025,ขวัญวัน กุลภูมิ,,ü,,,ü,,,,,,,,,,,,,,,,,,,,,
,25/4/2025,Pepim Quajokit,,ü,,,ü,,,,,,,,,,,,,,,,,,,,,
,25/4/2025,ขวัญขวัญ วิไลภัทร,,ü,,,ü,,,,,,,,,,,,,,,,,,,,,
,25/4/2025,Torix kitzenver,,ü,,,ü,,,,,,,,,,,,,,,,,,,,,
,25/4/2025,GUNHELTOR joponri Najori,,ü,,,ü,,,,,,,,,,,,,,,,,,,,,
,25/4/2025,สุขต้น,,ü,,,ü,,,,,,,,,,,,,,,,,,,,,
,25/4/2025,รุ่งณัฐ'ฤดีสุข,,ü,,,ü,,,,,,,,,,,,,,,,,,,,,
,25/4/2025,ชื่นธัญ  ภูมิใบ้,,ü,,,ü,ตรี,บริหารธุรกิจ,การจัดการ,ปวส,ü,,0802576676,25-Apr-2025,18:00,,,โทร ปิดเครื่อง,,,,,,,,,
,25/4/2025,Kitsir Deemelkit,,ü,,,ü,ตรี,รัฐศาสตร์,รัฐประศาสนศาสตร์,,,,,,,,,,,,,,,,,,
,25/4/2025,Deepon Namelpim,,ü,,,ü,ตรี,บริหารธุรกิจ,การจัดการ,ปวส,,,,,,,,,,,,,,,,,
,25/4/2025,Takitbo najowan,,ü,,,ü,ตรี,บริหารธุรกิจ,การจัดการ,ม.6,,ü,0912156304,25-Apr-2025,13:10,ทำงานกะดึก โทรหลัง 18.00 น.,,ขอปรึกษาครอบครัวก่อน,ขอดูค่าใช้จ่ายก่อน,ขอดูค่าใช้จ่ายก่อน,,,,,,,
,25/4/2025,Nopimver 9 Zenkitfa Vinsir,ü,,,ü,,ตรี,,,,,,0915853441,25-Apr-2025,15:00,ขอเวลาตัดสินใจ,,ขอดูค่าใช้จ่ายก่อน,ไม่รับสาย,,,,,,,,
,25/4/2025,JOTOR ,,ü,,,ü,ตรี,บริหารธุรกิจ,การจัดการ,ปวช,,,0998186999,25-Apr-2025,14:00,,,โทร ขอคิดดูก่อน,,,,,,,,,
,25/4/2025,อัญนุช อัญนุช,,ü,ü,,,ตรี,วิศวกรรมศาสตร์,,ปวส,ü,,0808458436,สมัครแล้ว,18:00,ถามว่าต้องมาสอบที่มหาวิทยาลัยไหม,,ยังไม่ตัดสินใจ,,,,,,,,,
,26/4/2025,นุชภัทร'วิไลดี อัญพร้อม,,ü,,,ü,ตรี,บริหารธุรกิจ,การจัดการ,ม.6,,,,,,,,,,,,,,,,,
,26/4/2025,กัญปั้น ศิริเพ็ญ,,ü,,,ü,,,,,,,,,,,,,,,,,,,,,
,26/4/2025,Vinquasa Kitkitrat,,ü,,,ü,,,,,,,,,,,,,,,,,,,,,
,26/4/2025,Quadeetip Rifata Raom,,ü,,,ü,ตรี,บริหารธุรกิจ,การจัดการ,ม.6,,,,,,,,,,,,,,,,,
,26/4/2025,ธิดาบุญ ปิ่นกิ่ง,,ü,,,ü,,,,,,,,,,,,,,,,,,,,,
,26/4/2025,สินต้น,,ü,,,ü,ตรี,บริหารธุรกิจ,การจัดการ,กศน.เทียบ ม.6,ü,,0971016050,,,,,,,,,,,,,,
,27/4/2025,🍓^+^Chailu CHAIDARVIN ^+^🍓,ü,,,,ü,ตรี,บริหารธุรกิจ,การจัดการ,ปวส,ü,,0982179560,27-Apr-2025,18:00,อายุ 32 ทำงานแล้ว,,ไม่รับสาย,ยังไม่ตัดสินใจ,ไม่รับสาย,,,,,,,
,27/4/2025,Wanom Anzenra,,ü,,,ü,ตรี,บริหารธุรกิจ,การจัดการ,ม.6,ü,,0986061993 ,28-Apr-2025,12:00,,,,,,,,,,,,
,27/4/2025,Qualu Qualu ,,ü,,,ü,ตรี,บริหารธุรกิจ,การจัดการ,ปวส,,,0891149037,28-Apr-2025,18:00,,,,,,,,,,,,
,27/4/2025,☕chaihel chaihel☕,ü,,,,ü,ตรี,บริหารธุรกิจ,การจัดการ,กศน.เทียบ ม.6,,ü,,28-Apr-2025,17:00,,,ขอดูค่าใช้จ่ายก่อน,,,,,,,,,
,28/4/2025,🌈Kaombo🍋,,ü,,,ü,ตรี,                    บริหารธุรกิจ,การจัดการ,ปวส,ü,       ,0974898298,28-Apr-2025,13:00,ขอเวลาตัดสินใจ,,โทร ขอปรึกษาครอบครัวก่อน,ไม่รับสาย,ขอดูค่าใช้จ่ายก่อน,,,,,,,
,28/4/2025,Fanuom Johelvin,,ü,,,ü,ปวส,,,,,ü,0884902155,29-Apr-2025,18:00,,,ขอคิดดูก่อน,,,,,,,,,
,28/4/2025,วิไลธิดา เพ็ญดี,,ü,,,ü,โท,บริหารธุรกิจ,การจัดการ,ป.ตรี,ü,,0998318331,29-Apr-2025,15:00,ขอเวลาตัดสินใจ,,ขอคิดดูก่อน,ยังไม่ตัดสินใจ,,,,,,,,
,28/4/2025,Kapechai Quaraqua,,ü,,,ü,ตรี,บริหารธุรกิจ,การจัดการ,ม.6,,,0911200377,29-Apr-2025,18:00,,,ขอปรึกษาครอบครัวก่อน,,,,,,,,,
,28/4/2025,ธิดาบุญ-เดือนชื่น ภัทรนิ่ม เพ็ญฤดี ปรีดาอุ่น,,ü,,,ü,ตรี,รัฐศาสตร์,รัฐประศาสนศาสตร์,ม.6,ü,,0922142680,29-Apr-2025,13:00,,,ยังไม่ตัดสินใจ,,,,,,,,,
,28/4/2025,SONULNA🐶,ü,,,,ü,ตรี,บริหารธุรกิจ,การจัดการ,ม.6,,,0629096192,29-Apr-2025,12:00,อายุ 32 ทำงานแล้ว,,ขอดูค่าใช้จ่ายก่อน,,,,,,,,,
,29/4/2025,Kagun Kagun,,ü,,,ü,ตรี,บริหารธุรกิจ,โลจิสติกส์,กศน.เทียบ ม.6,ü,,,,,,,,,,,,,,,,
,29/4/2025,Meldee Dardartor,,ü,,,ü,ตรี,บริหารธุรกิจ,การจัดการ,ม.6,,,,,,,,,,,,,,,,,
,29/4/2025,Ponnoya HELSON jonari,,ü,,,ü,ตรี,,,,,,,,,,,,,,,,,,,,
,29/4/2025,Nadarle Tiptadar,,ü,,,ü,ตรี,บริหารธุรกิจ,การจัดการ,ปวส,ü,,0625631161,29-Apr-2025,18:00,,,,,,,,,,,,
,29/4/2025,Wyrathel Raomka,,ü,,,ü,ตรี,บริหารธุรกิจ,การจัดการ,ปวช,ü,,,,,,,,,,,,,,,,
,29/4/2025,Siryana Gunratwy,,ü,,,ü,ตรี,บริหารธุรกิจ,โลจิสติกส์,กศน.เทียบ ม.6,,ü,0661603582,30-Apr-2025,,,,,,,,,,,,,
,29/4/2025,Kari Omtipson,,ü,,,ü,ตรี,บริหารธุรกิจ,การจัดการ,ปวส,ü,,0914038472,30-Apr-2025,หลัง17:00,,,,,,,,,,,,
,29/4/2025,Noya Chaikapim,,ü,,,ü,ตรี,บริหารธุรกิจ,โลจิสติกส์,ม.6,,,0980098391,30-Apr-2025,10:00,,,,,,,,,,,,
,30/4/2025,Ratnari gunquajo,,ü,,,ü,ตรี,นิติศาสตร์,,กศน.เทียบม.6,ü,,0968847297,30-Apr-2025,15:00,ส่งวุฒิมาให้ดูเทียบโอนหน่วยกิต,,ขอให้ติดต่อใหม่ช่วงเย็น,ไม่รับสาย,,,,,,,,
,30/4/2025,Bodeetor Vinmonta,,ü,,,ü,ตรี,,,,,,,,,,,,,,,,,,,,
,30/4/2025,Meldeeri Vinratno-ixjoqua,,ü,,,ü,,,,,,,,,,,,,,,,,,,,,
,30/4/2025,ศิริบุญ  ขวัญณัฐ,,ü,,,ü,,,,,,,,,,,,,,,,,,,,,
,30/4/2025,Vinrarat TAIXZEN,,ü,,,ü,,,,,,,,,,,,,,,,,,,,,
,30/4/2025,Siranson Ulpimgun ,,ü,,,ü,,,,,,,,,,,,,,,,,,,,,
,30/4/2025,Pimtaya Ratixvin,,ü,,,ü,ตรี,บริหารธุรกิจ,โลจิสติกส์,ปวส,,,,,,,,,,,,,,,,,
,30/4/2025,Pimdardar Wyluson,,ü,,,ü,ตรี,รัฐศาสตร์,รัฐประศาสนศาสตร์,ม.6,ü,,,,,,,,,,,,,,,,
,1/5/2025,Zensontip Omsonbo,,ü,,,ü,,,,,,,,,,,,,,,,,,,,,
,1/5/2025,Sarathel anrilu,,ü,,,ü,,,,,,,,,,,,,,,,,,,,,
,1/5/2025,Helfalu Nosasa,,ü,,,ü,,,,,,,,,,,,,,,,,,,,,
,1/5/2025,Ratwydee Vinzenix,,ü,,,ü,,,,,,,,,,,,,,,,,,,,,
,1/5/2025,Kitratchai Nusatip,,ü,,,ü,ตรี,บริหารธุรกิจ,โลจิสติกส์,,,,,,,,,,,,,,,,,,
,1/5/2025,Gundardee chaiwanlu,,ü,,,ü,,,,,,,,,,,,,,,,,,,,,
,2/5/2025,Rikitchai Quakit,,ü,,,ü,ตรี,บริหารธุรกิจ,โลจิสติกส์,ม.6,,,,,,,,,,,,,,,,,
,2/5/2025,Pefator Chaifara,,ü,,,ü,,,,,,,,,,,,,,,,,,,,,
,2/5/2025,rattakit Peyapon,,ü,,,ü,ตรี,บริหารธุรกิจ,การจัดการ,กศน.ม.6,,,,,,,,,,,,,,,,,
,2/5/2025,wanvinsir Yakator,,ü,,,ü,,บริหารธุรกิจ,การจัดการ,กศน.เทียบ ม.6,,,,,,,,,,,,,,,,,
,2/5/2025,ชื่นมั่น เพ็ญบุญ,,ü,,,ü,,,,,,,,,,,,,,,,,,,,,
,3/5/2025,Bosakit Wytaya,,ü,,,ü,,,,,,,,,,,,,,,,,,,,,
,3/5/2025,Rawyle Kaix,,ü,,,ü,ตรี,บริหารธุรกิจ,การจัดการ,ปวส ,,,,,,,,,,,,,,,,,
,3/5/2025,Monponka Anhelsir,,ü,,,ü,,,,,,,,,,,,,,,,,,,,,
,3/5/2025,Ratnu Taanver,,ü,,,ü,ตรี,บริหารธุรกิจ,การจัดการ,ม.6,ü,,,,,,,,,,,,,,,,
,3/5/2025,Rimonbo Rinaan,,ü,,,ü,ตรี,บริหารธุรกิจ,การจัดการ,กศน.ม.6,,,,,,,,,,,,,,,,,
,3/5/2025,ยิ่งรัก วันธิดา,,ü,,,ü,,,,,,,,,,,,,,,,,,,,,
,4/5/2025,Yakitya Kitwanle,,ü,,,ü,ตรี,บริหารธุรกิจ,การจัดการ,ปวส,,,,,,,,,,,,,,,,,
,4/5/2025,Deepon Namelpim,,ü,,,ü,ตรี,บริหารธุรกิจ,การจัดการ,ปวส,,,,,,,,,,,,,,,,,
,4/5/2025,Wytiptip Chaikitri,,ü,,,ü,ตรี,บริหารธุรกิจ,โลจิสติกส์,กศน. ม.6,,,,,,,,,,,,,,,,,
,5/5/2025,Kitsir Deemelkit,,ü,,,ü,ตรี,รัฐศาสตร์,รัฐประศาสนศาสตร์,,,,,,,,,,,,,,,,,,
,5/5/2025,Joponna Uljoan,,ü,,,ü,โท,บริหารธุกิจ,การจัดการ,ป.ตรี,,,,,,,,,,,,,,,,,
,5/5/2025,นิ่มรุ่ง สุขอัญ,,ü,,,,ตรี,บัญชี,,,,,,,,,,,,,,,,,,,
,6/5/2025,Noponna Chaikitrat,,ü,,,ü,,บริหารธุรกิจ,การจัดการ,กศน.ม.6,,,,,,,,,,,,,,,,,
,6/5/2025,Peixom Peixom,,ü,,,ü,,,,,,,,,,,,,,,,,,,,,
,6/5/2025,ฤดีรัก ชัยกัญ',,ü,,,,ตรี,วิศวกรรมศาสตร์,วิศวกรรมโยธา,ปวส ,,,,,,,,,,,,,,,,,
,6/5/2025,Nayalu Kitrana ,,ü,,,ü,ตรี,รัฐศาสตร์,รัฐประศาสนศาสตร์,ปวช,,,,,,,,,,,,,,,,,
,6/5/2025,Heljo Kityara ,,ü,,,ü,ตรี,,,ม.6,,,,,,,,,,,,,,,,,
,6/5/2025,ภู่กุล มณีเพ็ญ,,ü,,,ü,ตรี,รัฐศาสตร์,การเมืองการปกครอง,,,,,,,,,,,,,,,,,,
,6/5/2025,Omnoix Quakit,,ü,,,ü,,,,,,,,,,,,,,,,,,,,,
,6/5/2025,Saanna Ulsiran,,ü,,,ü,ตรี,บริหารธุรกิจ,การจัดการ,กศน ม.6,ผ่อน,,,,,,,,,,,,,,,,
,6/5/2025,Vinvinmel Fatorul,,ü,,,ü,ตรี,รัฐศาสตร์,รัฐประศาสนศาสตร์,กศน. ม.6,,,,,,,,,,,,,,,,,
,6/5/2025,Wytipom Lequanu,,ü,,,ü,โท,บริหารธุรกิจ,การจัดการ,ป.ตรี,,,,,,,,,,,,,,,,,
,6/5/2025,อุ่นแก้ว นิ่มจิต,,ü,,,ü,ตรี,บริหารธุรกิจ,โลจิสติกส์,ปวส,,,,,,,,,,,,,,,,,
,6/5/2025,เพ็ญชัย ทิพน้ำ,,ü,,,ü,โท,บริหารธุรกิจ,การจัดการ,ป.ตรี,,,,,,,,,,,,,,,,,
,6/5/2025,Tipomnu torpimtor,,ü,,,ü,,,,,,,,,,,,,,,,,,,,,
,6/5/2025,Deehel Vinrabo,,ü,,,ü,ตรี,บริหารธุรกิจ,การจัดการ,ม.6,,,,,,,,,,,,,,,,,
,6/5/2025,Dardee Kitverle,,ü,,,ü,,,โลจิสติกส์,,,,,,,,,,,,,,,,,,
,6/5/2025,ภัทรรุ่ง  ปั้นกัญ,,ü,,,ü,,,,,,,,,,,,,,,,,,,,,
,6/5/2025,Quaixver Faomwy Joritor,,ü,,,ü,โท,รัฐศาสตร์,รัฐประศาสนศาสตร์,ป.ตรี,,,,,,,,,,,,,,,,,
,6/5/2025,Ulzen Verlera,,ü,,,ü,,,,ม.6,,,,,,,,,,,,,,,,,
,6/5/2025,Yata Anlutor,,ü,,,ü,ตรี,บริหารธุกิจ,โลจิสติกส์,ม.6,,,,,,,,,,,,,,,,,
,6/5/2025, Chailu Ommonver Monrapon,,ü,,,ü,ตรี,บริหารธุรกิจ,การจัดการ,ปวช,,,,,,,,,,,,,,,,,
,6/5/2025,Wandeetor Fatormel,,ü,,,ü,ตรี,,,,,,,,,,,,,,,,,,,,
,6/5/2025,Vinponqua Ratnu Ratnu,,ü,,,ü,ตรี,บริหารธุรกิจ,การจัดการ,ปวช,,,,,,,,,,,,,,,,,
,6/5/2025,Kittorna Heltip,,ü,,,ü,ตรี,บริหารธุรกิจ,การจัดการ,ปวส,,,,,,,,,,,,,,,,,
,6/5/2025,Wanhelri Ponul Ponul,,ü,,,ü,ตรี,,,,,,,,,,,,,,,,,,,,
,6/5/2025,HELSON'Peratwan,ü,ü,,,ü,โท,รัฐศาสตร์,รัฐประศาสนศาสตร์,ป.ตรี,ü,,0612191708,สมัครแล้ว,15:00,แอดไลน์กลับมาเรียบร้อยแล้ว,,ขอดูค่าใช้จ่ายก่อน,ขอคิดดูก่อน,,,,,,,,
,6/5/2025,Sondeehel Novinna,,ü,,,ü,ตรี,บริหารธุรกิจ,โลจิสติกส์,ปวช,,ü,0635874321,สมัครแล้ว ,19:00,,,,,,,,,,,,
,6/5/2025,RIWANJO,ü,,,,ü,ตรี,รัฐศาสตร์,รัฐประศาสนศาสตร์,กศน .ม.6,,ü,0938074854,6-May-2025,16:00,,,ขอคิดดูก่อน,,,,,,,,,
,6/5/2025,Lequamel Zenmeltor,,ü,,,ü,ตรี,บริหารธุรกิจ,โลจิสติกส์,ม.6,,,0933894549,6-May-2025,20:00,,,โทร ไม่รับสาย,ไม่รับสาย,,,,,,,,
,6/5/2025,Lequapim Helwantor'rimonkit,,ü,,,ü,ตรี,บริหารธุรกิจ,การจัดการ,กศน.ม.6,ü,,0690651745,6-May-2025,12:00,,,โทร ขอคิดดูก่อน,ขอปรึกษาครอบครัวก่อน,,,,,,,,
,6/5/2025,Pequamel Lepenu,,ü,,,ü,ตรี,รัฐศาสตร์,รัฐประศาสนศาสตร์,กศน.ม.6,,,0656669662,6-May-2025,17:00,,,ขอคิดดูก่อน,สมัครเรียบร้อย รอส่งเอกสาร,,,,,,,,
,6/5/2025,RAPONVER,ü,,,,ü,,บริหารธุรกิจ,การจัดการ,ปวส,ü,,0639311025,สมัครแล้ว,19:00,,,,,,,,,,,,
,6/5/2025,NOIX🍓🐱ULIXLE🎵🌸LUSON⭐NUNUCHAI,ü,,,,ü,โท,บริหารธุรกิจ,การจัดการ,ป.ตรี,ü,,0804811294,6-May-2025,17:00,,,โทร ขอดูค่าใช้จ่ายก่อน,ยังไม่ตัดสินใจ,,,,,,,,
,6/5/2025,Versir  Razen,,ü,,,ü,ตรี,รัฐศาสตร์,รัฐประศาสนศาสตร์,ปวส,ü,,0969086152,สมัครแล้ว ,18:00,,,,,,,,,,,,
,7/5/2025,ธิดาปิ่น ภูมิชื่น,,ü,,,ü,ตรี,บริหารธุรกิจ,การจัดการ,ม.6,ü,,0955046147,สมัครแล้ว,12:00,,,ไม่รับสาย,ขอปรึกษาครอบครัวก่อน,,,,,,,,
,7/5/2025,ฤดีฤดี กิ่งธิดา,,ü,,,ü,ตรี,บริหารธุรกิจ,การจัดการ,ปวส,,ü,0943791756,7-May-2025,20:00,,,,,,,,,,,,
,7/5/2025,Omkawan Yataan,,ü,,,ü,ตรี,บริหารธุรกิจ,การจัดการ,กศน.เทียบม.6,ü,,0886152972,7-May-2025,18:00,,,ยังไม่ตัดสินใจ,,,,,,,,,
,7/5/2025,Ratratmon🍉246,ü,,,,ü,โท,รัฐศาสตร์,รัฐประศาสนศาสตร์,ป.ตรี,ü,,0695031543,7-May-2025,20:00,,,,,,,,,,,,
,7/5/2025,Yapimwan Deeanmel,,ü,,,ü,โท,บริหารธุรกิจ,การจัดการ,ป.ตรี,,,0615123237,7-May-2025,18:00,,,ไม่รับสาย,10/5/2025 ขอดูค่าใช้จ่ายก่อน,,,,,,,,
,7/5/2025,บุญรุ่ง จิตเดือน,,ü,,,ü,ตรี,รัฐศาสตร์และบริหารธุรกิจ,รัฐประศาสนศาสตร์หรืือการจัดการ,กศน.ม.6,,,0990877339,7-May-2025,12:00,,,ไม่ได้รับสาย,ขอคิดดูก่อน,ขอให้ติดต่อใหม่ช่วงเย็น,ไม่รับสาย,,,,,,
,7/5/2025,Sonbofa Lunowy,,ü,,,ü,ตรี,รัฐศาสตร์และบริหารธุรกิจ,รัฐประศาสนศาสตร์หรืือโลจิสติกส์,ปวส,,,0935021024,7-May-2025,ได้ตลอดเวลา,ทำงานกะดึก โทรหลัง 18.00 น.,,ขอดูค่าใช้จ่ายก่อน,ขอดูค่าใช้จ่ายก่อน,ไม่รับสาย,,,,,,,
,8/5/2025,Numon Lehelchai,,ü,,,ü,ตรี,บริหารธุรกิจ,การจัดการ,ป.ตรี,ü,,0815351894,8-May-2025,18:00,,,โทร ไม่รับสาย,ขอดูค่าใช้จ่ายก่อน,,,,,,,,
,8/5/2025,Torqua Tiprijo,,ü,,,ü,ตรี,บริหารธุรกิจ,การจัดการ,ปวส,ü,,0994595928,8-May-2025,17:00,,,ยังไม่ตัดสินใจ,,,,,,,,,
,8/5/2025,Sirsasa  Bolugun,,ü,,,ü,ตรี,บริหารธุรกิจ,โลจิสติกส์,ป.ตรี,,,0624167222,8-May-2025,12:00,,,สนใจเรียนภาคทางไกล,,,,,,,,,
,8/5/2025,Wandeetor Fatormel,,ü,,,ü,ตรี,คอมธุกิจ,,ป.ตรี,ü,,0910392091,8-May-2025,18:00,ขอเอกสารหลักสูตรทางไลน์,,ยังไม่ตัดสินใจ,,,,,,,,,
,8/5/2025,fawyjo_fawyzen?!🐶🎵6111,,ü,,,ü,ตรี,บริหารธุรกิจ,โลจิสติกส์,ม.6,,,0962228235,8-May-2025,14:00,สะดวกคุยทางไลน์มากกว่า,,ไม่รับสาย,ขอดูค่าใช้จ่ายก่อน,,,,,,,,
,8/5/2025,Anpeya Yadeerat,,ü,,,ü,ตรี,สาธารณสุขศาสตร์,,ปวส,,ü,0602675717,8-May-2025,18:00,,,โทร ไม่ได้รับสาย,ไม่รับสาย,,,,,,,,
,8/5/2025,Nutamel Verquape,,ü,,,ü,ตรี,นิติศาสตร์,,ปวส,,,,,,,,,,,,,,,,,
,8/5/2025,ภัทรกุล กัญณัฐ,,ü,,ü,,ตรี,คอมพิวเตอร์,,ปวช,,,,,,,,,,,,,,,,,
,9/5/2025,SONJONU Chairabo Chaibo,,ü,,,ü,ตรี,บริหารธุรกิจ,การจัดการ,ม.6,ü,,0608696624,สมัครแล้ว,,,,,,,,,,,,,
,9/5/2025,ภู่อุ่น เพ็ญกุล,,ü,,,ü,ตรี,รัฐศาสตร์,รัฐประศาสนศาสตร์,ปวส,,,,,,,,,,,,,,,,,
,9/5/2025,กุลรัก ภูมิวัน,,ü,,,ü,ตรี,บริหารธุรกิจ,การจัดการ,ตรี,,,,,,,,,,,,,,,,,
,9/5/2025,Wywy Nuno,,ü,,,ü,ตรี,บริหารธุรกิจ,การจัดการ,ม.6,,,,,,,,,,,,,,,,,
,9/5/2025,ฤดีใบ้ ,,ü,,,ü,ตรี,นิติศาสตร์,,,,,,,,,,,,,,,,,,,
,9/5/2025,Wynawan Gunmonno,,ü,,,ü,,,,,,,,,,,,,,,,,,,,,
,9/5/2025,Ankitlu Rasavin,,ü,,,ü,,,,,,,,,,,,,,,,,,,,,
,9/5/2025,Wyluson Melyator Joriix,,ü,,,ü,,บริหารธุรกิจ,การจัดการ,ม.6,,,099-2950737,10-May-2025,13:00-16:00,,,,,,,,,,,,
,9/5/2025,Tawanchai Zentorqua,,ü,,,ü,,,,,,,,,,,,,,,,,,,,,
,9/5/2025,ณัฐบุญ อุ่นฟ้า,,ü,,,ü,,,,,,,,,,,,,,,,,,,,,
,9/5/2025,Fawanka Sirlevin,,ü,,,ü,,,,,,,,,,,,,,,,,,,,,
,9/5/2025,Yamelan Zenmonra,,ü,,,ü,,,,,,,,,,,,,,,,,,,,,
,10/5/2025,Rinaan Kitpim,,ü,,,ü,,,,,,,,,,,,,,,,,,,,,
,10/5/2025,Luchai Ponlutor,,ü,,,ü,,,,,,,,,,,,,,,,,,,,,
,10/5/2025,พิมยิ่ง  ดีมั่น,,ü,,,ü,,,,,,,,,,,,,,,,,,,,,
,10/5/2025,ธัญเพ็ญ จันทร์จิต,,ü,,,ü,,,,ปวส ,,,0829977321,,,ขอเวลาตัดสินใจ,,ขอดูค่าใช้จ่ายก่อน,,,,,,,,,
,10/5/2025,Saix Heljomon Omlever,,ü,,,ü,,,,,,,,,,,,,,,,,,,,,
,10/5/2025,Legunan Nuwyzen,,ü,,,ü,,,,,,,,,,,,,,,,,,,,,
,10/5/2025,Boponpon Helponya,,ü,,,ü,ตรี,บริหารธุรกิจ ,การจัดการ,ม.6,ü,,0663764735,สมัครแล้ว,13:00,,,,,,,,,,,,
,10/5/2025,Gunno Luya,,ü,,,ü,ตรี,บริหารธุรกิจ,การจัดการ,ปวส,,,0666849825,11-May-2025,18:30,อยากเรียนเฉพาะเสาร์อาทิตย์,,ยังไม่ตัดสินใจ,ยังไม่ตัดสินใจ,,,,,,,,
,11/5/2025,Tanona Zengunna,,ü,,,ü,ตรี,บริหารธุรกิจ,การจัดการ,ม.6,ü,,0997995796,สมัครแล้ว,09:00-10:00,,,ยังไม่ตัดสินใจ,,,,,,,,,
,11/5/2025,Torpeix Nubomon,,ü,,,ü,โท,,,,,,,,,,,,,,,,,,,,
,11/5/2025,Leulvin Chailena,,ü,,,ü,ตรี,รัฐศาสตร์,รัฐประศาสนศาสตร์,,,,,,,,,,,,,,,,,,
,11/5/2025,Vernatip Tanuka,,ü,,,ü,ตรี,บริหารธุรกิจ ,การจัดการ,,,,,,,,,,,,,,,,,,
,12/5/2025,ชัยยิ่ง  ดีมณี,,ü,,,ü,โท,,สาธารณสุข,ป.ตรี,,,,,,,,,,,,,,,,,
,12/5/2025,Heltip salupim,,ü,,,ü,ตรี,บริหารธุรกิจ,การจัดการ/โลจิสติกส์,ปวช,,,,,,,,,,,,,,,,,
,12/5/2025,จันทร์มั่น อัญบุญ,,ü,,,ü,ตรี,,,ปวช,,,,,,ขอเวลาตัดสินใจ,,,,,,,,,,,
,12/5/2025,Fagunpim Ratgun,,ü,,,ü,ตรี,บริหารธุรกิจ,การจัดการ,ปวส,,,,,,,,ไม่รับสาย,ไม่รับสาย,,,,,,,,
,12/5/2025,ภูมิอุ่น'พร้อมดี สุขวัน'พร้อมจิต ,,ü,,,ü,ตรี,บริหารธุรกิจ ,การจัดการ,ปวส,,,0694389416,12-May-2025,12:00,นัดชำระ 500 บาท,,ไม่รับสาย,ขอดูค่าใช้จ่ายก่อน,,,,,,,,
,12/5/2025,Fanuri Chairatchai,,ü,,,ü,ตรี,บริหารธุรกิจ,การจัดการ,ม.6,ü,,0611834782,สมัครแล้ว,ตลอดเวลา,,,,,,,,,,,,
,12/5/2025,Kasaqua Lewychai,,ü,,,ü,ตรี,บริหารธุรกิจ,โลจิสติกส์,ม.6,ü,,0869499978,สมััครแล้ว,11:30,,,ยังไม่ตัดสินใจ,ยังไม่ตัดสินใจ,,,,,,,,
,13/5/2025,ทิพกิ่ง ภูมิปรีดา,,ü,,,ü,ตรี,บริหารธุรกิจ,การจัดการ,ปวส,ü,,0972782003,13-May-2025,18:00,ทำงานกะดึก โทรหลัง 18.00 น.,,นัดโทรอีกครั้งสัปดาห์หน้า,ขอคิดดูก่อน,ขอคิดดูก่อน,,,,,,,
,13/5/2025,ศิริศิริ จิตดี,,ü,,,ü,ตรี,รัฐศาสตร์,รัฐประศาสนศาสตร์,ปวส,,,0943482736,13-May-2025,09:00-16:00,,,,,,,,,,,,
,13/5/2025,Darnawy Anmeljo,,ü,,,ü,ตรี,บริหารธุรกิจ ,โลจิสติกส์,ม.6,,,0997841951,สมัครแล้ว,18:00,,,,,,,,,,,,
,13/5/2025,Deenu Anulfa,,ü,,,ü,ตรี,บริหารธุรกิจ,การจัดการ,ปวส,,ü,0968424677,13-May-2025,18:00,,,,,,,,,,,,
,13/5/2025,Sonponle Pimrat,,ü,,,ü,ตรี,บริหารธุรกิจ,โลจิสติกส์,ปวส,,,0951498222,13-May-2025,สะดวกตลอด,มีประกันสังคม ถามเรื่องสิทธิ์,,ยังไม่ตัดสินใจ,,,,,,,,,
,13/5/2025,Deewyul Kawynu,,ü,,,ü,,,,,,,,,,,,,,,,,,,,,
,13/5/2025,Ixqua Wanriri,,ü,,,ü,,,,,,,,,,,,,,,,,,,,,
,13/5/2025,Nukadee Ponpimbo,,ü,,,ü,,,,,,,,,,,,,,,,,,,,,
,13/5/2025,Nukazen Tawan Gunwyra,,ü,,,ü,,,,,,,,,,,,,,,,,,,,,
,13/5/2025,ปิ่นจันทร์ กัญชื่น,,ü,,,ü,โท,บริหารธุรกิจ,การจัดการ,ป.ตรี,,,,,,,,,,,,,,,,,
,13/5/2025,Kitdarchai Antornu,,ü,,,ü,ตรี,,,ป.ตรี,,,,,,,,,,,,,,,,,
,13/5/2025,Melwanpon Dartippim,,ü,,,ü,ตรี,บริหารธุรกิจ,การจัดการ,กศน ม.6,,,,,,,,,,,,,,,,,
,13/5/2025,มณีใบ้ มณีชัย,,ü,,,ü,ตรี,รัฐศาสตร์,รัฐประศาสนศาสตร์,ม.6,,,,,,,,,,,,,,,,,
,13/5/2025,น้ำฟ้า น้ำฟ้า,,ü,,,ü,ตรี,บริหารธุรกิจ,โลจิสติกส์,ม.6,,,,,,,,,,,,,,,,,
,13/5/2025,Kakadar Chaiomzen,,ü,,,ü,ตรี,บริหารธุรกิจ,การจัดการ,ม.6,,,,,,,,,,,,,,,,,
,13/5/2025,Faponbo Vintorra,,ü,,,ü,ตรี,รัฐศาสตร์,รัฐประศาสนศาสตร์,ม.6,ü,,0982053740,13-May-2025,09:30,,,ขอดูค่าใช้จ่ายก่อน,,,,,,,,,
,13/5/2025,Karanu Sasonsa,,ü,,,ü,ตรี,บริหารธุรกิจ,โลจิสติกส์,ปวช,,,,,,,,,,,,,,,,,
,13/5/2025,ขวัญพิม พร้อมกุล,,ü,,,ü,ตรี,บริหารธุรกิจ,การจัดการ,,,,,,,,,,,,,,,,,,
, 14/5/2025,Ixnowy🌼,ü,,,,ü,ตรี,บริหารธุรกิจ,การจัดการ,ม.6,,,0949105641,สมัครแล้ว,18:00,,,,ขอปรึกษาครอบครัวก่อน,,,,,,,,
,14/5/2025,Yawansa Ulvinpe,,ü,,,ü,โท,รัฐศาสตร์,รัฐประศาสนศาสตร์,ป.ตรี,,,,,,,,,,,,,,,,,
,14/5/2025,Pimmon Wanomwan,,ü,,,ü,ตรี,,,,,,,,,,,,,,,,,,,,
,14/5/2025,Jozensir'Jozensir Omqua,,ü,,,ü,ตรี,,,,,,,,,,,,,,,,,,,,
,14/5/2025,Riwan Qualezen,,ü,,,ü,ตรี,บริหารธุรกิจ,การจัดการ,ปวช,,,,,,,,,,,,,,,,,
,14/5/2025,Vinmelri Sonriul Yaluka-kitfaan,,ü,,,ü,ตรี,บริหารธุรกิจ,การจัดการ,ปวช,,,0952434238,14-May-2025,12:00,,,,,,,,,,,,
,14/5/2025,Ramonmel Rasachai,,ü,,,ü,ตรี,บริหารธุรกิจ,การจัดการ,ม.6,,,0661088359,สมัครแล้ว,ตลอดทั้งวัน,,,,,,,,,,,,
,14/5/2025,Versonya Ulixwy,,ü,,,ü,ตรี,รัฐศาสตร์,รัฐประศาสนศาสตร์,ปวช,,ü,0954499681,14-May-2025,18:00,,,ขอปรึกษาครอบครัวก่อน,,,,,,,,,
,14/5/2025,Monbosa Ramonwy,,ü,,,ü,ตรี,รัฐศาสตร์,รัฐประศาสนศาสตร์,ม.6,,,,,,,,,,,,,,,,,
,14/5/2025,Nomel Bodarya,,ü,,,ü,ตรี,บริหารธุรกิจ,การจัดการ,ปวส,,,,,,,,,,,,,,,,,
,14/5/2025,Pimri Ixdarpon,,ü,,,ü,ตรี,บริหารธุรกิจ,การจัดการ,ปวส,,,,,,,,,,,,,,,,,
,14/5/2025,Leritor Helya ,,ü,,,ü,ตรี,บริหารธุรกิจ,การจัดการ,,,,,,,,,,,,,,,,,,
,14/5/2025,Omwandar Wyraom,,ü,,,ü,ตรี,บริหารธุรกิจ,การจัดการ,,,,,,,,,,,,,,,,,,
,14/5/2025,Wysonchai Ultorlu,,ü,,,ü,ตรี,บริหารธุรกิจ,การจัดการ,กศน.ม.6,ü,,0603184926,14-May-2025,17:00,,,,,,,,,,,,
,14/5/2025,Helquadee RIDEE. GUNLUNU,,ü,,,ü,ตรี,บริหารธุรกิจ,การจัดการ,ม.6,ü,,0860897063,14-May-2025,ตลอดเวลา,แอดไลน์กลับมาเรียบร้อยแล้ว,,ยังไม่ตัดสินใจ,โทรใหม่หลังเลิกงาน,,,,,,,,
,15/5/2025,Legunra Wanratbo,,ü,,,ü,ตรี,บริหารธุรกิจ,การจัดการ,ปวช,,,0980004075,15-May-2025,08:00,อายุ 32 ทำงานแล้ว,,ขอคิดดูก่อน,ไม่รับสาย,ไม่รับสาย,,,,,,,
,15/5/2025,Raom chaitordar,,ü,,,ü,ตรี,บริหารธุรกิจ,การจัดการ,ม.6,ü,,0982684094,15-May-2025,09:00,ถามว่าต้องมาสอบที่มหาวิทยาลัยไหม,,ยังไม่ตัดสินใจ,,,,,,,,,
,15/5/2025,Raix Wanpim,,ü,,,ü,ตรี,รัฐศาสตร์,รัฐประศาสนศาสตร์,ม6,,,0607684615,15-May-2025,15:00-17:00,จบ ปวส. ถามเรื่องเทียบโอน,,,,,,,,,,,
,15/5/2025,Ritipsa Ratandee,,ü,,,ü,ตรี,บริหารธุรกิจ,โลจิสติกส์,ปวส,ü,,Zporplaz,สมัครที่อื่นแล้ว,18:00,,,,,,,,,,,,
,15/5/2025,Darverul Pimulka,,ü,,,ü,ตรี,บริหารธุรกิจ,การจัดการ,ปวช,,,,,,,,,,,,,,,,,
,15/5/2025,มั่นชื่น ,,ü,,,ü,ตรี,รัฐศาสตร์,รัฐประศาสนศาสตร์,กศน.ม.6,,,,,,,,,,,,,,,,,
,15/5/2025,Jomel bopimka,,ü,,,ü,โท,รัฐศาสตร์,รัฐประศาสนศาสตร์,ป.ตรี,,,0889624025,17-May-2025,ตลอดวัน,สนใจกู้ กยศ.,,ขอปรึกษาครอบครัวก่อน,ไม่รับสาย,,,,,,,,
,15/5/2025,Ommeltip  Sirfaka,,ü,,,ü,ตรี,บริหารธุรกิจ,การจัดการ,ปวส,,,,,,,,,,,,,,,,,
,15/5/2025,Wanmeljo,,ü,,,ü,ตรี,รัฐศาสตร์,รัฐประศาสนศาสตร์,ม.6,,,,,,,,,,,,,,,,,
,15/5/2025,Bogun Chainuver,,ü,,ü,ü,ตรี,บัญชี,บัญชี,ปวช,,,,,,,,,,,,,,,,,
,15/5/2025,Nupon Rapondar,,ü,,,ü,ตรี,บริหารธุรกิจ,การจัดการ,ม.6,,,,,,,,,,,,,,,,,
,15/5/2025,Kittor Deeponya,,ü,,,ü,ตรี,บริหารธุรกิจ,การจัดการ,ม.6,,,0623476838,สมัครแล้ว,18:00,,,,,,,,,,,,
,16/5/2025,Tipwy Lusamel,,ü,,,ü,,,,,,,,,,,,,,,,,,,,,
,16/5/2025,Tipkator Helvermel Chaibo Nomonna,,ü,,,ü,ตรี,บริหารธุรกิจ,การจัดการ,ม.6,,,,,,,,,,,,,,,,,
,16/5/2025,Gunle Nasir,,ü,,,ü,ตรี,บริหารธุรกิจ,การจัดการ,ม.6,,,0859965320,16-May-2025,17:00,สนใจกู้ กยศ.,,ยังไม่ตัดสินใจ,ขอคิดดูก่อน,,,,,,,,
,16/5/2025,Bodarver Josirfa,,ü,,,ü,ตรี,,,ปวช,,,,,,,,,,,,,,,,,
,16/5/2025,Nojo Chaifadar,,ü,,,ü,ตรี,บริหารธุรกิจ,การจัดการ,ม.6,,,,,,,,,,,,,,,,,
,16/5/2025,สุขน้ำ  สุขน้ำ,,ü,,,ü,ตรี,บริหารธุรกิจ,การจัดการ,กศน.ม.6,,,,,,,,,,,,,,,,,
,16/5/2025,Melkit nopesir,,ü,,,ü,ตรี,รัฐศาสตร์,รัฐประศาสนศาสตร์,ม.6,,,,,,,,,,,,,,,,,
,16/5/2025,Ankitan Sakamon,,ü,,,ü,ตรี,รัฐศาสตร์,รัฐประศาสนศาสตร์,กศน. ม.6,,,,,,,,,,,,,,,,,
,16/5/2025,Deean Nutorgun,,ü,,,ü,ตรี,บริหารธุรกิจ,การจัดการ,ปวส,,,,,,,,,,,,,,,,,
,16/5/2025,ณัฐภัทร สินฟ้า,,ü,,,ü,ตรี,บริหารธุรกิจ,การจัดการ,,,,,,,,,,,,,,,,,,
,17/5/2025,Nuponnu Ratverjo,,ü,,,ü,ตรี,บริหารธุรกิจ,การจัดการ,ม.6,,,0847044185,17-May-1968,16:00,,,,,,,,,,,,
,17/5/2025,Ratpontor Torqua,,ü,,,ü,ตรี,บริหารธุรกิจ,การจัดการ,กศน.ม.6,,,0605307012,17-May-2025,18:00,,,,,,,,,,,,
,17/5/2025,นิ่มภูมิ ใบ้กัญ,,ü,,,ü,โท,,,,,,0990284116,17-May-2025,17:00,,,ขอให้ติดต่อใหม่ช่วงเย็น,นัดโทรอีกครั้งสัปดาห์หน้า,ไม่รับสาย,,,,,,,
,17/5/2025,Lunu Sirsirix,,ü,,,ü,ตรี,บริหารธุรกิจ,โลจิสติกส์,ม.6,,,0851840169,17-May-2025,หลัง09:00,,,,,,,,,,,,
,17/5/2025,วันภูมิ,,ü,,,ü,ตรี,บริหารธุรกิจ,โลจิสติกส์,ปวช,ü,,0641392756,18-May-2025,17:00,,,,,,,,,,,,
,18/5/2025,Narat Kitra Ulsonul,,ü,,,ü,ตรี,บริหารธุรกิจ,การจัดการ,ม.6,,,0613702230,18-May-2025,18:00,,,,,,,,,,,,
,18/5/2025,Vinanpon Tiptorra,,ü,,,ü,ตรี,บริหารธุรกิจ,โลจิสติกส์,กศน.ม.6,,ü,0900772747,18-May-2025,ช่วงเย็น,,,,,,,,,,,,
,18/5/2025,Kityaul Sirchaifa ,,ü,,,ü,ตรี,รัฐศาสตร์,รัฐประศาสนศาสตร์,ปวช,,ü,0874380375,18-May-2025,13:00,,,ขอปรึกษาครอบครัวก่อน,ขอดูค่าใช้จ่ายก่อน,,,,,,,,
,18/5/2025,ใบ้เพ็ญ ปรีดาฟ้า,,ü,,,ü,ตรี,,,,,,0901538944,18-May-2025,20:00,,,ยังไม่ตัดสินใจ,ขอคิดดูก่อน,ขอดูค่าใช้จ่ายก่อน,,,,,,,
,18/5/2025,Melgundee Tiptipta,,ü,,,ü,โท,บริหารธุรกิจ,การจัดการ,ป.ตรี,ü,,0949847618,สมัครแล้ว,ช่วงเย็น,,,นัดโทรอีกครั้งสัปดาห์หน้า,โทร ขอคิดดูก่อน,,,,,,,,
,18/5/2025,Yayano,ü,,,,ü,ตรี,บริหารธุรกิจ,การจัดการ,ม.6,,ü,0978764921,สมัครแล้ว,20:00,,,,,,,,,,,,
,19/5/2025,Omul Lulepe Lulenu,,ü,,,ü,ตรี,บริหารธุรกิจ,การจัดการ,ปวส,,,0982101010,20-May-2025,ช่วงเย็น,,,,,,,,,,,,
,19/5/2025,Omdarul Ulsiran,,ü,,,ü,ตรี,บริหารธุรกิจ,การจัดการ,กศน.ม.6,,,0654743588,20-May-2025,ช่วงเย็น,,,,,,,,,,,,
,19/5/2025,Bosir Tipdar,,ü,,,ü,ตรี,,,กศน.,,,0805699679,20-May-2025,ช่วงเย็น,,,,,,,,,,,,
,19/5/2025,TAMONQUA_🌙,ü,,,,ü,ตรี,บริหารธุรกิจ,การจัดการ,ม.6,ü,,0978143367,สมัครแล้ว,20:30,,,,,,,,,,,,
,20/5/2025,Nazentor Pimluri,,ü,,ü,,ตรี,วิศวกรรมศาสตร์,วิศวกรรมไฟฟ้า,ปวส,,,0958532673,20-May-2025,15:30,สะดวกคุยทางไลน์มากกว่า,,ขอดูค่าใช้จ่ายก่อน,,,,,,,,,
,20/5/2025,ขวัญเดือน ธิดาทิพ,,ü,,,ü,ตรี,บริหารธุรกิจ,การจัดการ,ม.6,,,,,,,,,,,,,,,,,
,20/5/2025,Peluix Sirzenzen Ixpeul,,ü,,,ü,ตรี,บริหารธุรกิจ,การจัดการ,ม.6,,,,,,,,,,,,,,,,,
,20/5/2025,Omwanle Wannano,,ü,,,ü,ตรี,บริหารธุรกิจ,โลจิสติกส์,ม.6,,,,,,,,,,,,,,,,,
,20/5/2025,Perihel Sirsonan,,ü,,,ü,ตรี,บริหารธุรกิจ,การจัดการ,กศน.ม.6,,,,,,,,,,,,,,,,,
,20/5/2025,Zenfara Nowydar'kariom,,ü,,,ü,ตรี,บริหารธุรกิจ,การจัดการ,ม.6,,,0888420377,21-May-2025,12:00-13:00,,,,,,,,,,,,
,20/5/2025,Pimjofa Lekachai,,ü,,,ü,ตรี,รัฐศาสตร์,รัฐประศาสนศาสตร์,ม.6,,,,,,,,,,,,,,,,,
,20/5/2025,Quawandee Pimrajo,,ü,,,ü,ตรี,รัฐศาสตร์,รัฐประศาสนศาสตร์,ม.6,,,,,,,,,,,,,,,,,
,20/5/2025,Pimboix Wyrivin,,ü,,,ü,ตรี,บริหารธุรกิจ,โลจิสติกส์,ม.6,,,,,,,,,,,,,,,,,
,20/5/2025,Kitsirle Naqualu,,ü,,,ü,,,,ม.6,,,,,,,,,,,,,,,,,
,20/5/2025,ratquachai,,ü,,,ü,ตรี,รัฐศาสตร์,รัฐประศาสนศาสตร์,ม.6,,,0932734582,20-May-2025,ช่วงเย็น,,,ปิดเครื่อง,ขอให้ติดต่อใหม่ช่วงเย็น,,,,,,,,
,20/5/2025,Jochai Ulpimwy,,ü,,,ü,ตรี,บัญชี,,ม.6,,,,,,,,,,,,,,,,,
,20/5/2025,Yaqua Pimleri,,ü,,,ü,ตรี,บริหารธุรกิจ,การจัดการ/โลจิสติกส์,ปวส,,,,,,,,,,,,,,,,,
,20/5/2025,Verkit Tipratmon,,ü,,,ü,ตรี,บริหารธุรกิจ,การจัดการ,ม.6,,,0937416105,21-May-2025,12:00,,,โทร ขอดูค่าใช้จ่ายก่อน,,,,,,,,,
,21/5/2025,deeramon ,ü,,,,ü,ตรี,รัฐศาสตร์,รัฐประศาสนศาสตร์,ม.6,,,0684044441,21-May-2025,ช่วงเย็น,,,,,,,,,,,,
,21/5/2025,deevinvin_melompe,ü,,,,ü,ตรี,บริหารธุรกิจ,โลจิสติกส์,ปวส,,,0917142816,21-May-2025,ช่วงเย็น,,,,,,,,,,,,
,21/5/2025,พิมณัฐ ธัญจิต,,ü,,,ü,ตรี,บริหารธุรกิจ,การจัดการ,ม.6,,,0854593857,21-May-2025,ช่วงเย็น,,,,,,,,,,,,
,22/5/2025,Yafape Helpimqua,,ü,,,ü,ตรี,บริหารธุรกิจ,การจัดการ,กศน.ม.6,,,,,,,,,,,,,,,,,
,22/5/2025,Kachaigun Famonpim,,ü,,,ü,ตรี,บริหารธุรกิจ,โลจิสติกส์,ปวส,,,,,,,,,,,,,,,,,
,22/5/2025,Sonquasa Ratpimdar,,ü,,,ü,โท,บริหารธุรกิจ,การจัดการ,ป.ตรี,,,,,,,,,,,,,,,,,
,22/5/2025,WYKITHEL'Noponri Tanosir,,ü,,,ü,ตรี,รัฐศาสตร์,รัฐประศาสนศาสตร์,ม.6,,,,,,,,,,,,,,,,,
,22/5/2025,กิ่งดี วิไลอุ่น ดีปิ่น,,ü,,,ü,ตรี,รัฐศาสตร์/บริหารธุรกิจ,,,,,,,,,,,,,,,,,,,
,22/5/2025,Kitlubo Lutor,,ü,,,ü,ตรี,บริหารธุรกิจ,การจัดการ,ปวส,,,,,,,,,,,,,,,,,
,22/5/2025,Melsonhel Tayaan,,ü,,,ü,ตรี,บริหารธุรกิจ,การจัดการ,ปวช,,,,,,,,,,,,,,,,,
,22/5/2025,อุ่นเดือน ภูมิทิพ,,ü,,,ü,,รัฐศาสตร์,รัฐประศาสนศาสตร์,กศน.ม.6,,,,,,,,,,,,,,,,,
,22/5/2025,Nahelkit Helomul,,ü,,,ü,ตรี,บริหารธุรกิจ,การจัดการ,ปวส,,,,,,,,ยังไม่ตัดสินใจ,,,,,,,,,
,23/5/2025,Kitfa  Ulyabo,,ü,,,ü,ตรี,บริหารธุรกิจ,การจัดการ,ม.6,,,,,,,,,,,,,,,,,
,23/5/2025,Gunompon Nomondar Bochaira,,ü,,,ü,ตรี,บริหารธุรกิจ,โลจิสติกส์,ม.6,,,,,,,,,,,,,,,,,
,23/5/2025,มั่นฤดี กิ่งชัย.,,ü,,,ü,ตรี,บริหารธุรกิจ,การจัดการ,ม.6,,,0988782356,23-May-2025,12:00,,,โทร ยังไม่ตัดสินใจ,โทร ยังไม่ตัดสินใจ,,,,,,,,
,23/5/2025,Melbo nodeean,,ü,,,ü,ตรี,,,กศน.ม.6,,,,,,,,,,,,,,,,,
,23/5/2025,ดีวัน เดือนสิน,,ü,,,ü,ตรี,,,ม.3,,,,,,,,,,,,,,,,,
,23/5/2025,Tiphel Navinpim,,ü,,,ü,ตรี,บริหารธุรกิจ,โลจิสติกส์,ปวส,,,,,,,,,,,,,,,,,
,23/5/2025,Ulnuom Monbosa-deeulrat,,ü,,,ü,ตรี,บริหารธุรกิจ,การจัดการ,ปวส,,,0634051725,,,,,,,,,,,,,,
,24/5/2025,RAYANA,ü,,,,ü,ตรี,บริหารธุรกิจ,โลจิสติกส์,กศน.ม.6,,,0913995484,24-May-2025,ช่วงเย็น,,,,,,,,,,,,
,24/5/2025,Torqua Perihel,,ü,,,ü,ตรี,บริหารธุรกิจ,การจัดการ,ม.6,ü,,0844584267,24-May-2025,ช่วงเย็น,สอบถามเรื่องทุนการศึกษา,,ยังไม่ตัดสินใจ,,,,,,,,,
,24/5/2025,Sonanle,,ü,,,ü,ตรี,รัฐศาสตร์,รัฐประศาสนศาสตร์,ปวช,,,0854170086,24-May-2025,0900-10:00,,,,,,,,,,,,
,24/5/2025,อุ่นศิริ รักรัก,,ü,,,ü,ตรี,บริหารธุรกิจ,การจัดการ,ปวส,ü,,0669747394,สมัครแล้ว,,ขอเวลาตัดสินใจ,,,,,,,,,,,
,24/5/2025,Darbopon Sirchai,,ü,,,ü,ตรี,บริหารธุรกิจ,โลจิสติกส์,ม.6,,,0840365044,24-May-2025,ช่วงเย็น,,,ขอปรึกษาครอบครัวก่อน,,,,,,,,,
,25/5/2025,จันทร์ภู่ 8995🦋🌿,ü,,,,ü,ตรี,บริหารธุรกิจ,การจัดการ,ปวช,ü,,0919416623,25-May-2025,ช่วงเย็น,,,ขอให้ติดต่อใหม่ช่วงเย็น,,,,,,,,,
,25/5/2025,Riwan Qualezen ,,ü,,,ü,ตรี,บริหารธุรกิจ,การจัดการ,ปวช,,,อยู่ ตปท ,25-May-2025,,,,,,,,,,,,,
,25/5/2025,Pimtaya Melvinan,,ü,,,ü,ตรี,บริหารธุรกิจ,การจัดการ,ม.6,,,,,,,,,,,,,,,,,
,25/5/2025,RIDEE'tadarri Ratdarlu,,ü,,,ü,ตรี,รัฐศาสตร์,รัฐประศาสนศาสตร์,ปวส,,,,,,,,,,,,,,,,,
    ,25/5/2025,Ulgunri riyana,,ü,,,ü,ตรี,รัฐศาสตร์,รัฐประศาสนศาสตร์,ปวส,,,,,,,,,,,,,,,,,
,26/5/2025,zenkitmon zenkitmon,,ü,,,ü,ตรี,บริหารธุรกิจ,การจัดการ,ปวส,,,0896438531,26-May-2025,ช่วงเย็น,รอปรึกษาที่บ้านก่อน,,ไม่รับสาย,นัดโทรอีกครั้งสัปดาห์หน้า,ขอให้ติดต่อใหม่ช่วงเย็น,,,,,,,
,26/5/2025,Monsonpim Pimdeepim,,ü,,,ü,ตรี,บริหารธุรกิจ,การจัดการ,ปวส,,,0925867566,26-May-2025,ช่วงเย็น,,,ไม่รับสาย,ขอปรึกษาครอบครัวก่อน,,,,,,,,
,27/5/2025,Faratfa Josirver,,ü,,,ü,ตรี,บริหารธุรกิจ,การจัดการ,ม.6,,,0984234069,27-May-2025,ช่วงเย็น,,,ขอให้ติดต่อใหม่ช่วงเย็น,,,,,,,,,
,27/5/2025,Nupon Ratixvin,,ü,,,ü,ตรี,บริหารธุรกิจ,การจัดการ,ปวส,ü,,0813602829,27-May-2025,ช่วงเย็น,สะดวกคุยทางไลน์มากกว่า,,ขอให้ติดต่อใหม่ช่วงเย็น,,,,,,,,,
,27/5/2025,Deetalu,ü,,,,ü,ตรี,บริหารธุรกิจ,การจัดการ,ม.6,ü,,0925545299,สมัครแล้ว,,,,,,,,,,,,,
,28/5/2025,Sirsirzen,ü,ü,,,ü,ตรี,รัฐศาสตร์,รัฐประศาสนศาสตร์,ปวส,ü,,0911901042,สมัครแล้ว,,,,,,,,,,,,,
,28/5/2025,Pimkitchai Fawan,,ü,,,ü,ตรี,บริหารธุรกิจ,การจัดการ,ม.6,ü,,0673081724,28-May-2025,17:00,,,นัดโทรอีกครั้งสัปดาห์หน้า,ขอดูค่าใช้จ่ายก่อน,,,,,,,,
,28/5/2025,Bolechai Sapedee,ü,,,,ü,ตรี,บริหารธุรกิจ,โลจิสติกส์,ปวส ,ü,,0908024327,สมัครแล้ว ,18:00,,,ขอให้ติดต่อใหม่ช่วงเย็น,,,,,,,,,
,29/5/2025,Tarabo Luponzen,,ü,,,ü,ตรี,รัฐศาสตร์,รัฐประศาสนศาสตร์,ป.ตรี,ü,,0985667494,สมัครแล้ว,18:00,,,ขอดูค่าใช้จ่ายก่อน,,,,,,,,,
,29/5/2025,Sirjodar Ulzen,ü,,,,ü,ตรี,บริหารธุรกิจ,การจัดการ,ป.ตรี,ü,,0954456808,สมัครแล้ว,,,,,,,,,,,,,
,4/6/2025,Ixluta Tipwanpe'wanmelpon,,ü,,,ü,ตรี,บริหารธุรกิจ,การจัดการ ,ม.6 ,ü,,0875325666,4-Jun-2025,,,,,,,,,,,,,
,4/6/2025,Pondar Wannura ,,ü,,,ü,ตรี,รัฐศาสตร์,รัฐประศาสนศาสตร์,กศน.ม.6,,,0821007612,4-Jun-2025,,เคยสมัครไว้ปีที่แล้ว,,ยังไม่ตัดสินใจ,,,,,,,,,
,5/6/2025,นุชเดือน,,ü,,,ü,ตรี,บริหารธุรกิจ,การจัดการ,ม.6,ü,,0693803656 ,5-Jun-2025,,,,สนใจสมัคร ขอเวลาตัดสินใจ,,,,,,,,,
,5/6/2025,เพ็ญขวัญ,,ü,,,ü,ตรี,บริหารธุรกิจ,โลจิสติกส์,ม.6,ü,,0902859409 ,5-Jun-2025,,,,ไม่รับสาย,,,,,,,,,
,9/6/2025,Helmonya Falera,,ü,,,ü,,,,,,,,,,,,ไม่รับสาย,,,,,,,,,
,9/6/2025,chaijoul🌿,ü,,,,ü,ตรี,บริหารธุรกิจ,การจัดการ,ปวส,ü,,0948872614,สมัครแล้ว,,,,,,,,,,,,,
,10/6/2025,Verversir Narile,,ü,,,ü,ตรี,บริหารธุรกิจ,โลจิสติกส์,ม.6,,,0987893783,10-Jun-2025,,,,,,,,,,,,,
,11/6/2025,Kitjozen Daryano,,ü,,,ü,ตรี,บริหารธุรกิจ,การจัดการ,ม.6,ü,,094-899-9432,13-Jun-2025,,,,ไม่รับสาย,,,,,,,,,
,12/6/2025,Ponsondar Nachaino Torwanvin Omkasa ,,ü,,,ü,ตรี,รัฐศาสตร์,รัฐประศาสนศาสตร์,ปวส,ü,,0613915546,13-Jun-2025,,,,,,,,,,,,,
,13/6/2025,ธัญปั้น ใบ้นิ่ม,ü,,,,ü,ตรี,บริหารธุรกิจ,การจัดการ,ปวส,ü,,0614585286,13-Jun-2025,,,,ขอปรึกษาครอบครัวก่อน,,,,,,,,,
,13/6/2025,ปรีดากุล,ü,,,,ü,โท,บริหารธุรกิจ,,ป.ตรี,ü,,0828553798,13-Jun-2025,,,,ไม่รับสาย,,,,,,,,,
,13/6/2025,🍊WYKITHEL.PIMRIOM.GUNTA.FARIRA🍊,ü,,,,ü,ตรี,บริหารธุรกิจ,โลจิสติกส์,ปวช,ü,,อยู่ ตปท โทรไลน์,สมัครแล้ว,,,,,,,,,,,,,
,13/6/2025,RASONTIP ZENWYFA,ü,ü,,,ü,ตรี,รัฐศาสตร์,รัฐประศาสนศาสตร์,ปวส,ü,,0990324338,สมัครแล้ว,,,,,,,,,,,,,
,15/6/2025,วิไลภู่ จิตอุ่น,ü,,,,ü,ตรี,บริหารธุรกิจ,การจัดการ,ปวช,,ü,0905873080,สมัครแล้ว,,,,,,,,,,,,,
,15/6/2025,ธิดาสุข'มณีฤดี,,ü,,,ü,ตรี,รัฐศาสตร์,รัฐประศาสนศาสตร์,กศน.ม.6,,ü,0921797552,สมัครแล้ว,,,,,,,,,,,,,
,15/6/2025,🐼,ü,,,,ü,ตรี,บริหารธุรกิจ,โลจิสติกส์,กศน.ม.6,,ü,0943832900,สมัครแล้ว,,,,,,,,,,,,,
,16/6/2025,pemelvin Melomsa,,ü,,,ü,ตรี,บริหารธุรกิจ,โลจิสติกส์,ปวส,,ü,0904434814,16-Jun-2025,,ขอเวลาตัดสินใจ,,นัดโทรอีกครั้งสัปดาห์หน้า,สมัครเรียบร้อย รอส่งเอกสาร,,,,,,,,
,17/6/2025,Torpeix Nubomon,,ü,,,ü,โท,รัฐศาสตร์,รัฐประศาสนศาสตร์,ป.ตรี,ü,,0912732052,17-Jun-2025,,,,,,,,,,,,,
,17/6/2026, Karanu☕,ü,,,,ü,ตรี,บริหารธุรกิจ,โลจิสติกส์,ปวส,ü,,0877962548,17-Jun-2025,,,,โทรใหม่หลังเลิกงาน,,,,,,,,,
,18/6/2025,Ixom Novinjo,,ü,,,ü,ตรี,บริหารธุรกิจ,โลจิสติกส์,กศน,,ü,0607889578,18-Jun-2025,,,,โทร ขอดูค่าใช้จ่ายก่อน,,,,,,,,,
,18/6/2025,Darponpon Gunjo ,,ü,,,ü,ตรี,บริหารธุรกิจ,การจัดการ,ม.6,ü,,0887066295,18-Jun-2025,,,,ไม่รับสาย,,,,,,,,,
,19/6/2025,Guntorqua fajochai,,ü,,,ü,ตรี,รัฐศาสตร์,รัฐประศาสนศาสตร์,ปวส,,ü,,19-Jun-2025,,,,,,,,,,,,,
,19/6/2025,Ulrat Torya,,ü,,,ü,ตรี,บริหารธุรกิจ,การจัดการ,ปวช,,ü,0920341978,19-Jun-2025,,,,โทร ขอดูค่าใช้จ่ายก่อน,,,,,,,,,
,19/6/2025,taquale Heldeebo,,ü,,,ü,ตรี,บริหารธุรกิจ,การจัดการหรือโลจิสติกส์,ปวส,,,0649582123,19-Jun-2025,,,,,,,,,,,,,
,19/6/2025,Tipriul LEFARI,,ü,,,ü,ตรี,รัฐศาสตร์,รัฐประศาสนศาสตร์,ม.6,ü,,0936535463,19-Jun-2025,,,,โทร ขอดูค่าใช้จ่ายก่อน,,,,,,,,,
,20/6/2025,Ixquaix Tipanna,,ü,,,ü,ตรี,รัฐศาสตร์,รัฐประศาสนศาสตร์,ปวส,ü,,0992187003,20-Jun-2025,,,,ขอดูค่าใช้จ่ายก่อน,,,,,,,,,
,20/6/2025,Anchaiwy Pimlusir,,ü,,,ü,ตรี,บริหารธุรกิจ,โลจิสติกส์,ม.6,ü,,อยู่ ตปท แอดไลน์แล้ว,20-Jun-2025,,,,,,,,,,,,,
,20/6/2025,Yachai Saanwy,,ü,,,ü,ตรี,รัฐศาสตร์,รัฐประศาสนศาสตร์,ปวส,,ü,0812879195,สมัครแล้ว,,สอบถามเรื่องทุนการศึกษา,,,,,,,,,,,
,20/6/2025,Natorrat,ü,,,,ü,ตรี,บริหารธุรกิจ,โลจิสติกส์์,ม.6,ü,,อยู่ ตปท แอดไลน์แล้ว,20-Jun-2025,,,,ไม่รับสาย,,,,,,,,,
,22/6/2025,Letor Nahelmel,,ü,,,ü,ตรี,บริหารธุรกิจ,การจัดการ,กศน.ม.6,,,062-1349842,22-Jun-2025,,,,,,,,,,,,,
,22/6/2025,Ultorzen Wyqua,ü,,,,ü,ตรี,บริหารธุรกิจ,การจัดการ,ม.6,ü,,0669345284,สมัครแล้ว,,,,,,,,,,,,,
,22/6/2025,Torzenrat Ratjoqua,,ü,,,ü,ตรี,บริหารธุรกิจ,การจัดการ,ปวช,ü,,0975412711,22-Jun-2025,,รอปรึกษาที่บ้านก่อน,,ขอดูค่าใช้จ่ายก่อน,,,,,,,,,
,23/6/2025,สุขธิดา กุลพิม,,ü,,,ü,ตรี,บริหารธุรกิจ,การจัดการ,ปวส,ü,,0914977873,23-Jun-2025,,,,,,,,,,,,,
,24/6/2025,ฤดีภัทร,ü,,,,ü,ตรี,บริิหารธุรกิจ,การจัดการ,กศน.ม.6,ü,,0912937205,25-Jun-2025,,,,ขอปรึกษาครอบครัวก่อน,,,,,,,,,
,25/6/2025,Hellehel yavinri,ü,,,,ü,ตรี,บริหารธุรกิิจ,การจัดการ,ปวส,ü,,098181231,สมัครแล้ว,,,,,,,,,,,,,
,25/6/2025,รักทิพ ภู่จิต,,ü,,,ü,โท,บริหารธุรกิจ,การจัดการ,ป.ตรี,ü,,,,,,,,,,,,,,,,
,25/6/2025,Petorna letorfa,,ü,,,ü,ตรี,รัฐศาสตร์,รัฐประศาสนศาสตร์,ปวส,,,,,,,,,,,,,,,,,
,26/6/2025,Sirdarfa Tiptiplu,,ü,,,ü,ตรี,บริหารธุรกิจ,การจัดการ,ปวส,,,,,,,,,,,,,,,,,
,25/6/2025,Ixka Versaom,,ü,,,ü,ตรี,บริหารธุรกิจ,,ปวช,,,,,,,,,,,,,,,,,
,25/6/2025,Deenu Josonson,,ü,,,ü,ตรี,,,กศน.,,,0883359717,25-Jun-2025,,,,ยังไม่ตัดสินใจ,สนใจสมัคร ขอเวลาตัดสินใจ,,,,,,,,
,26/6/2025,ULZENLE🌸MELUL🐶🍉LUSON🌸🐱CHAINO,ü,,,,ü,ตรี,บริหารธุรกิจ,การจัดการ,ปวส,,ü,0922138595,สมัครแล้ว,,,,,,,,,,,,,
,26/6/2025,Jonopim Darbodar,,ü,,,ü,ตรี,บริหารธุรกิจ,การจัดการ,ม.6,ü,,0984269335,26-Jun-2025,,,,ขอปรึกษาครอบครัวก่อน,,,,,,,,,
,27/6/2025,ภู่เพ็ญ🌈,ü,,,,ü,ตรี,บริหารธุรกิจ,โลจิสติกส์,ปวช,,,0998647646,27-Jun-2025,,ขอเอกสารหลักสูตรทางไลน์,,ไม่รับสาย,,,,,,,,,
,28/6/2025,อัญสุข เพ็ญเดือน,,ü,,,ü,ตรี,บริหารธุรกิจ,การจัดการ,กศน.ม.6,ü,,0808870659,28-Jun-2025,ช่วงเย็น,ช่่วงเย็นสะดวกคุย,,ยังไม่ตัดสินใจ,ขอคิดดูก่อน,,,,,,,,
,29/6/2025,Anzennu Ulpetip,,ü,,,ü,ตรี,บริหารธุรกิจ,การจัดการ,ปวส,ü,,0880606182,29-Jun-2025,ช่วงเย็น,,,ขอปรึกษาครอบครัวก่อน,,,,,,,,,
,30/6/2025,ศิริวัน วิไลพร้อม,,ü,,,ü,โท,บริหารธุรกิจ,การจัดการ,ป.ตรี,ü,,0646174540,สมัครแล้ว,ช่วงเย็น,,,โทรใหม่หลังเลิกงาน,,,,,,,,,
,1/7/2025,Pesonri Kahelgun,,ü,,,ü,ตรี,รัฐศาสตร์,รัฐประศาสนศาสตร์,ปวช,ü,,0662201555,1-Jul-2025,ช่วงเย็น,ช่่วงเย็นสะดวกคุย,,ยังไม่ตัดสินใจ,ไม่รับสาย,,,,,,,,
,1/7/2025,มั่นภูมิ ภู่วัน,,ü,,,ü,ตรี,บริหารธุรกิจ,โลจิสติกส์,ปวส,ü,,0805002943,1-Jul-2025,ช่วงเย็น,,,ขอดูค่าใช้จ่ายก่อน,,,,,,,,,
,2/7/2025,แก้วกุล น้ำปรีดา,,ü,,,ü,ตรี,สาธรณสุข,,ปวส,ü,,,,,,,,,,,,,,,,
,2/7/2025,Ratgunom Yachaimon,,ü,,,ü,ตรี,บริหารธุรกิจ,การจัดการ,ปวช,ü,,0956129451,สมัครแล้ว,,,,,,,,,,,,,
,2/7/2025,Pimponjo Sirnahel,,ü,,,ü,โท,บริหารธุรกิจ,,ป.ตรี,ü,,,,,,,,,,,,,,,,
,2/7/2025,น้ำสุข ณัฐรุ่ง ,,ü,,,ü,ตรี,บริหารธุรกิจ,การจัดการ,ปวส,ü,,,,,,,,,,,,,,,,
,3/7/2025,VINGUNHEL Ulponjo,,ü,,,ü,ตรี,บริหารธุรกิจ,การจัดการ,ปวส,ü,,0875918292,สมัครแล้ว,,,,,,,,,,,,,
,3/7/2025,สินฤดี  ดีแก้ว ,,ü,,,ü,ตรี,รัฐศาสตร์,รัฐประศาสนศาสตร์,ปวช,ü,,0960693757,3-Jul-2025,,ขอเอกสารหลักสูตรทางไลน์,,,,,,,,,,,
,4/7/2025,Nuverri,ü,,,,ü,ตรี,บริหารธุรกิจ,โลจิสติกส์,กศน.ม.6,ü,,0950832809,4-Jul-2025,,,,สนใจเรียนภาคทางไกล,,,,,,,,,
,4/7/2025,Jofapon PONQUADAR,ü,,,,ü,ตรี,รัฐศาสตร์,รัฐประศาสนศาสตร์,ม.6,ü,,0954238193,สมัครแล้ว,,,,,,,,,,,,,
,6/7/2025,ฟ้ารุ่ง ดีขวัญ มั่นเพ็ญ.,,ü,,,ü,ตรี,รัฐศาสตร์,รัฐประศาสนศาสตร์,ม.6,ü,,,,,,,,,,,,,,,,
,6/7/2025,Lequalu Quaponhel ,,ü,,,ü,ตรี,,,,,,0831088934,6-Jul-2025,,,,ขอดูค่าใช้จ่ายก่อน,,,,,,,,,
,6/7/2025,Sonkitmon ,ü,,,,ü,ตรี,บริหารธุรกิจ,การจัดการ,กศน.ม.6,,ü,,7-Jul-2025,,,,นัดโทรอีกครั้งสัปดาห์หน้า,,,,,,,,,
,7/7/2025,น้ำสุข ณัฐรุ่ง,,ü,,,ü,ตรี,บริหารธุรกิจ,การจัดการ,ปวส,,ü,0906225966,7-Jul-2025,,,,โทร ไม่รับสาย,,,,,,,,,
,7/7/2025,Ratdeeix Melwyqua,,ü,,,ü,ตรี,บริหารธุรกิจ,การจัดการ,ม.6,,ü,0627220693,8-Jul-2025,,รอปรึกษาที่บ้านก่อน,,,,,,,,,,,
,8/7/2025,Wyzen Wyzen,,ü,,,ü,ตรี,บริหารธุรกิจ,การจัดการ,ม.6,,ü,0965439346,9-Jul-2025,,จบ ปวส. ถามเรื่องเทียบโอน,,ขอดูค่าใช้จ่ายก่อน,,,,,,,,,
,8/7/2025,Saanwan Ixpimver,,ü,,,ü,ตรี,รัฐศาสตร์,รัฐประศาสนศาสตร์,ปวส,,,,,,,,,,,,,,,,,
,9/7/2025,ใบ้รุ่ง^^,ü,,,,ü,ตรี,รัฐศาสตร์,รัฐประศาสนศาสตร์,ปวส,,ü,0959773873,สมัครแล้ว, ,,,,,,,,,,,,
,9/7/2025,Darchaipon Ulra,,ü,,,ü,โท,บริหารธุรกิจ,การจัดการ,ป.ตรี,,ü,0955657463,9-Jul-2025,ช่วงเย็น,,,ยังไม่ตัดสินใจ,,,,,,,,,
,9/7/2025,เพ็ญพร้อม บุญกิ่ง,,ü,,,ü,ตรี,บริหารธุรกิจ,การจัดการ,ปวส,,ü,,,,,,,,,,,,,,,
,9/7/2025,Vernu Vernu,,ü,,,ü,ตรี,บริหารธุรกิจ,การจัดการ,ม.6,,ü,ตปท ในไลน์,9-Jul-2025,,อยากเรียนเฉพาะเสาร์อาทิตย์,,ขอคิดดูก่อน,,,,,,,,,
,10/7/2025,Gunrat Wybomel,,ü,,,ü,ตรี,บริหารธุรกิจ,โลจิสติกส์,ป.ตรี,,ü,0660478139,10-Jul-2025,,เคยสมัครไว้ปีที่แล้ว,,ไม่รับสาย,,,,,,,,,
,11/7/2025,บุญฟ้า รักกัญ นิ่มศิริ,,ü,,,ü,ตรี,บริหารธุรกิจ,การจัดการ,กศน. ม.6,,ü,,,,,,,,,,,,,,,
,11/7/2025,Zenpedee Helwankit,,ü,,,ü,โท,,,,,,,,,,,,,,,,,,,,
,13/7/2025,ธัญมั่น ธัญมั่น,,ü,,,ü,ตรี,,,ปวส,,,,,,,,,,,,,,,,,
,13/7/2025,Yakitchai🍓🍊,ü,,,,ü,ตรี,บริหารธุรกิจ,การจัดการ,กศน,,ü,,13-Jul-2025,,,,ยังไม่ตัดสินใจ,,,,,,,,,
,14/7/2025,Zenbole,ü,,,,ü,ตรี,บริหารธุรกิจ,โลจิสติกส์,ปวส,,,0647796533,14-Jul-2025,,ถามเรื่องค่าเทอมและการผ่อน,,,,,,,,,,,
,15/7/2025,ULPIMJO MELKITRA🐶🌼,ü,,,,ü,ตรี,บริหารธุรกิจ,โลจิสติกส์,ปวส,,ü,0906225966,15-Jul-2025,,นัดชำระ 500 บาท,,ขอให้ติดต่อใหม่ช่วงเย็น,,,,,,,,,
,16/7/2025,BOIXCHAI BOIXCHAI,ü,,,,ü,ตรี,บริหารธุรกิจ,การจัดการ,ม.6,,ü,0902345361,16-Jul-2025,,,,,,,,,,,,,
,17/7/2025,Melrano Ulbo,,ü,,,ü,ตรี,รัฐศาสตร์,รัฐประศาสนศาสตร์,ม.6,,ü,0601436257,สมัครแล้ว,,,,,,,,,,,,,
,18/7/2025,ปรีดาพร้อม,ü,,,,ü,ตรี,บริหารธุรกิจ,การจัดการ,ปวส,,ü,0690808181,18-Jul-2025,,มีประกันสังคม ถามเรื่องสิทธิ์,,,,,,,,,,,
,18/7/2025,Wyratver Kitno Kitnahel,,ü,,,ü,ตรีี,บริหารธุรกิจ,การจัดการ,ปวส,,,,,,,,,,,,,,,,,
,19/7/2025,บุญนุช กิ่งยิ่ง ,,ü,,,ü,ตรี,บริิหารธุรกิจ,การจัดการ,ม.6,,ü,0967299503,19-Jul-2025,,สะดวกคุยทางไลน์มากกว่า,,,,,,,,,,,
,19/7/2025,จันทร์์รุ่ง,ü,,,,ü,ตรี,บริหารธุรกิจ,การจัดการ,ปวส,,ü,0902419274,19-Jul-2025,,,,,,,,,,,,,
,20/7/2025,Leson Vinanpon,,ü,,,ü,ตรี,,,ปวช,,,,,,,,,,,,,,,,,
,20/7/2025,ศิริฟ้า,,ü,,,ü,ตรี,รัฐศาสตร์,รัฐประศาสนศาสตร์,ม.6,,,,,,,,,,,,,,,,,
,20/7/2025,ชัยนิ่ม มั่นธัญ,,ü,,,ü,ตรี,บริิหารธุรกิจ,โลจิสติกส์,ปวช,,,,,,,,,,,,,,,,,
,20/7/2025,Melpimchai pebope,,ü,,,ü,ตรี,บริิหารธุรกิจ,การรจัดการ,ปวส,,,,,,,,,,,,,,,,,
,20/7/2025,Verluan Luullu,,ü,,,ü,ตรี,,,กศน,,,,,,,,,,,,,,,,,
,21/7/2025,Peanpe Sirwanpe,,ü,,,ü,ตรี,บริหารธุรกิจ,การจัดการ,ปวช,,,0980024548,21-Jul-2025,,,,,,,,,,,,,
,21/7/2025,Ixvinsa.tippimfa,ü,,,,,ตรี,บริหารธุรกิจ,การจัดการ,ม.6,,,อยู่ ตปท ,22-Jul-2025,,เคยสมัครไว้ปีที่แล้ว,,,,,,,,,,,
,22/7/2025,Tatapim Kitwanmel,,ü,,,ü,ตรี,บริหารธุรกิจ,การจัดการ,ปวส,,,080-0160773,22-Jul-2025,,,,,,,,,,,,,
,23/7/2025,อัญจิต  มณีปิ่น,,ü,,,ü,โท,รัฐศาสตร์,รัฐประศาสนศาสตร์,ป.ตรี,,,0822069144,23-Jul-2025,,,,ยังไม่ตัดสินใจ,,,,,,,,,
,24/7/2025,Rabo Yakator,,ü,,,ü,ตรี,บริหารธุรกิจ,การจัดการ,กศน,,,0858273638,24-Jul-2025,,แอดไลน์กลับมาเรียบร้อยแล้ว,,,,,,,,,,,
,25/7/2025,Darjobo Famonmel,,ü,,,ü,ตรี,บริหารธุรกิจ,การจัดการ,กศน.,,,,,,,,,,,,,,,,,
,26/7/2025,มณีธิดา  นิ่มดี,,ü,,,ü,ตรี,บริหารธุรกิจ,การจัดการ,ม.6,,,,,,,,,,,,,,,,,
,26/7/2025,Quata. Sakit,,ü,,,ü,ตรี,บริหารธุรกิจ,การจัดการ,ม.6,,,,,,,,,,,,,,,,,
,26/7/2025,🌿☕Yasonka🍊🎵QUATORMON🎵🌼🍉🍉,ü,,,,ü,ตรี,บริหารธุรกิจ,การจัดการ,ม.6,ü,,0959091928,สมัครแล้ว,,,,,,,,,,,,,
,27/7/2025,มณีรุ่ง ปิ่นธิดา,ü,,,,ü,ตรี,บริหารธุรกิจ,การจัดการ,ม.6,ü,,0915964446,สมัครแล้ว,,,,,,,,,,,,,
,27/7/2025,Ixulson Kanoom,,ü,,,ü,โท,บริหารธุรกิจ,บริหารธุรกิจ,ป.ตรี,,,,,,,,,,,,,,,,,
,27/7/2025,สินกิ่ง  ฤดีน้ำ ,,ü,,ü,,ตรี,วิศวะกรรมศาสตร์,วิศวะกรรมไฟฟ้า,ปวส ,,,,,,ขอเวลาตัดสินใจ,,,,,,,,,,,
,28/7/2025,Sawanzen Melfaom ,,ü,,,ü,ตรี,บริหารธุรกิจ,การจัดการ,กศน ,,,,,,,,,,,,,,,,,
,28/7/2025,Nawanno Sonnori,,ü,,,ü,ตรี,บริหารธุรกิจ,การจัดการ,ม.6,,,,,,,,,,,,,,,,,
,28/7/2025,Omgunpe Omkitom,,ü,,,ü,โท,,,,,,,,,,,,,,,,,,,,
,28/7/2025,Ratponwy QUADARDAR,,ü,,,ü,ตรี,,,,,,,,,,,,,,,,,,,,
,29/7/2025,ขวัญภูมิ  เดือนรัก,,ü,,,ü,ตรี,บริหารธุรกิจ,โลจิสติกส์,ม.6,,,,,,,,ขอคิดดูก่อน,,,,,,,,,
,29/7/2025,Nohel Leixra,,ü,,,ü,ตรี,บริหารธุรกิจ,โลจิสติกส์,ม.6,,,0934090341,3-Aug-2025,,,,,,,,,,,,,
,30/7/2025,Helwanle Napimle,,ü,,,ü,ตรี,รัฐศาสตร์,รัฐประศาสนศาสตร์,,,,,,,,,,,,,,,,,,
,30/7/2025,Anommon Tipboix,,ü,,,ü,ตรี,,,,,,,,,,,,,,,,,,,,
,30/7/2025,Wanoman ixpimson Quachai,,ü,,,ü,ตรี,บริหารธุรกิจ,การจัดการ,ปวช,,,,,,,,,,,,,,,,,
,30/7/2025,Raverdee Lele,,ü,,,ü,โท,รัฐศาสตร์,รัฐประศาสนศาสตร์,ป.ตรี,,,0874749048,1-Aug-2025,,,,ขอปรึกษาครอบครัวก่อน,,,,,,,,,
,30/7/2025,Taverqua Torchaiwy,,ü,,,ü,ตรี,,การจัดการ,ม.6,,,,,,,,,,,,,,,,,
,31/7/2025,ULQUARI DARDARBO,ü,,,,ü,ตรีี,บริหารธุรกิจ,การจัดการ,ม.6,,,,,,,,,,,,,,,,,
,31/7/2025,Rattata,ü,,,,ü,ตรี,บริหารธุรกิจ,การจัดการ,ม.6,,,,,,,,,,,,,,,,,
,31/7/2025,LUGUNQUA SAVIN,ü,,,,ü,ตรี,บริหารธุรกิจ,การจััดการ,ปวส,,,,,,,,,,,,,,,,,
,31/7/2025,Ponpemel,ü,,,ü,,ตรี,วิสวกรรมศาสตร์,เครื่องกล,ปวส,,,,,,,,,,,,,,,,,
,1/8/2025,Fafafa🇹🇭🎵☕,,ü,,,ü,ตรี,บริหารธุรกิจ,การจัดการ,ปวส,,,,,,,,,,,,,,,,,
,1/8/2025,Chaisahel Rigunson,,ü,,,ü,ตรี,บริหารธุรกิจ,การจัดการ,ม.6,,,,,,,,3/08/2025 ยังไม่ตัดสินใจ,,,,,,,,,
,1/8/2025,Helpongun Ponrisa,,ü,,,ü,,บริหารธุรกิจ,,,,,,,,,,,,,,,,,,,
,3/8/2025,Sirkata Ranudar,,ü,,,ü,ตรี,บริหารธุรกิจ,โลจิสติกส์,ม.6,,,,,,,,,,,,,,,,,
,3/8/2025,Ranumel Tipkape,,ü,,,ü,ตรี,บริหารธุรกิจ,การจัดการ,ม.6,,,,,,,,,,,,,,,,,
,3/8/2025,Fatorkit    Kitnover Verdeequa,,ü,,,ü,ตรี,บริหารธุรกิจ,การจัดการ,ปวส,,,,,,,,,,,,,,,,,
,4/8/2025,Pimkitchai Fawan ,,ü,,,ü,ตรี,บริหารธุรกิจ,การจัดการ,ม.6,,,,,,,,,,,,,,,,,
,4/8/2025,Chaihelbo Tipwyle,,ü,,,ü,ตรี,บริหารธุรกิจ,การจัดการ,ปวส,,,,,,,,ขอดูค่าใช้จ่ายก่อน,,,,,,,,,
,4/8/2025,Pimbogun Wymonchai,,ü,,,ü,ตรี,บริหารธุรกิจ,การจัดการ,ม.6,,,0980674845,4-Aug-2025,,,,ขอคิดดูก่อน,,,,,,,,,
,4/8/2025,Tortipchai Anlepim ,,ü,,,ü,โท,รัฐศาสตร์,รัฐประศาสนศาสตร์,ป.ตรี,,,0920056447,4-Aug-2025,,,,ยังไม่ตัดสินใจ,,,,,,,,,
,5/8/2025,Saponfa Nasirta,,ü,,,ü,ตรี,รัฐศาสตร์,รัฐประศาสนศาสตร์,ม.6,,,0619386908,5-Aug-2025,,สะดวกคุยทางไลน์มากกว่า,,ขอปรึกษาครอบครัวก่อน,,,,,,,,,
,5/8/2025,Penuwy Ompontip,,ü,,,ü,ตรี,รัฐศาสตร์,รัฐประศาสนศาสตร์,ม.6,,,,,,ขอเวลาตัดสินใจ,,,,,,,,,,,
,5/8/2025,Omtachai Anvinno,,ü,,,ü,ตรี,บริหารธุรกิจ,การจัดการ,ม.6,,,,,,,,,,,,,,,,,
,5/8/2025,Deegunan Wysadar,,ü,,,ü,ตรี,บริหารธุรกิจ,การจัดการ,ปวส,,,0865334996,5-Aug-2025,,,,โทร ขอดูค่าใช้จ่ายก่อน,,,,,,,,,
,5/8/2025,Ulluka Ponjosa Anpimtip,,ü,,,ü,ตรี,รัฐศาสตร์,รัฐประศาสนศาสตร์,ม.6,,,,,,,,,,,,,,,,,
,5/8/2025,Nonaul Sirtafa-lemelkit,,ü,,,ü,ตรี,บริหารธุรกิจ,การจัดการ,ปวส,,,,,,,,,,,,,,,,,
,6/8/2025,Anix Monwandee,,ü,,,ü,ตรี,บริหารธุรกิจ,การจัดการ,ม.6,,,,,,,,,,,,,,,,,
,6/8/2025,Joyaix Quata ,,ü,,,ü,ตรี,                  บริหารธุรกิจ,การจัดการ,ม.6,,,,,,,,,,,,,,,,,
,6/8/2025,Nazenle Guntorvin ,,ü,,,ü,ตรี,รัฐศาสตร์,รัฐประศาสนศาสตร์,กศน,,,,,,,,,,,,,,,,,
,6/8/2025,ทิพนุช  จิตรัก,,ü,,,ü,ตรี,                  บริหารธุรกิจ,การจัดการ,ปวส ,,,,,,สอบถามเรื่องทุนการศึกษา,,ขอคิดดูก่อน,,,,,,,,,
,7/8/2025,Favermel Petarat,,ü,,,ü,ตรี,บริหารธุรกิจ,การจัดการ,ม.6,,,,,,,,,,,,,,,,,
,7/8/2025,สินธัญ,ü,ü,,,ü,ตรี,บริหารธุรกิจ,การจัดการ,กศน,,,,,,,,,,,,,,,,,
,7/8/2025,Anwan Bonamon,,ü,,,ü,ตรี,บริหารธุรกิจ,การจัดการ,ปวส,,,,,,,,,,,,,,,,,
,7/8/2025,Ixqua Kasondee,,ü,,,ü,ตรี,บริหารธุรกิจ,การจัดการ,ปวส,,,,,,,,,,,,,,,,,
,8/8/2025,Qualefa🐼🐼,ü,,,,ü,ตรี,บริหารธุรกิจ,การจัดการ,ปวส,,,,,,,,,,,,,,,,,
,8/8/2025,วิไลทิพ,ü,,,,ü,ตรี,บริหารธุรกิจ,การจัดการ,กศน,,,,,,,,,,,,,,,,,
,8/8/2025,ทิพนิ่ม ,ü,,,,ü,ตรี,บริหารธุรกิจ,การจัดการ,ปวช,,,,,,,,,,,,,,,,,
,8/8/2025,Tormon 365,ü,,,,ü,โท,รัฐศาสตร์,รัฐประศาสนศาสตร์,ป.ตรี,,,0864618324,สมัครแล้ว,,,,,,,,,,,,,
,8/8/2025,MELJOIX Ulmonix ,ü,,,,ü,ตรี,รัฐศาสตร์,รัฐประศาสนศาสตร์,ปวส,,,,,,,,,,,,,,,,,
,8/8/2025,Letorna Lelukit,ü,,,,ü,ตรี,,,ม.6,,,,,,,,,,,,,,,,,
,8/8/2025,จิตบุญ ภูมิวัน,ü,,,,ü,ตรี,,,ปวช,,,,,,,,,,,,,,,,,
,9/8/2025,Kagun Ratnaver,ü,,,,ü,ตรี,บริหารธุรกิจ,การจัดการ,ปวส,,,,,,,,,,,,,,,,,
,9/8/2025,Zenheljo Riponnu,ü,,,,ü,ตรี,บริหารธุรกิจ,โลจิสติกส์,ม.6,,,094-4235903,สมัครแล้ว,,,,,,,,,,,,,
,9/8/2025,Lekason Wanya,ü,,,,ü,ตรี,บริหารธุรกิจ,โลจิสติกส์,ปวส,,,,,,,,,,,,,,,,,
,9/8/2025,Sadarpim Zendarpim,ü,,,,ü,ตรี,บริหารธุรกิจ,การจัดการ,ม.6,,,,,,,,,,,,,,,,,
,10/8/2025,Sonya Chaisano,ü,,,,ü,ตรี,พยาบาลศาสตร์,,,,,,,,อายุ 32 ทำงานแล้ว,,,,,,,,,,,
,10/8/2025,Ponjosa Wyluson ,,ü,,,ü,ตรี,บริหารธุรกิจ,การจัดการ,ปวส,,,,,,,,,,,,,,,,,
,10/8/2025,Helsir,ü,,,,ü,ตรี,,,,,,,,,ขอเอกสารหลักสูตรทางไลน์,,,,,,,,,,,
,11/8/2025,Borigun Deeomlu,,ü,,,ü,ตรี,,,ม.6,,,,,,,,,,,,,,,,,
,11/8/2025,Ulgunvin Faverbo,,ü,,,ü,โท,สาธารณสุข,,,,,,,,,,,,,,,,,,,
,11/8/2025,Ixponul. Andee,,ü,,,ü,ปวส,,,,,,,,,,,,,,,,,,,,
,12/8/2025,Boulhel Omanfa,,ü,,,ü,ตรี,บริหารธุรกิจ,การจัดการ,ปวช,,,,,,,,,,,,,,,,,
,12/8/2025,ponvinle_pedeeka🍋🐶,,ü,,,ü,ตรี,บริหารธุรกิจ,การจัดการ,ปวช,ü,,0884073708,12-Aug-2025,,เคยสมัครไว้ปีที่แล้ว,,,,,,,,,,,
,12/8/2025,Nuoman Pelesa,,ü,,,ü,ตรี,รัฐศาสตร์,รัฐประศาสนศาสตร์,ปวช,ü,,0875222551,สมัครแล้ว,,,,,,,,,,,,,
,13/8/2025,&HELSON,ü,,,,ü,ตรี,บริหารธุรกิจ,การจัดการ,ปวส,ü,,0838882397,13-Aug-2025,,,,,,,,,,,,,
,13/8/2025,ปรีดาณัฐ ภูมิพิม,,ü,,,ü,ตรี,,,,,,0635901056/0140308921,,,,,,,,,,,,,,
,13/8/2025,Quaratver _บุญรัก63 🌙🍉,,ü,,,ü,โท,บริหารธุรกิจ,บริหารธุรกิจ,ม.6,ü,,,13-Aug-2025,,รอปรึกษาที่บ้านก่อน,,,,,,,,,,,
,13/8/2025,Ledar Lechaisa ,,ü,,,ü,ตรี,รัฐศาสตร์,รัฐประศาสนศาสตร์,ปวช,,ü,,,,,,,,,,,,,,,
,13/8/2025,Anno Sirmonwan,,ü,,,ü,ตรี,บริหารธุรกิจ,การจัดการ,ม.6,,,,,,,,,,,,,,,,,
,14/8/2025,ภัทรกัญ เดือนปรีดา,,ü,,,ü,ตรี,บริหารธุรกิจ,โลติสติกส์,ปวส,ü,,,,,,,,,,,,,,,,
,14/8/2025,Lunu  Sirsirix,,ü,,,ü,ตรี,บริหารธุรกิจ,โลจิสติกส์,ม.6,ü,,,,,,,,,,,,,,,,
,14/8/2025,Vinyawy Petafa,,ü,,,ü,ตรี,บริหารธุรกิจ,โลจิสติกส์,ม.6,ü,,,,,,,,,,,,,,,,
,15/8/2025,Wanratgun Omul,,ü,,,ü,ตรั,บริหารธุรกิจ,การจัดการ,ปวส,ü,,,,,,,,,,,,,,,,
,15/8/2025,Naverya Ponjopim,,ü,,,ü,,,,,,,,,,,,,,,,,,,,,
,16/8/2025,Helkitri Nohel ,,ü,,,ü,ตรี,รัฐศาสตร์,รัฐประศาสนศาสตร์,กศน.,,ü,,,,,,,,,,,,,,,
,16/8/2025,ปั้นสุข  มณีวิไล,,ü,,,ü,ตรี,บริหารธุรกิจ,การจัดการ,ม.6,,,,,,,,,,,,,,,,,
,16/8/2025,Borigun Deeomlu,,ü,,,ü,ตรี,บริหารธุรกิจ,การจัดการ,ม.6,,,,,,,,,,,,,,,,,
,17/8/2025,Kitdarchai Darrat,,ü,,,ü,ตรี,รัฐศาสตร์,รัฐประศาสนศาสตร์,ป.ตรี,ü,,,,,,,,,,,,,,,,
,17/8/2025,Toruldee tortornu,,ü,,,ü,ตรี,บริหารธุรกิจ,การจัดการ,ปวส,ü,,,,,,,,,,,,,,,,
,18/8/2025,ต้นอัญ นิ่มมั่น รักกิ่ง วันนิ่ม,,ü,,,ü,ตรี,บริหารธุรกิจ,การจัดการ,ปวช,,,,,,,,,,,,,,,,,
,18/8/2025,กิ่งกุล,,ü,,,ü,ตรี,,,ปวส,,,,,,,,,,,,,,,,,
,18/8/2025,กัญน้ำ ทิพรุ่ง,,ü,,,ü,ตรี,บริหารธุรกิจ,โลจิสติกส์,ปวส,ü,,,,,,,,,,,,,,,,
,18/8/2025,อัญจันทร์ มณีอัญ,,ü,,,ü,ตรี,บริหารธุรกิจ,การจัดการ,ม.6,ü,,,,,ทำงานกะดึก โทรหลัง 18.00 น.,,,,,,,,,,,
,18/8/2025,พร้อมต้น นิ่มจันทร์,,ü,,,ü,ตรึ,รัฐศาสตร์,รัฐประศาสนศาสตร์,ม.6,,,,,,,,,,,,,,,,,
,18/8/2025,Tipuldee Deesirom,,ü,,,ü,ตรี,บริหารธุรกิจ,การจัดการ,กศน,ü,,,,,,,,,,,,,,,,
,19/8/2025,Wanpim Omratkit,,ü,,,ü,ตรี,บริหารธุรกิจ,การจัดการ,ม.6,,,,,,,,,,,,,,,,,
,19/8/2025,Lechaison Chaihelya,,ü,,,ü,ตรี,รัฐศาสตร์,รัฐประศาสนศาสตร์,ปวส,,,0980658416,สมัครแล้ว,,,,,,,,,,,,,
,19/8/2025,ปั้นนิ่ม Samonqua,ü,,,,ü,ตรี,รัฐศาสตร์,รัฐประศาสนศาสตร์,กศน.ม.6,,,,,,,,,,,,,,,,,
,19/8/2025,Talupe Ponsari,,ü,,,ü,โท,บริหารธุรกิจ,บริหารธุรกิจ,ป.ตรี,,,,,,,,,,,,,,,,,
,20/8/2025,Lumonzen JOPIMSON,,ü,,,ü,ตรี,บริหารธุรกิจ,โลจิสติกส์,ม.6,,,,,,,,,,,,,,,,,
,20/8/2025,"9____""ANPIMDAR""",,ü,,,ü,ตรี,บริหารธุรกิจ,การจัดการ,ม.6,,ü,0683205098,,,ขอเอกสารหลักสูตรทางไลน์,,,,,,,,,,,
,24/8/2025,🍋🌼Ponratmel ponwanpe,ü,,,,ü,ตรี,รัฐศาสตร์,รัฐประศาสนศาสตร์,ม.6,,ü,0920777744,สมัครแล้ว,,นัดชำระ 500 บาท,,,,,,,,,,,
,25/8/2025,Ixmelta helverdar,,ü,,,ü,,,,,,,,,,,,,,,,,,,,,
,26/8/2025,กัญวัน อัญภูมิ,,ü,,,ü,,,,,,,,,,,,,,,,,,,,,
,27/8/2025,ปรีดาสุข  เดือนน้ำ,,ü,,,ü,,,,,,,,,,,,,,,,,,,,,
,28/8/2025,Kawyan'kapesir Omomom'rimonkit,,ü,,,ü,,,,,,,,,,,,,,,,,,,,,
,29/8/2025,TAPONZEN NUNUCHAI,,ü,,,ü,,,,,,,,,,,,,,,,,,,,,
,1/9/2025,ธัญฤดี  ทิพฟ้า,,ü,,,ü,ตรี,รัฐศาสตร์,การเมืืองการปกครอง,กศน,,,,,,,,,,,,,,,,,
,2/9/2025,Vinkara Joomsir,,ü,,,ü,,,,,,,,,,,,,,,,,,,,,
,3/9/2025,Guntorqua Anmonwy,,ü,,,ü,,,,,,,,,,,,,,,,,,,,,
,4/9/2025,Ravinhel Lukit,,ü,,,ü,ตรี,บริหารธุรกิจ,การจัดการ,ปวส,,ü,094-9359454,สมัครแล้ว,,,,,,,,,,,,,
,5/9/2025,อัญชื่น น้ำยิ่ง,,ü,,,ü,,,,,,,,,,,,,,,,,,,,,
,5/9/2025,นิ่มกุล กิ่งปิ่น แก้วกัญ ,,ü,,,ü,โท,รัฐศาสตร์,รัฐประศาสนศาสตร์,ป.ตรี,,,092-4817441,,,,,ขอปรึกษาครอบครัวก่อน,,,,,,,,,
,5/9/2025,Sawannu Kitgunna ,,ü,,,ü,,,,,,,,,,,,,,,,,,,,,
,7/9/2025,Yatipchai Wannason,,ü,,,ü,,ศึกษาศาตร์,,,,,,,,,,,,,,,,,,,
,7/9/2025,ใบ้น้ำ  ต้นน้ำ ,,ü,,,ü,,,,,,,,,,,,,,,,,,,,,
,7/9/2025,Sirtipul Lejono,,ü,,,ü,ตรี,บริหารธุรกิจ,โลจิสติกส์,ปวส,,,,,,,,,,,,,,,,,
,7/9/2025,Nuchaihel Sonlu,,ü,,,ü,ตรี,บริหารธุรกิจ,โลจิสติกส์,ปวส,ü,,,,,,,,,,,,,,,,
,7/9/2025,Yadeetip Riquata,,ü,,,ü,ตรี,บริหารธุรกิจ,การจัดการ,กศน,ü,,,,,ทำงานกะดึก โทรหลัง 18.00 น.,,,,,,,,,,,
,7/9/2025,Ulnuan Lulumel,,ü,,,ü,ตรี,บริหารธุรกิจ,การจัดการ,ม.6,,,,,,,,,,,,,,,,,
,7/9/2025,Gunsonzen Pimnutor,,ü,,,ü,ตรี,บริหารธุรกิจ,การจัดการ,ปวส,,,,,,,,,,,,,,,,,
,7/9/2025,Ulanzen Kitwansa,,ü,,,ü,ตรี,บริหารธุรกิจ,การจัดการ,กศน,,,,,,,,,,,,,,,,,
,7/9/2025,Lemelna Borarat,,ü,,,ü,,,,,,,,,,,,,,,,,,,,,
,7/9/2025,tipsiran Quasirno,,ü,,,ü,ตรี,บริหารธุรกิจ,การจัดการ,,,,,,,,,,,,,,,,,,
,7/9/2025,Zenponpon Quamelri,,ü,,,ü,ตรี,,,,,,,,,,,,,,,,,,,,
,7/9/2025,Raomtip Joanchai,,ü,,,ü,โท,รัฐศาสตร์,รัฐประศาสนศาสตร์,ป.ตรี,ü,,092-1098299,สมัครแล้ว,,,,,,,,,,,,,
,8/9/2025,Ponnurat🐱🌈,ü,ü,,,ü,ตรี,บริหารธุรกิจ,การจัดการ,ปวส,ü,,095-6363217,สมัครแล้ว,,,,,,,,,,,,,
,8/9/2025,Deetorna Quasirno,,ü,,,ü,ตรี,บริหารธุรกิจ,การจัดการ,ปวส,,,,,,,,,,,,,,,,,
,8/9/2025, Zenponpon Quamelri,,ü,,,ü,ตรี,รัฐศาสตร์,รัฐประศาสนศาสตร์,ปวส,,,,,,,,,,,,,,,,,
,8/9/2025,อัญจิต มณีปิ่น,,ü,,,ü,โท,รัฐศาสตร์,รัฐประศาสนศาสตร์,ป.ตรี,ü,,082-2069144,8-Sep-2025,,,,,,,,,,,,,
,9/9/2025,Melkitsa Lusamon ,,ü,,ü,,ตรี,วิศวกรรมศาสตร์,วิศวกรรมไฟฟ้า,ปวส,,,0981756738,14-Sep-2025,,,,,,,,,,,,,
,10/9/2025,สินภู่ ดีปั้น,,ü,,,ü,ตรี,บริหารธุรกิจ,การจัดการ,ม.6,,,,,,,,,,,,,,,,,
,10/9/2025,Ponnachai Deekaix,,ü,,ü,,ตรี,บัญชี,บัญชี,ป.ตรี,,,,,,,,ไม่รับสาย,,,,,,,,,
,11/9/2025,Melrat Vinix,,ü,,,ü,ตรี,บริหารธุรกิจ,การจัดาร,ปวส,,,,นัดชำระ30กันยา สมัคร2/68,,,,,,,,,,,,,
,11/9/2025,NOVINCHAI NUNUCHAI,,ü,,,ü,ตรี,รัฐศาสตร์,รัฐประศาสนศาสตร์,ม.6,,,098-4028141,สนใจเทียบโอนจากม.เดิม ,,,,โทร ขอปรึกษาครอบครัวก่อน,,,,,,,,,
,12/9/2025,Farat Tanuta YARALE,,ü,,,ü,ตรี,บริหารธุรกิจ,การจัดการ,ม.6,,,,,,,,,,,,,,,,,
,12/9/2025,Naomri Joludee,,ü,,,ü,ตรี,รัฐศาสตร์,รัฐประศาสนศาสตร์,ม.6,,,,,,,,,,,,,,,,,
,14/9/2025,Leledar Bonuya,,ü,,,ü,โท,บริหารธุรกิจ,บริหาร,ป.ตรี,,,,,,,,,,,,,,,,,
,14/9/2025,นิ่มปั้น นิ่มภู่,,ü,,,ü,โท,บริหารธุรกิจ,บริหาร,ป.ตรี,,,0614288914,14-Sep-2025,,,,,,,,,,,,,
,14/9/2025,Kakator Sirgunkit,,ü,,,ü,ตรี,รัฐศาสตร์,รัฐประศาสนศาสตร์,ม.6,,,,,,,,,,,,,,,,,
,15/9/2025,ANSIRZEN RATKITZEN,ü,,,,ü,ตรี,รัฐศาสตร์,รัฐประศาสนศาสตร์,ปวส,,,0904434814,,,,,ยังไม่ตัดสินใจ,,,,,,,,,
,15/9/2025,Saquason,ü,,,,ü,ตรี,บริหารธุรกิจ,โลจิสติกส์,ปวส,,,,,,อยากเรียนเฉพาะเสาร์อาทิตย์,,,,,,,,,,,
,15/9/2025,Yaponya32,ü,,,,ü,ตรี,บริหารธุรกิจ,การจัดการ,ม.6,,,,,,,,,,,,,,,,,
,16/9/2025,Yajomon Pimfazen,,ü,,,ü,ตรี,บริหารธุรกิจ,โลจิสติกส์,ปวส,,,,,,,,,,,,,,,,,
,17/9/2025,Daromvin Lusonson'ulsirbo,,ü,,,ü,ตรี,รัฐศาสตร์,รัฐประศาสนศาสตร์,ปวส,,,,,,,,,,,,,,,,,
,18/9/2025,Ixsaya Helverbo,,ü,,,ü,ตรี,บริหารธุรกิจ,การจัดการ,ปวส,,,,,,,,,,,,,,,,,
,19/9/2025,Fasonfa Kitmelbo,,ü,,,ü,,รัฐศาสตร์,รัฐประศาสนศาสตร์,ปวส,,,,,,,,,,,,,,,,,
,21/9/2025,Sirtana Chaiwanzen'kityapim,,ü,,,ü,ตรี,นิติศาสตร์,,,,,,,,,,,,,,,,,,,
,21/9/2025,Tahelra  Monledar,,ü,,,ü,ตรี,บริหารธุรกิจ,การจัดการ,ปวส,,,062-7001532,นัดโอน500 8 ตค 68 กู้ ,,ช่่วงเย็นสะดวกคุย,,,,,,,,,,,
,22/9/2025,Monmonwan Sonvinsir,,ü,,,ü,ตรี,บริหารธุรกิจ,การจัดการ,ม.6,,,,,,,,,,,,,,,,,
,22/9/2025,ANVINPE Nukadee ,,ü,,,ü,ตรี,บริหารธุรกิจ,การจัดการ,ม.6,,,,,,,,,,,,,,,,,
,23/9/2025,Pimyano Lulejo,,ü,,,ü,ตรี,บริหารธุรกิจ,การจัดการ,ม.6,ü,,,,,,,,,,,,,,,,
,23/9/2025,Monulom Ulsirvin ,,ü,,,ü,,,,,,,,,,,,,,,,,,,,,
,24/9/2025,Darmonchai Pimtata,,ü,,,ü,ตรี,บริหารธุรกิจ,การจัดการ,กศน,,ü,092-7653180,สมัครแล้ว,,,,,,,,,,,,,
,24/9/2025,Chailu Nowydar,,ü,,,ü,ตรี,บริหารธุรกิจ,การจัดการ,ปวช,,,,,,,,,,,,,,,,,
,25/9/2025,20 มั่นรัก,ü,,,,ü,ตรี,บริหารธุรกิจ,การจัดการ,ม.6,,,061-3795242,,,,,,,,,,,,,,
,25/9/2025,Nusonra,,ü,,,ü,ตรี,รัฐศาสตร์,รัฐประศาสนศาสตร์,ปวส,ü,,067-6360180,สมัครแล้ว,,,,,,,,,,,,,
,26/9/2025,Rimeldee823,ü,,,,ü,ตรี,รัฐศาสตร์,รัฐประศาสนศาสตร์,ม.6,,ü,066-6192160,สมัครแล้ว,,,,,,,,,,,,,
,26/9/2025,Ratulgun. ณัฐอุ่น,,ü,,,ü,ตรี,รัฐศาสตร์,รัฐประศาสนศาสตร์,ปวส,ü,,068-0935485,สมัครแล้ว,,,,,,,,,,,,,
,28/9/2025,พิมอุ่น ,ü,,,,ü,ตรี,บริหารธุรกิจ,โลจิสติกส์,กศน,,,,,,,,,,,,,,,,,
,28/9/2025,Nuradee,ü,,,,ü,ตรี,รัฐศาสตร์,,,,,,,,,,,,,,,,,,,
,29/9/2025,Jochai Pelewan,,ü,,,ü,ตรี,บริหารธุรกิจ,การจัดการ,,,,,,,,,,,,,,,,,,
,29/9/2025,ปิ่นพร้อม นิ่มวิไล,,ü,,,ü,,,,,,,064-1152147,30-Sep-2025,,,,,,,,,,,,,
,30/9/2025,Tadeera Wyriya,,ü,,,ü,ตรี,บริหารธุรกิจ,การจัดการ,กศน,,,,,,,,,,,,,,,,,
,30/9/2025,Melpeix Sonrirat,,ü,,,ü,ตรี,บริหารธุรกิจ,การจัดการ,ม.6,,,,,,,,,,,,,,,,,
,1/10/2025,มั่นกัญ  ยิ่งเพ็ญ,,ü,,,ü,ตรี,รัฐศาสตร์,รัฐประศาสนศาสตร์,กศน,,,,,,,,,,,,,,,,,
,1/102025,ภูมิปั้น ธิดาอุ่น,,ü,,,ü,ตรี,รัฐศาสตร์,รัฐประศาสนศาสตร์,ปวส,,,,,,,,,,,,,,,,,
,1/10/2025,Ommellu Zenwynu,,ü,,,ü,ตรี,บริหารธุรกิจ,การจัดการ,ม.6,,,,,,,,,,,,,,,,,
,1/10/2025,Ratale Ratzenkit,,ü,,,ü,ตรี,บริหารธุรกิจ,โลจิสติกส์,ปวช,,,,,,,,,,,,,,,,,
,1/10/2025,Rariqua,,ü,,,ü,โท,รัฐศาสตร์,รัฐประศาสนศาสตร์,ป.ตรี,,,,,,,,,,,,,,,,,
,1/10/2025,ชื่นใบ้,ü,,ü,,,ตรี,คณะวิทยาศาสตร์และเทคโนโลยีการกีฬา,วิทยาศาตร์การกีฬา,ม.6,,,094-3373085,สมัครแล้ว,,,,,,,,,,,,,
,2/10/2025,ขวัญอุ่น แก้วขวัญ,,ü,,,ü,ตรี,บริหารธุรกิจ,โลจิสติกส์,กศน,,,0613812505,3-Oct-2025,,,,,,,,,,,,,
,2/10/2025,มั่นกัญ ยิ่งเพ็ญ,,ü,,,ü,ตรีี,รัฐศาสตร์,รัฐประศาสนศาสตร์,กศน,,,,,,,,,,,,,,,,,
,3/10/2025,ศิริมณี กิ่งวัน,,ü,,,ü,ตรี,บริหารธุรกิจ,การจัดการ,ม.6,,,,,,,,,,,,,,,,,
,3/10/2025,Rikasa Pesaom,,ü,,,ü,ตรี,รัฐศาสตร์,รัฐประศาสนศาสตร์,ตรี,,,,,,,,,,,,,,,,,
,4/10/2025,ฟ้ากุล ธิดากิ่ง ,,ü,,,ü,โท,บริหารธุรกิิจ,บริหาร,ตรี,,,0864821377,,,ทำงานกะดึก โทรหลัง 18.00 น.,,,,,,,,,,,
,4/10/2025,Lunuri Nomel,,ü,,,ü,โท,บริหารการศึกษา,,,,,,,,,,,,,,,,,,,
,5/10/2025,Lemelna Borarat,,ü,,,ü,ตรี,บริหารธุรกิจ,การจัดการ,ปวส,,,0903287908,สมัครแล้ว,,ขอเอกสารหลักสูตรทางไลน์,,,,,,,,,,,
,5/10/2025,รักสุข ปรีดายิ่ง,,ü,,,ü,ตรี,บริหารธุรกิจ,การจัดการ,ม.6,,,,,,ขอเอกสารหลักสูตรทางไลน์,,,,,,,,,,,
,5/10/2025,Vinboom Melkitbo,,ü,,,ü,ปวช,คอม,คอมธุกิจ,,,,080683,,,,,,,,,,,,,,
,6/10/2025,Kitsaka Rimonya,,ü,,,ü,ตรี,รัฐศาสตร์,รัฐประศาสนศาสตร์,ปวช,,,,,,ส่งวุฒิมาให้ดูเทียบโอนหน่วยกิต,,,,,,,,,,,
,6/10/2025,ต้นต้น 'กิ่งยิ่ง,,ü,,,ü,ตรี,บริหารการศึกษา,การจัดการ,ปวส,,,,,,,,,,,,,,,,,
,6/10/2025,Pequamel  Chaison,,ü,,,ü,ตรี,รัฐศาสตร์,รัฐประศาสนศาสตร์,ปวส,,,,,,,,,,,,,,,,,
,6/10/2025,Gunnuya Gunsirsir,,ü,,,ü,ตรี,บริหารธุรกิจ,การจัดการ,ม.6,,,0923752249,สมัครแล้ว,,สนใจกู้ กยศ.,,,,,,,,,,,
,6/10/2025,Verwantip Chaigunmel,,ü,,,ü,ตรี,บริหารธุรกิจ,,,,,,,,,,,,,,,,,,,
,7/10/2025,Kittator Toromqua,,ü,ü,,,ตรี,วิศวกรรมศาสตร์,วิศวกรรมซ่อมบำรุงอากาศยาน,ม.6,,,0824436954, สมัครแล้ว,,สะดวกคุยทางไลน์มากกว่า,,,,,,,,,,,
,7/10/2025,ชัยนุช อัญอัญ,,ü,,,ü,ตรี,รัฐศาสตร์,รัฐประศาสนศาสตร์,ม.6,,,,,,,,,,,,,,,,,
,7/10/2025,Torponlu Pimwyno Yanosir,,ü,,,ü,ตรี,บัญชี,,,,,,,,,,,,,,,,,,,
,8/10/2025,วันกิ่ง น้ำขวัญ,,ü,,,ü,ตรี,บริหารธุรกิจ,การจัดการ,ปวส,,,063-5605258,6-Oct-2025,,สะดวกคุยทางไลน์มากกว่า,,,,,,,,,,,
,8/10/2025,Omratgun Tipqua ,,ü,,ü,,ตรี,เทคโนโลยีและนวัตกรรม,เทคโนโลีอุตสหกรรม,ปวส,,,087-3173655,6-Oct-2025,,,,,,,,,,,,,
,8/10/2025,Rijopim Rijopim,,ü,,,ü,ตรี,รัฐศาสตร์,รัฐประศาสนศาสตร์,ม.6,,,0891536101,,,สนใจกู้ กยศ.,,,,,,,,,,,
,9/10/2025,ชัยแก้ว ชื่นดี,,ü,,,ü,ตรี,บริหารธุรกิจ,การจัดการ,กศน,,,,,,,,,,,,,,,,,
,9/10/2025,Anulmel Tipchai,,ü,,,ü,โท,รัฐศาสตร์,รัฐประศาสนศาสตร์,,,,,,,,,,,,,,,,,,
,9/10/2025,Lenuzen Omnaul,,ü,,,ü,ตรี,บริหารธุรกิจ,การจัดการ,ม.6,,,,,,,,,,,,,,,,,
,9/10/2025,Anfale  Zenheldar,,ü,,,ü,ตรี,รัฐศาสตร์,รัฐประศาสนศาสตร์,ป.ตรี,,,,,,,,,,,,,,,,,
,10/10/2025,กิ่งมั่น. ต้นดี ,,ü,,,ü,ตรี,รัฐศาสตร์,รัฐประศาสนศาสตร์,ปวส,,,,,,,,,,,,,,,,,
,10/10/2025,Lunoom LUSON'Nobo,,ü,,,ü,ตรี,บริหารธุรกิจ,การจัดการ,ปวส,,,,,,,,,,,,,,,,,
,11/10/2025,Tapimle Riwyya,,ü,,,ü,ตรี,รัฐศาสตร์,รัฐประศาสนศาสตร์,,,,,,,,,,,,,,,,,,
,11/10/2025,ปิ่นบุญ เพ็ญภู่ ,,ü,,,ü,ตรี,รัฐศาสตร์,รัฐประศาสนศาสตร์,ม.6,,,,,,,,,,,,,,,,,
,11/10/2025,ZENSIRDEE NUNUCHAI,,ü,,,ü,ตรี,รัฐศาสตร์,รัฐประศาสนศาสตร์,ปวช,,,,,,,,,,,,,,,,,
,12/10/2025,Zentoran Deesarat,,ü,,,ü,ตรี,รัฐศาสตร์,รัฐประศาสนศาสตร์,ปวช,,,,,,,,,,,,,,,,,
,12/10/2025,วิไลใบ้ กุลกิ่ง บุญฤดี,,ü,,,ü,ตรี,บริหารธุรกิจ,การจัดการ,ปวส,,,,,,,,ไม่รับสาย,,,,,,,,,
,12/10/2025,Yasir,,ü,,,ü,ตรี,บัญชี,,ป.ตรี,,,,,,,,,,,,,,,,,
,14/10/2025,Sirwanpe Ponvinix,,ü,,,ü,ตรี,บััญชี,,ม.6,,,,,,,,,,,,,,,,,
,14/10/2025,Gunrat Ponjora Gunluri,,ü,,,ü,ตรี,การท่องเที่ยว,,,,,,,,,,,,,,,,,,,
,14/10/2025,Riluzen Helnoan,,ü,,,ü,ตรี,บริหารธุรกิจ,การจัดการ,กศน,,,0924527497,,,,,ขอปรึกษาครอบครัวก่อน,,,,,,,,,
,15/10/2025,HELSON'Sirrajo Botakit'ixpevin,,ü,,,ü,ตรี,รัฐศาสตร์,รัฐประศาสนศาสตร์,ปวส,,,0985891915,,,,,ขอคิดดูก่อน,,,,,,,,,
,15/10/2025,Wypimnu Rathelchai,,ü,,,ü,ตรี,บริหารธุรกิจ,การจัดการ,ม.6,,,0867252675,,,,,ไม่รับสาย,,,,,,,,,
,15/10/2025,Gunnakit Wychaile,,ü,,,ü,ตรี,บริหารธุรกิจ,การจัดการ,กศน,,,067278243,,,,,21/10/2568 โทรใหม่หลังเลิกงาน,,,,,,,,,
,15/10/2025,ขวัญรุ่ง,ü,,,,ü,ตรี,บริหารธุรกิจ,โลจิสติกส์,กศน,,,,,,,,,,,,,,,,,
,16/10/2025,.kittiple ,ü,,,,ü,ตรี,บริหารธุรกิจ,โลจิสติกส์,ปวช,,,0968948072,สมัครแล้ว,,,,ขอปรึกษาครอบครัวก่อน,ขอปรึกษาครอบครัวก่อน,,,,,,,,
,16/10/2025,Wanpehel Monnamon,,ü,,ü,,ตรี,รัฐศาสตร์,รัฐประศาสนศาสตร์,ม.6,,,0974030802,สมัครแล้ว,,,,,,,,,,,,,
,16/10/2025,มณีภูมิ ดีวัน,,ü,,,ü,ตรี,บริหารธุรกิจ,การจัดการ,กศน,,, มาเลเซีย,,,,,โทรใหม่หลังเลิกงาน,,,,,,,,,
,17/10/2025,ULIXLE ,ü,,,,ü,ตรี,วิศวกรรมศาสตร์,วิศวกรรมโยธา,ป.ตรี,,,0968298928,,,มีประกันสังคม ถามเรื่องสิทธิ์,,,,,,,,,,,
,17/10/2025,ภัทรแก้ว  ฟ้ามั่น,,ü,,,ü,ตรี,บริหารธุรกิจ,การจัดการ,ป.ตรี,,,,,,ขอเวลาตัดสินใจ,,,,,,,,,,,
,17/10/2025,Gunixya MELUL. Omtor,,ü,,,ü,ตรี,รัฐศาสตร์,รัฐประศาสนศาสตร์,ปวส,,,0629172432,,,,,โทร ไม่รับสาย,,,,,,,,,
,17/10/2025,Nosaix melkitjo,,ü,,,ü,ตรี,บริหารธุรกิจ,การจัดการ,ปวช,,,0879754673,,,,,ไม่สมัคร ทำงานไม่ว่าง,,,,,,,,,
,17/10/2025,LULU'tipriom น้ำกุลMONLEBO ,ü,,,,ü,ตรี,บริหารธุรกิจ,การจัดการ,กศน,,,0920122058,สมัครแล้ว,,,,,,,,,,,,,
,18/10/2025,Darpimjo Bofasir,,ü,,,ü,ตรี,บริหารธุรกิจ,การจัดการ,กศน,,,,,,,,,,,,,,,,,
,18/10/2025,Deesonno ponnaya,,ü,,,ü,โท,รัฐศาสตร์,รัฐประศาสนศาสตร์,ป.ตรี,,,,,,,,,,,,,,,,,
,18/10/2025,Luchaita Ponhelya,,ü,,,ü,ตรี,บริหารธุรกิจ,โลจิิสติกส์,ปวส,,,,,,,,,,,,,,,,,
,18/10/2025,ปรีดาปิ่น ศิริภูมิ,,ü,,,ü,ตรี,รัฐศาสตร์,รัฐประศาสนศาสตร์,ม.6,,,,,,,,,,,,,,,,,
,18/10/2025,Melvinan⭐☕,ü,,,,ü,ตรี,บริหารธุรกิจ,การจัดการ,ปวช,,,089-6950476,18-Oct-2025,,,,ขอดูค่าใช้จ่ายก่อน,,,,,,,,,
,19/10/2025,Bohelmon Torwynu ,,ü,,,ü,ตรี,รัฐศาสตร์,รัฐประศาสนศาสตร์,ม.6,,,,,,,,,,,,,,,,,
,19/10/2025,รักน้ำ'มั่นเพ็ญ.,,ü,,,ü,ตรี,บริหารธุรกิจ,การจัดการ,ม.6,,,,,,,,,,,,,,,,,
,19/10/2025,Vinanpon ansonnu,,ü,,,ü,ตรี,รัฐศาสตร์,รัฐประศาสนศาสตร์,ปวช,,,0918537204,สมัครกับ อ.ท่านอื่น,,,,โทร ปิดเครื่อง,,,,,,,,,
,19/10/2025,Antari Ulpimbo,,ü,,,ü,ตรี,บริหารธุรกิจ,การจัดการ,กศน,,,,,,,,,,,,,,,,,
,20/10/2025,Ixdeera Tormelle,,ü,,,ü,ตรี,รัฐศาสตร์,รัฐประศาสนศาสตร์,ปวส,,,,,,,,,,,,,,,,,
,20/10/2025,chailewy,ü,,,,ü,ตรี,บริหารธุรกิจ,การจัดการ,ปวส,,,,,,,,,,,,,,,,,
,20/10/2025,เดือนนิ่ม ธัญฟ้า,ü,,,,ü,ตรี,บริหารธุรกิจ,การจัดการ,ม.3,,,,,,,,,,,,,,,,,
,20/10/2025,Ponanan,ü,,,,ü,ตรี,นิติศาสตร์,การจัดการ,ปวส,,,,,,,,,,,,,,,,,
,21/10/2025,Pewanqua☕🎵,,ü,,,ü,ตรี,บริหารธุรกิจ,การจัดการ,กศน,,,,,,,,,,,,,,,,,
,24/10/2025,Anratdar 639🦋☕,ü,,,,ü,ตรี,บริหารธุรกิจ,การจัดการ/โลจิสติกส์,กศน,,,0961224443,,,,,สนใจสมัคร รอเงินเดือนออก,,,,,,,,,
,26/10/2025,kitompe,ü,,,,ü,ตรี,รัฐศาสตร์,รัฐประศาสนศาสตร์,ปวส,,,097-5391357,,,,,,,,,,,,,,
,28/10/2025,Quanugun Kitnowan,,ü,,,ü,ตรี,บริหารธุรกิจ,โลจิสติกส์,ปวส,,,,,,,,,,,,,,,,,
,29/10/2025,ดีฤดี ปิ่นสุข,,ü,,,ü,ตรี,,,,,,,,,,,,,,,,,,,,
,30/10/2025,ต้นกุล ภูมิฟ้า,,ü,,,ü,ตรี,รัฐศาสตร์,รัฐประศาสนศาสตร์,ปวช,,,,,,,,,,,,,,,,,
,2/11/2025,Salufa,ü,,,,ü,ตรี,บริหารธุรกิจ,การจัดการ,ม.6,ü,,097-0080037,สมัครแล้ว,,,,,,,,,,,,,
,21/11/2025,Ramonnu Darsirmel ,,ü,,,ü,ตรี,ปฐมวัย,,,,,,,,,,,,,,,,,,,
,21/11/2025,นุชสิน  ชัยฟ้า,,ü,,,ü,ตรี,บริหารธุรกิจ,โลจิสติิกส์,ปวส,,,,,,มีประกันสังคม ถามเรื่องสิทธิ์,,,,,,,,,,,
,21/11/2025,Quamelsir Vernarat,,ü,,,ü,โท,บริหารการศึกษา,,,,,,,,ขอเวลาตัดสินใจ,,,,,,,,,,,
,21/11/2025,ภูมิปั้น ภูมิปั้น ,,ü,,,ü,ตรี,บริหารธุรกิจ,การจัดการ,ม.6,,,,,,,,,,,,,,,,,
,21/11/2025,Ulanwy sawyra,,ü,,,ü,ตรี,บริหารธุรกิจ,โลจิสติกส์,กศน,,,,,,,,,,,,,,,,,
,22/11/2025,จิตขวัญ'ศิริใบ้,,ü,,,ü,ตรี,บริหารธุรกิจ,การจัดการ,ปวส,,,,,,,,,,,,,,,,,
,22/11/2025,Quakitgun pehelno,,ü,,,ü,ตรี,นิติศาสตร์,,ปวส,,,,,,,,,,,,,,,,,
,22/11/2025,กุลบุญ ปรีดากิ่ง,,ü,,,ü,ตรี,นิติศาสตร์,,,,,,,,,,,,,,,,,,,
,22/11/2025,ชื่นฤดี ใบ้ณัฐ,,ü,,,ü,โท,บริหารการศึกษา,,ตรีี,,,,,,,,,,,,,,,,,
,22/11/2025,ต้นณัฐ เพ็ญพิม,,ü,,,ü,โท,บริหารการศึกษา,,ตรี,,,,,,,,,,,,,,,,,
,22/11/2025,ภู่ธัญ กิ่งเพ็ญ,,ü,,,ü,ตรี,บริหารธุรกิจ,การจัดการ,กศน,,,,,,,,,,,,,,,,,
,22/11/2025,Pimvergun nuhelle,,ü,,,ü,ตรี,รัฐศาสตร์,รัฐประศาสนศาสตร์,ม.6,,,,,,,,,,,,,,,,,
,23/11/2025,Monka Ulquaka,,ü,,,ü,ตรี,นิเทศศาสตร์,,ม.6,,,,,,,,สมัครเรียบร้อย รอส่งเอกสาร,,,,,,,,,
,23/11/2025,Riverson Wanraul,,ü,,,ü,ตรี,ศึกษาศาสตร์,,,,,,,,,,,,,,,,,,,
,23/11/2025,Pimri Kitixgun,,ü,,ü,,ตรี,วิศวกรรมศาสตร์,วิสวกรรมโยธา,ปวส,,,0893282482,,,,,,,,,,,,,,
,23/11/2025,Ulrat deegunwy,,ü,,,ü,โท,รัฐศาสตร์,รัฐประศาสนศาสตร์,ตรี,,,,,,,,ยังไม่ตัดสินใจ,,,,,,,,,
,23/11/2025,กุลขวัญ ชื่นรุ่ง,,ü,,,ü,ตรี,บริหารธุรกิจ,โลจิสติกส์,ม.6,,,,,,,,,,,,,,,,,
,23/11/2025,Ulfaom Wanveran,,ü,,,ü,ตรี,รัฐศาสตร์,รัฐประศาสนศาสตร์,ปวช,,,,,,,,,,,,,,,,,
,23/11/2025,ULZENLE sirwanmon Kitnaqua,,ü,,,ü,ตรี,บัญชี,,,,,,,,,,,,,,,,,,,
,24/11/2025,วันกัญ ดีนุช จิตฤดี,,ü,,,ü,ตรี,นิตศสาสตร์,,ปวส,,,,,,,,,,,,,,,,,
,24/11/2025,Gunsonzen ixulmel Yajono,,ü,,,ü,ตรี,บริหารธุรกิจ,การจัดการ,ม.6,,,,,,,,,,,,,,,,,
,24/11/2025,Luponqua Nulutip,,ü,,,ü,ตรี,บริหารธุรกิจ,การจัดการ,ปวส,,,0913306594,,,ขอเวลาตัดสินใจ,,ขอคิดดูก่อน,,,,,,,,,
,24/11/2025,Wanlemon'helquasa Zenanver,,ü,,,ü,ตรี,บริหารธุรกิจ,โลจิสติกส์,ปวส,,,,,,,,,,,,,,,,,
,24/11/2025,บุญบุญ บุญบุญ,,ü,,,ü,ตรี,บริหารธุรกิจ,การจัดการ,ม.6,,,,,,,,,,,,,,,,,
,24/11/2025,Tipsirpon Tipwyle,,ü,,,ü,โท,รัฐศาสตร์,รัฐประศาสนศาสตร์,ป.ตรี,,,0695334446,,,,,โทร ขอดูค่าใช้จ่ายก่อน,,,,,,,,,
,24/11/2025,PIMSAPE Kitsaqua,,ü,,,ü,ตรี,บริหารธุรกิจ,การจัดการ,ปวส,,,0664211582,,,,,โทร ไม่รับสาย,,,,,,,,,
,24/11/2025,ดีฟ้า ทิพกุล,,ü,,,ü,ตรี,รัฐศาสตร์,รัฐประศาสนศาสตร์,ตรี,,,,,,,,,,,,,,,,,
,24/11/2025,Wytorwy Dartorsa,,ü,,ü,,ตรี,บริหารธุรกิจ,คอมพิวเตอร์ธุรกิจ,ม.6,,,0916184424,,,,,ขอดูค่าใช้จ่ายก่อน,,,,,,,,,
,24/11/2025,ชื่นฟ้า มั่นพิม อัญขวัญ,,ü,,,ü,ตรี,บริหารธุุรกิจ,การจัดการ,ปวส,,,,,,,,,,,,,,,,,
,24/11/2025,Kari Dardeedar,,ü,,,ü,ตรี,บริหารธุรกิจ,การจััดการ,ปวส,,,,,,,,,,,,,,,,,
,24/11/2025,Quachai Ratbori,,ü,,,ü,ตรี,บริหารธุรกิจ,การจัดการ,กศน,,,,,,,,,,,,,,,,,
,25/11/2025,Zenhelwan omgunpim,,ü,,,ü,ตรี,บริหารธุรกิจ,การจัดการ,กศน,,,,,,,,,,,,,,,,,
,25/11/2025,Ratnari gunquajo,,ü,,,ü,ตรี,รัฐศาสตร์,รัฐประศาสนศาสตร์,กศน,,,0968847297,,,นัดชำระ 500 บาท,,,,,,,,,,,
,25/11/2025,ต้นพิม จันทร์ปิ่น,,ü,,,ü,ตรี,รัฐศาสตร์,รัฐประศาสนศาสตร์,ปวช,,,,,,,,,,,,,,,,,
,25/11/2025,Guntipta ratanvin,,ü,,,ü,โท,รัฐศาสตร์,รัฐประศาสนศาสตร์,ตรี,,,,,,,,,,,,,,,,,
,25/11/2025,Gunna melvinnu,,ü,,,ü,ตรี,บริหารธุรกิจ,การจัดการ,ม.6,,,,,,,,,,,,,,,,,
,25/11/2025,Fadeetor darhelsa,,ü,,,ü,ตรี,รัฐศาสตร์,รัฐประศาสนศาสตร์,ม.6,,,,,,,,,,,,,,,,,
,25/11/2025,Tipsamel ulvinom,,ü,,,ü,ตรี,บริหารธุรกิจ,การจัดการ,ม.6,,,,,,,,,,,,,,,,,
,25/11/2025,Fadarlu MELJOIX,,ü,,,ü,ตรี,บริหารธุรกิจ,การจัดการ,ม.6,,,,,,,,,,,,,,,,,
,25/11/2025,Tippemel raixlu,,ü,,,ü,ตรี,บริหารธุรกิจ,การจัดการ,กศน,,,,,,,,,,,,,,,,,
,25/11/2025,KITLUVIN,ü,,,,ü,โท/ตรี,รัฐศาสตร์,รัฐประศาสนศาสตร์,ตรี,,,0920719413,,,,,โทรใหม่หลังเลิกงาน,,,,,,,,,
,25/11/2025,BOCHAIJO2,ü,,,,ü,ตรี,บริหารธุรกิจ,การจัดการ,ม.6,ü,,0952963817,สมัครแล้ว,,,,,,,,,,,,,
,25/11/2025,ดีภู่,ü,,,,ü,ตรี,,,,,,0907927061,,,,,โทรใหม่หลังเลิกงาน,,,,,,,,,
,25/11/2025,เพ็ญสุข มณีกุล ,ü,,,,ü,ตรี,,,,,,0836188504,,,,,ขอดูค่าใช้จ่ายก่อน,,,,,,,,,
,25/11/2025,Nochai kitwannu,ü,,,,ü,ตรี,บริหารธุรกิจ,การจัดการ,ม.6,,,,,,,,,,,,,,,,,
,25/11/2025,JONUOM,ü,,,,ü,ตรี,บริหารธุรกิจ,การจัดการ,ปวส,,ü,0662354864,สมัครแล้ว,,,,,,,,,,,,,
,25/11/2025,Deedeevin Taomdee,ü,,,,ü,ตรี,รัฐศาสตร์,รัฐประศาสนศาสตร์,ปวส,,,,,,,,,,,,,,,,,
,25/11/2025,Melanmon,ü,,,,ü,ตรี,บริหารธุรกิจ,การจัดการ,ปวช,,,,,,,,,,,,,,,,,
,25/11/2025,Pongunmon,ü,,,,ü,ตรี,บริหารธุรกิจ,การจัดการ,ม.6,,,,,,,,,,,,,,,,,
,25/11/2025,MELUL_vinjovin,ü,,,,ü,ตรี,บริหารธุรกิจ,การจัดการ,ปวส,,,,,,,,,,,,,,,,,
,26/11/2025,Riwymon ,ü,,,,ü,ตรี,รัฐ/บริหาร,,กศน ,,,0640421687,,,,,โทร ยังไม่ตัดสินใจ,,,,,,,,,
,26/11/2025,FAFACHAI,ü,,,,ü,ตรี,บริหารธุรกิจ,การจัดการ,ปวส,,,0917542208>,,,,,ยังไม่ตัดสินใจ,,,,,,,,,
,26/11/2025,กัญฟ้า ดีขวัญ.,,ü,,,ü,ตรี,บริหารธุรกิจ,การจัดการ,ปวส,,,0944519821,,,,,ไม่รับสาย,,,,,,,,,
,26/11/2025,Gunsirpon  Luwypim,,ü,,,ü,ตรี,บริหารธุรกิจ,การจัดการ,ปวส,,,0919491153,,,,,ขอดูค่าใช้จ่ายก่อน,,,,,,,,,
,26/11/2025,Rapon Taomjo,,ü,,,ü,ตรี,บริหารธุรกิจ,การจัดการ,กศน,,,0957511353,,,,,ยังไม่ตัดสินใจ,,,,,,,,,
,26/11/2025,กัญทิพ รักนิ่ม,,ü,,,ü,ตรี,บริหารธุรกิจ,การจัดการ,ปวส,,,0615725290,,,,,ยังไม่ตัดสินใจ,,,,,,,,,
,26/11/2025,Ponta Kayachai,,ü,,,ü,ตรี,รัฐศาสตร์,รัฐประศาสนศาสตร์,กศน ,,,0939223742,,,,,สนใจสมัคร รอเงินเดือนออก,,,,,,,,,
,26/11/2025,Sanobo,,ü,,,ü,ตรี,รัฐศาสตร์,รัฐประศาสนศาสตร์,กศน,ü,,0924540572,สมัครแล้ว,,,,โทรใหม่หลังเลิกงาน,,,,,,,,,
,26/11/2025,Anixmel Nuyator,,ü,,,ü,ตรี,บริหารธุรกิจ,การจัดการ,ปวส,,,0940566474,,,,,โทรใหม่หลังเลิกงาน,,,,,,,,,
,27/11/2025,Nazen Anwanra,,ü,,,ü,ตรี,รัฐศาสตร์,รัฐประศาสนศาสตร์,ม.6,,,097-0485482,,,ขอเอกสารหลักสูตรทางไลน์,,ยังไม่ตัดสินใจ,,,,,,,,,
,27/11/2025,Kitfa Ixnuhel,,ü,,,ü,ตรี,บริหารธุรกิจ,การจัดการ,ม.6,,,0663587906,,,,,ขอปรึกษาครอบครัวก่อน,,,,,,,,,
,27/11/2025,Torra Bodarle,,ü,,,ü,ตรี,รัฐศาสตร์,รัฐประศาสนศาสตร์,ปวส,,,0938597352,29-Nov-2025,,,,,,,,,,,,,
,27/11/2025,Wannugun Omnaan,ü,,,,ü,ตรี,บริหารธุรกิจ,การจัดการ,ม.6,ü,,0663552509,สมัครแล้ว,,,,,,,,,,,,,
,28/11/2025,ฤดีเดือน,ü,,,,ü,ตรี,บริหารธุรกิจ,โลจิสติกส์ ,ม.6,,ü,0673731857,สมัครแล้้ว,,,,,,,,,,,,,
,28/11/2025,Meljo Pimjohel,,ü,,,ü,ตรี,บริหารธุรกิิจ,การจัดการ,ม.6,ü,,0952968620,สมัครแล้ว,,ทำงานกะดึก โทรหลัง 18.00 น.,,,,,,,,,,,
,28/11/2025,ชัยสุข กุลมณี,,ü,,,ü,ตรี,บริหารธุรกิจ,การจัดการ,ปวช,ü,,,,,มีประกันสังคม ถามเรื่องสิทธิ์,,,,,,,,,,,
,28/11/2025,Bogun Fanodee rathelzen,,ü,,,ü,ตรี,บริหารธุรกิจ,การจัดการ,กศน ,ü,,,,,ถามว่าต้องมาสอบที่มหาวิทยาลัยไหม,,,,,,,,,,,
,28/11/2025,Yape Gunyadar,,ü,,,ü,ตรี,บริหารธุรกิจ,การจัดการ,ม.6,,,,,,,,,,,,,,,,,
,28/11/2025,Deechairi Meltalu ,,ü,,,ü,ตรี,วิศวกรรมโยธา,,ป.ตรี,ü,,0650050376,28-Nov-2025,,,,ไม่รับสาย,,,,,,,,,
,28/11/2025,RILU,ü,,,ü,,ตรี,บริหารธุรกิจ,การตลาด,ปวช,ü,,,,,,,ยังไม่ตัดสินใจ,,,,,,,,,
,28/11/2025,Botorvin Anjowy,,ü,,,ü,ตรี,บริหารธุรกิจ,การจััดกา,ปวช,ü,,0972115936,,,,, ,,,,,,,,,
,29/11/2025,กิ่งนุช,,ü,,,ü,ตรี,,,,,,,,,,,,,,,,,,,,
,29/11/2025,Lutadar Melpimbo,,ü,,,ü,ตรี,บริหารธุรกิจ,การจัดการ,ปวส,,,,,,,,,,,,,,,,,
,29/11/2025,Ixchaiul Quanopon,,ü,,,ü,ตรี,บริหารธุรกิจ,การจัดการ,ม.6,,,,,,,,,,,,,,,,,
,29/11/2025,Joponhel Josonrat,,ü,,,ü,ตรี,บริหารธุรกิจ,การจัดการ,ปวช,,,,,,,,,,,,,,,,,
,29/11/2025,Verver,,ü,,,ü,ตรี,รัฐศาสตร์,รัฐประศาสนศาสตร์,ปวส,,,,,,,,,,,,,,,,,
,29/11/2025,Lepimka Wynumon,,ü,,,ü,โท,บริหารธุรกิจ,บริหารธุรกิจ,ป.ตรี,ü,,0663762770,สมัครแล้ว,,,,,,,,,,,,,
,30/11/2025,Lunu Napimra,,ü,,,ü,ตรี,บริหารธุรกิจ,โลจิสติกส์,ม.6,,,0919402828,สมัครแล้ว,,,,,,,,,,,,,
,30/11/2025,Ramelver  darsaya,,ü,,,ü,ตรี,บริหารธุรกิจ,การจัดการ,ม.6,,,,,,,,,,,,,,,,,
,30/11/2025,Verpimnu Ramonsa,,ü,,,ü,ตรี,บริหารธุรกิจ,การจัดการ,ปวท,,,,,,,,,,,,,,,,,
,30/11/2025,ยิ่งปิ่น ฤดีฟ้า,,ü,,,ü,ตรี,บริหารธุรกิจ,การจัดการ,ม.6,,,,,,,,,,,,,,,,,
,30/11/2025,Darhel Darhel,,ü,,,ü,ตรี,บริหารธุรกิจ,โลจิสติกส์,ปวช,,,,,,,,,,,,,,,,,
,1/12/2025,Daryale Omkabo,,ü,,,ü,ตรี,บริหารธุรกิจ,การจัดการ,ปวส,,,,,,,,,,,,,,,,,
,1/12/2025,พิมรุ่ง นิ่มมณี,,ü,,,ü,ตรี,บริหารธุรกิจ,การจัดการ,ม.6,,,,,,,,,,,,,,,,,
,1/12/2025,Wanbochai riixpe ,,ü,,,ü,ตรี,บริหารธุรกิจ,การจัดการ,ม.6,,,,,,ขอเวลาตัดสินใจ,,,,,,,,,,,
,1/12/2025,Wannosa Monleka,,ü,,,ü,โท,บริหารธุรกิจ,บริหารธุรกิจ,ตรี,,,,,,,,,,,,,,,,,
,1/12/2025,เพ็ญอุ่น.ฟ้าภัทร ภูมิพร้อม,,ü,,,ü,ตรี,รัฐศาสตร์,รัฐประศาสนศาสตร์,ปวส,,,,,,,,,,,,,,,,,
,2/12/2025,Wyquanu sonvinqua,,ü,,ü,,ตรี,นิติศาสตร์,นิติศาสตร์,ม.6,,,,,,,,,,,,,,,,,
,2/12/2025,Rana Pimtaya,,ü,,,ü,ตรี,บริหารธุรกิจ,การจัดการธุรกิจสุขภาพ,ปวส,,,,,,,,,,,,,,,,,
,2/12/2025,Tafa Ponbopon,,ü,,,ü,ตรี,รัฐศาสตร์,รัฐประศาสนศาสตร์,ตรี,,,,,,,,,,,,,,,,,
,2/12/2025,Montor Sirsonrat,,ü,,,ü,ตรี,รัฐศาสตร์,รัฐประศาสนศาสตร์,กศน,,,092-6102942,31-Mar-2026,,,,,,,,,,,,,
,2/12/2025,Chaison Chaison Bojole,,ü,,,ü,ตรี,บริหารธุรกิจ,การจัดการ,ปวช,,,,,,,,,,,,,,,,,
,2/12/2025,Ixchaiul Quanopon,,ü,,,ü,ตรี,บริหารธุรกิจ,การจัดการ,ม.6,,,,,,,,,,,,,,,,,
,3/12/2025,Kakadar Josonrat,,ü,,,ü,ตรี,บริหารธุรกิจ,การจัดการ,ปวช,,,,,,,,,,,,,,,,,
,5/12/2025,นิ่มแก้ว🌼🐼,,ü,,,ü,ตรี,บริหารธุรกิจ,การจัดการ,ม.6,,,091-8181574,,,,,,,,,,,,,,
,3/12/2025,Pimdardee Vinverpim,,ü,,,ü,ตรี,,,ม.6,,,067-7527216,,,,,โทร ยังไม่ตัดสินใจ,,,,,,,,,
,3/12/2025,Quata Tormelmel,,ü,,,ü,ตรี,,,ปวส,,,0901028855,,,,,ยังไม่ตัดสินใจ,,,,,,,,,
,10/12/2025,Pimwan Darripon,,ü,,,ü,ตรี,บริหารธุรกิจ,โลจิสติกส์,ปวช,,,0867551957,,,,,โทร ขอคิดดูก่อน,,,,,,,,,
,15/12/2025,Ververjo Pimramon,,ü,,,ü,ตรี,บริหารธุรกิจ,การจัดการ,ปวส,,,0953496952,22-Dec-2025,09:00-10:00,,,โทร ไม่รับสาย,,,,,,,,,
,16/12/2025,Sontip Noverul,,ü,,,ü,ตรี,บริหารธุรกิจ,การจัดการ,ม.6,,,083-6342944,31-Dec-2025,,อยากเรียนเฉพาะเสาร์อาทิตย์,,,,,,,,,,,
,19/12/2025,Luponqua Riyahel,,ü,,,ü,ตรี,บริหารธุรกิจ,การจัดการ,ปวส,,,0913306594,19-Dec-2025,,,,โทร ไม่รับสาย,,,,,,,,,
,19/12/2025,lufana 1664,ü,,,,ü,ตรี,รัฐศาสตร์,รัฐประศาสนศาสตร์,ปวช,,,0819956612,22-Dec-2025,,นัดชำระ 500 บาท,,นัดโทรอีกครั้งสัปดาห์หน้า,,,,,,,,,
,19/12/2025,Luix,ü,,ü,,,ตรี,บริหารธุรกิจ,การจัดการธุรกิจสมัยใหม่,ม.6,,,0912995102,20-Dec-2025,,,,ยังไม่ตัดสินใจ,ไม่รับสาย,,,,,,,,
,22/12/2025,ยิ่งภูมิ,ü,,,,ü,ตรี,บริหารธุรกิจ,การจัดการ,ม.6,,,,,,,,ขอคิดดูก่อน,,,,,,,,,
,22/12/2025,Pelesa,ü,,ü,,,ตรี,ศิลปศาสตร์,การโรงแรม,ม.6,,,,,,นัดชำระ 500 บาท,,,,,,,,,,,
,22/12/2025,สุขภัทร,ü,,,,ü,ตรี,รัฐศาสตร์,รัฐประศาสนศาสตร์,ม.6,,,,,,,,,,,,,,,,,
,22/12/2025,Wanjo,ü,,,,ü,ตรี,บริหารธุรกิจ,การจัดการ,ม.6,,,,,,,,,,,,,,,,,
,22/12/2025,Taom  Meltipan,ü,,,,ü,ตรี,บริหารธุรกิจ,การจัดการ,ม.6,,,,,,,,,,,,,,,,,
,22/12/2025,Pimtorul ภูมิจิต,ü,,,,ü,ตรี,บริหารธุรกิจ,การจัดการ,ม.6,,,,,,,,,,,,,,,,,
,23/12/2025,Nudarbo25,ü,,,,ü,ตรี,บริหารธุรกิจ,โลจิสติกส์,ปวช,,,,,,,,,,,,,,,,,
,23/12/2025,Sontajo Helpezen,ü,,,,ü,ตรี,รัฐศาสตร์,รัฐประศาสนศาสตร์,ป.ตรี,,,082-9090725,,,,,,,,,,,,,,
,23/12/2025,KADARZEN SARATIP,ü,,,,ü,ตรี,รัฐศาสตร์,รัฐประศาสนศาสตร์,ปวส,,,,,,,,,,,,,,,,,
,23/12/2025,นุชจันทร์,ü,,,,ü,ตรี,บริหารธุรกิจ,การจัดการ,ปวช,,,,,,,,,,,,,,,,,
,24/12/2025,Sonnawan Kanuvin,,ü,,,ü,ตรี,,,,,,,,,,,,,,,,,,,,
,24/12/2025,Talumel Yaomson,,ü,,,ü,ตรี,รัฐศาสตร์,รัฐประศาสนศาสตร์,ม.6,,,091-5903693,25-Nov-2025,,,,,,,,,,,,,
,24/12/2025,ณัฐรัก จันทร์ฟ้า ปรีดาขวัญ,,ü,,,ü,ตรี,บริหารธุรกิจ,การจัดการ,กศน ม.6,,,,,,,,,,,,,,,,,
,26/12/2025,น้ำทิพ น้ำทิพ,,ü,,,ü,ตรี,พยาบาลศาสตร์,พยาบาลศสาตร์,ม.6,,,0893591201,26-Dec-2025,,,,ขอดูค่าใช้จ่ายก่อน,,,,,,,,,
,26/12/2025,Omverwy Ultiprat,,ü,,,ü,ตรี,รัฐศาสตร์,รัฐประศาสนศาสตร์,ปวส,,,0629399527,26-Dec-2025,,จบ ปวส. ถามเรื่องเทียบโอน,,,,,,,,,,,
,26/12/2025,Melbohel Gunmondee,,ü,,,ü,ตรี,รัฐศาสตร์,รัฐประศาสนศาสตร์,ม.6,,,0995895267,26-Dec-2025,,,,,,,,,,,,,
,1/5/2026,Pimgunhel Tator,,ü,,,ü,ตรี,บริหารธุรกิจ,การจัดการ,ปวส,,,0645432341,5-Jan-2026,,,,,,,,,,,,,
,1/5/2026,Sontajo   Helpezen,,ü,,,ü,โท,บริหารธุรกิจ,บริหารธุรกิจ,ป.ตรี,,,0829090725,5-Jan-2026,,มีประกันสังคม ถามเรื่องสิทธิ์,น้ำฝน,สนใจสมัคร ขอเวลาตัดสินใจ,ยังไม่ตัดสินใจ,,,,,,,,
,1/10/2026,Lepim Deepequa,,ü,,,ü,ตรี,รัฐศาสตร์,รัฐประศาสนศาสตร์,ม.6,,,0636780288,12-Jan-2026,,,น้ำฝน,,,,,,,,,,
,1/12/2026,Sirkator Nasape,,ü,,,ü,ตร,รัฐศาสตร์,รัฐประศาสนศาสตร์,ม.6,,,0904347745,12-Jan-2026,,นัดชำระ 500 บาท,น้ำฝน,โทร ไม่ได้รับสาย,ขอดูค่าใช้จ่ายก่อน,,,,,,,,
,1/12/2026,Raverpe lusonmel,,ü,,,ü,ตรี,บริหารธุรกิจ,การจัดการ,ปวส.,,ü,0948288270,12-Jan-2026,,,มะลิ,ยังไม่ตัดสินใจ,,,,,,,,,
,1/12/2026,Darpimjo Bofasir,,ü,,ü,,ตรี,บัญชี,บัญชี,ม.6,,,0957874420,13-Jan-2026,,มีประกันสังคม ถามเรื่องสิทธิ์,น้ำฝน,,,,,,,,,,
,13/01/2026,Kagun Kagun ,,ü,,,ü,ตรี,บริหารธุรกิจ/รัฐศาสตร์,การจัดการ/รัฐประศาสนศาตร์,ปวช,,ü,0802201760,13-Jan-2026,,,มะลิ,โทร ยังไม่ตัดสินใจ,,,,,,,,,
,13/012026,นุชชื่น จิตมั่น,,ü,,,,ตรีี,ศึึกษาศาสตร์,,,,,,13-Jan-2026,,,มะลิ,,,,,,,,,,
,13/01/2026,Wanpimbo ixbochai,,ü,,ü,,ตรีี,สาธารณสุขศาสตร์,สาธารณสุขศาสตร์,ป.ตรีี ใบที่2,,,,13-Jan-2026,,,มะลิ,,,,,,,,,,
,13/01/2026,Rinope Ponwanra,,ü,,,ü,ตรีี,รัฐศาสตร์,รัฐประศาสนศาสตร์,ม.6,,,,13-Jan-2026,,,มะลิ,,,,,,,,,,
,13/01/2026,anponhel torkitmon,,ü,,,ü,ตรีี,บริหารธุรกิจ,การจัดการ,ม.6,,,,13-Jan-2026,,,มะลิ,,,,,,,,,,
,13/01/2526,Saripim Tipgunan Nupimdee,,ü,,,,ตรีี,ปฐมวัย,ปฐมวัย,,,,,13-Jan-2026,,,มะลิ,,,,,,,,,,
,14/01/2026,helledar  chainavin,,ü,,,,โท,รััฐศาสตร์,รัฐประศาสนศาสตร์,,,,,14-Jan-2026,,,มะลิ,,,,,,,,,,
,14/01/2026,Ponmonhel Lehelan,,ü,,,,โท,ศึกษาศาสตร์,,,,,,14-Jan-2026,,,มะลิ,,,,,,,,,,
,14/01/2026,จันทร์ฤดี ธิดาฤดี,,ü,,,,ตรีี,รัฐศาสตร์,รัฐประศาสนศาสตร์,ปวช,,,,14-Jan-2026,,,มะลิ,,,,,,,,,,
,14/01/2026,Deesaver Pimtipka Nuverhel,,ü,,,ü,ตรีี,บริหารธุรกิจ,การจักดาร,ม.6,,,,14-Jan-2026,,,มะลิ,,,,,,,,,,
,14/01/2026,ULZENLE'tazenwan Wananver Kitdarpon,,ü,,,ü,ตรีี,รัฐศาสตร์,รัฐประศาสนศาสตร์,ปวส.,,,0631026879,14-Jan-2026,,,มะลิิ,ขอดูค่าใช้จ่ายก่อน,,,,,,,,,
,14/01/2026,OMSAVER Kitfadee yasahel Pehelqua,,ü,,,ü,ตรีี,บริหารธุรกิจ/รัฐศาสตร์,โลจิสติกส์/รัฐประศาสนศาสตร์,ปวช/อนุปริญญา(ไม่สำเร็จการศึกษา),,,,14-Jan-2026,,,มะลิิ,ยังไม่ตัดสินใจ,,,,,,,,,
,14/01/2026,Kawytip Zenhelta,,ü,,ü,,,บริหารธุรกิจ,คอมพิวเตอร์ดิจิทัล,กศน.,,,,14-Jan-2026,,,มะลิ,,,,,,,,,,
,14/01/2026,Sirlugun,ü,,,,ü,ตรี,บริหารธุรกิจ,โลจิสติกส์,ม.6,,,,14-Jan-2026,,,น้ำฝน,,,,,,,,,,
,14/01/2026,Vinhelka Deetahel,,ü,,,ü,,,,,,,,14-Jan-2026,,,น้ำฝน,,,,,,,,,,
,14/01/2026,Radeepe Ompejo,,ü,,ü,,ตรี,บัญชี,บัญชี,ปวส,ü,,,14-Jan-2026,,,น้ำฝน,,,,,,,,,,
,14/01/2026,Tamonmon Chainoya,,ü,,,ü,ตรี,รัฐศาสตร์,รัฐประศาสนศาสตร์,ม.6,,,,14-Jan-2026,,,น้ำฝน,,,,,,,,,,
,14/01/2026,Satipchai Kitchaika,,ü,,,ü,โท,บริหารธุรกิจ,บริหารธุรกิจ,ป.ตรี,ü,,,15-Jan-2026,,,น้ำฝน,,,,,,,,,,
,15/01/2026,พิมรัก สินจิต,,ü,,,ü,ตรีี,รัฐศาสตร์,รัฐประศาสนศาสตร์,ปวส.,,,,15-Jan-2026,,,มะลิ,,,,,,,,,,
,15/01/2026,Katale Rifanu,,ü,,,ü,ตรีี,บริหารธุรกิจ,การจัดการ,ม.6,ü,,,15-Jan-2026,,,มะลิ,ขอปรึกษาครอบครัวก่อน,,,,,,,,,
,16/01/2026,ณัฐสิน เดือนปิ่น,,ü,,,ü,ตรี,รัฐศาสตร์,รัฐประศาสนศาสตร์,ปวส.,,,,16-Jan-2006,,,มะลิ,,,,,,,,,,
,16/01/2026,kitponsir.,ü,ü,,ü,,ตรี,บริหาร/บัญชี,,ม.6,,,,16-Jan-2006,,,มะลิ,,,,,,,,,,
,16/01/2026,saquasir Pekawan,,ü,,,ü,ตรี,รัฐศาสตร์,รัฐประศาสนศาสตร์,ปวส.,ü,,,16-Jan-2006,,,มะลิ,,,,,,,,,,
,16/01/2026,kitdeerat heltorul,,ü,,,ü,ตรี,บริหารธุรกิจ,โลจิสติกส์,ม.6,,,,16-Jan-2006,,,น้ำฝน,,,,,,,,,,
,16/01/2026,Quaperi  Chaison Melkajo,,ü,,,ü,ตรี,รัฐศาสตร์,รัฐประศาสนศาสตร์,ม.6,,,,16-Jan-2026,,,น้ำฝน,,,,,,,,,,
,16/01/2026,Sirkapim Ponfalu,,ü,,,ü,ตรี,บริหารธุรกิจ,โลจิสติกส์,กศน,,,,16-Jan-2026,,,น้ำฝน,,,,,,,,,,
,16/01/2026,วิไลปิ่น แก้วชื่น ,,ü,,,ü,ตรี,รัฐศาสตร์,รัฐประศาสนศาสตร์,ม.6,ü,,,16-Jan-2026,,,น้ำฝน,,,,,,,,,,
,17/01/2026,Monbovin melchaiqua,,ü,,,ü,ตรี,บริหารธุรกิจ,การจัดการ,ม.6,,,,17-Jan-2026,,,น้ำฝน,ขอคิดดูก่อน,,,,,,,,,
,17/01/2026,Wywy Meltaom Deenopon,,ü,,,ü,ตรี,รัฐศาสตร์,รัฐประศาสนศาสตร์,ปวช,,,,17-Jan-2026,,,น้ำฝน,,,,,,,,,,
,17/01/2026,Sondarpe Helandee,,ü,,,ü,ตรี,รัฐศาสตร์,รัฐประศาสนศาสตร์,กศน,ü,,085-2239525,17-Jan-2026,,,น้ำฝน,ขอปรึกษาครอบครัวก่อน,,,,,,,,,
,17/01/2026,Kitluhel Omul  Sontavin,,ü,,,ü,ตรี,บริหารธุรกิจ,การจัดการ,ม.6,,,,17-Jan-2026,,,น้ำฝน,,,,,,,,,,
,17/01/2026,เดือนภู่  นุชฟ้า,,ü,,,ü,,รัฐศาสตร์,รัฐประศาสนศาสตร์,กศน,ü,,,17-Jan-2026,,,น้ำฝน,,,,,,,,,,
,18/01/2026,Pekitpe Penuwy Penuwy ,,ü,,,ü,ตรีี,บริหารธุุรกิจ,โลจิสติกส์,ปวส.,,,,18-Jan-2026,,,มะลิ,,,,,,,,,,
,18/01/2026,รุ่งปิ่น นุชธัญ แก้วปิ่น,,ü,,,ü,ตรีี,บริหารธุรกิิจ,การจััดการ,กศน.,,,,18-Jan-2026,,,มะลิ,,,,,,,,,,
,18/01/2026,Tajonu Ripewy,,ü,,,ü,ตรีี,บริหารธุรกิจ,โลจิสติกส์,ปวส.,,,,18-Jan-2026,,,มะลิ,,,,,,,,,,
,18/01/2026,Vingunpe Jonarat,,ü,,,ü,ตรีี,รัฐศาสตร์,รัฐประศาสนศาสตร์,ม.6,,,,18-Jan-2026,,,มะลิ,,,,,,,,,,
,18/01/2026,Letipwan Anquara,,ü,,,ü,ตรีี,บริหารธุรกิจ,การจัดการ,ม.6,,,,18-Jan-2026,,,มะลิ,,,,,,,,,,
,18/01/2026,Versasir Gunsirqua,,ü,,,ü,ตรีี,บริหารธุรกิจ,การจัดการ,ม.6,ü,,,18-Jan-2026,,,มะลิ,,,,,,,,,,
,18/01/2026,Quakaver Nonaqua,,ü,,,ü,ตรีี,บริหารธุรกิจ,การจัดการ,กศน.,,,,18-Jan-2026,,,มะลิ,,,,,,,,,,
,19/01/2026,พร้อมชื่น สินขวัญ,,ü,,,ü,โท,บริหารธุรกิจ,บริิหารธุรกิจ,ป.ตรี,,,,19-Jan-2026,,,มะลิ,,,,,,,,,,
,19/01/2026,Quaponchai Faritip,,ü,,,ü,ตรีี,รัฐศาสตร์,รัฐประศาสนศาสตร์,ปวช.,ü,,,19-Jan-2026,,,มะลิ,,,,,,,,,,
,19/01/2026,Sirbo Darsonchai,,ü,,,ü,ตรีี,รัฐศาสตร์,รัฐประศาสนศาสตร์,ม.6,ü,,,19-Jan-2026,,,มะลิ,,,,,,,,,,
,19/01/2026,Darpim Darpim Zenraqua,,ü,,,ü,ตรี,บริหารธุรกิจ,โลจิสติกส์,ม.6,ü,,,19-Jan-2026,,,น้ำฝน,ขอคิดดูก่อน,,,,,,,,,
,19/01/2026,Sahelsa Kapele,,ü,,,ü,ตรี,รัฐศาสตร์,รัฐประศาสนศาสตร์,ม.6,,,,19-Jan-2026,,,น้ำฝน,,,,,,,,,,
,19/01/2026,Nohel Omchaison,,ü,,,ü,ตรี,บริหารธุรกิจ,โลจิสติกส์,ม.6,ü,,,19-Jan-2026,,,น้ำฝน,,,,,,,,,,
,19/01/2026,Tipkitwan omtoran,,ü,,ü,,ตรี,บัญชีี,บัญชีี,ม.6,,,,19-Jan-2026,,,น้ำฝน,,,,,,,,,,
,19/01/2026,ชื่นชื่น ชื่นชื่น,,ü,,,ü,ตรีี,บริหารธุรกิจ,การจัดการ,กศน,ü,,,19-Jan-2026,,,น้ำฝน,,,,,,,,,,
,19/01/2026,Omhelul sirnono,,ü,,,ü,โท,ดุริยางคศาสตร์,,ป.ตรี,,,,20-Jan-2026,,,น้ำฝน,,,,,,,,,,
,20/012026,ต้นภู่,,ü,,,ü,ตรี,รัฐศาสตร์,รัฐประศาสนศาสตร์,ปวส,ü,,,20-Jan-2026,,,น้ำฝน,,,,,,,,,,
,20/012026,darraom lukaul,,ü,,,ü,ตรี,บริหารธุรกิจ,การจัดการ,ปวส,,,,20-Jan-2026,,,น้ำฝน,,,,,,,,,,
,20/012026,พร้อมเพ็ญ.มั่นยิ่ง,,ü,,,ü,ตรี,บริหารธุรกิจ,การจัดการ,ปวส,ü,,,20-Jan-2026,,,น้ำฝน,,,,,,,,,,
,20/012026,Sirpimzen Vergunnu,,ü,,,ü,ตรี,รัฐศาสตร์,รัฐประศาสนศาสตร์,ม.6,,,,20-Jan-2026,,,น้ำฝน,โทร ปิดเครื่อง,โทร ไม่ได้รับสาย,,,,,,,,
,20/012026,Wywy Verdee,,ü,,,ü,ตรี,บริหารธุรกิิจ,การจัดการ,ปวช,ü,,,20-Jan-2026,,,น้ำฝน,ยังไม่ตัดสินใจ,,,,,,,,,
,20/012026,Siranson Fadeever,,ü,,,ü,ตรี,ผู้ช่วยพยาบาล,ผู้ช่วยพยาบาล,,,,,20-Jan-2026,,,มะลิ,,,,,,,,,,
,21/012026,Nonoya wanquakit,,ü,,,ü,ตรี,บริหารธุรกิจ,การจัดการ,ม.6,,,,20-Jan-2026,,,น้ำฝน,,,,,,,,,,
,21/012026,แก้วมั่น  ทิพอัญ,,ü,,,ü,ตรี,รัฐศาสตร์,รัฐประศาสนศาสตร์,,,,,21-Jan-2026,,,น้ำฝน,,,,,,,,,,
,21/012026,Yakamel Bonohel,,ü,,,ü,ตรี,รัฐศาสตร์,รัฐประศาสนศาสตร์,กศน,,,094-9888461,21-Jan-2026,,,น้ำฝน,นัดโทรอีกครั้งสัปดาห์หน้า,ขอดูค่าใช้จ่ายก่อน,,,,,,,,
,21/012026,Nuratbo Chaihelno,,ü,,,ü,ตรี,บริหารธุรกิจ,โลจิสติกส์,ปวส,,,,21-Jan-2026,,,น้ำฝน,,,,,,,,,,
,21/012026,Nopechai Nuwan,,ü,,,ü,ตรี,บริหารธุรกิจ,โลจิสติกส์/การจัดการ,ปวช,,,,21-Jan-2026,,,น้ำฝน,,,,,,,,,,
,21/012026,ทิพต้น บุญธิดา,,ü,,,ü,ตรี,บริหารธุรกิจ,การจัดการ,ม.6,ü,,,21-Jan-2026,,,น้ำฝน,,,,,,,,,,
,21/012026,Chaibo Ixpemel,,ü,,,ü,ตรี,บริหารธุรกิจ,โลจิสติกส์,ปวส,ü,,,21-Jan-2026,,,น้ำฝน,ไม่รับสาย,,,,,,,,,
,21/012026,Lujota Zenvinsir,,ü,,,ü,ตรี,รัฐศาสตร์,รัฐประศาสนศาสตร์,ปวส,,,,21-Jan-2026,,,มะลิิ,,,,,,,,,,
,22/01/2026,Monle Meltorrat,,ü,,,ü,ตรี,บริหารธุกิจ,การจัดการ,กศน,ü,,,22/1/2026,097-3278964,,น้ำฝน,ขอปรึกษาครอบครัวก่อน,,,,,,,,,
,22/01/2026,Kitixqua ,ü,,,,ü,ตรี,บริหารธุกิจ,โลจิสติกส์,ปวส,ü,,,22/1/2026,082-8741439,,น้ำฝน,ยังไม่ตัดสินใจ,ไม่รับสาย,,,,,,,,
,22/01/2026,พิมศิริ,ü,,,ü,,,วิศวกรรมศาสตร์,ไฟฟ้า,,,,,22-Jan-2026,,,มะลิ,,,,,,,,,,
,22/01/2026,pimtaix,ü,,,,ü,ตรีี,บริหารธุรกิิจ,โลจิสติกส์,,,,,22-Jan-2026,,,มะลิ,,,,,,,,,,
,22/01/2026,Ratdeechai  Zensonson ,,ü,,,ü,ตรี,บริหารธุรกิจ,การจัดการ,กศน,ü,,,22-Jan-2026,,,น้ำฝน,,,,,,,,,,
,22/01//2026,ZENWANKIT Nuyaan,,ü,,,ü,ตรี,วิศวกรรมศาสตร์,วิศวกรรมไฟฟ้า,ปวส,ü,,,22-Jan-2026,095-9524441,,น้ำฝน,ขอคิดดูก่อน,,,,,,,,,
,22/01//2026,Kitpimpon Pedarra,,ü,,,ü,ตรีี,บริหารธุรกิิจ,การจััดการ,ม.6/ปวส.,,,,22-Jan-2026,,,มะลิ,,,,,,,,,,
,22/01//2026,Kitson PONPONQUA,,ü,,,ü,ตรีี,บริหารธุรกิิจ,การจััดการ,ม.6,,,,22-Jan-2026,,,มะลิ,,,,,,,,,,
,23/01//2026,Nusonix Boixta,,ü,,,ü,ตรี,บริหารธุรกิจ,การจัดการ,ปวส.,ü,,,23-Jan-2026,0898608664,,น้ำฝน,ยังไม่ตัดสินใจ,,,,,,,,,
,23/01//2026,Zenranu Melkitsir,,ü,,,ü,ตรี,บริหารธุรกิจ,การจัดการ,ปวส.,,ü,,23-Jan-2026,0946959792,,น้ำฝน,ยังไม่ตัดสินใจ,,,,,,,,,
,23/01//2026,Josirpe Wykitul,,ü,,,ü,ตรี,บริหารธุรกิจ,การจัดการ,ม.6,,,,23-Jan-2026,,,น้ำฝน,ยังไม่ตัดสินใจ,,,,,,,,,
,23/01//2026,Wytipom Wytipom,,ü,,,ü,ตรี,บริหารธุรกิจ,การจัดการ,ม.6,,ü,,23-Jan-2026,,,น้ำฝน,ยังไม่ตัดสินใจ,,,,,,,,,
,23/01//2026,ฟ้านุช รุ่งอัญ,,ü,,,ü,ตรี,รัฐศาสตร์,รัฐประศาสนศาสตร์,ม.6,,,,23-Jan-2026,,,,,,,,,,,,,
,23/01//2026,Ixchaino Ratquata,,ü,,,ü,ตรีี,บริหารธุรกิจ,การจัดการ,ม.6,ü,,,23-Jan-2026,0617057553,,มะลิ,ขอปรึกษาครอบครัวก่อน,ยังไม่ตัดสินใจ,,,,,,,,
,23/01//2026,Lemonna Zenchaisir,,ü,,,ü,ตรีี,รัฐศาสตร์,รัฐประศาสนศาสตร์,กศน.,,,,23-Jan-2026,,,มะลิ,,,,,,,,,,
,25/01/2026,กิ่งวิไล สุขจันทร์,,ü,,,ü,ตรีี,รัฐศาสตร์,รัฐประศาสนศาสตร์,ปวช.,,,,25-Jan-2026,,,มะลิ,,,,,,,,,,
,25/01/2026,วันสุข,ü,,,ü,,ตรีี,บริหารธุรกิจ,การจัดการ,ปวช.,,,,25-Jan-2026,,,มะลิ,,,,,,,,,,
,26/01/2026,สินภู่ รักพิม,ü,,,,,ตรี,วิศวกรรมศาสตร์,โยธา,,,,,26-Jan-2026,,,มะลิ,,,,,,,,,,
,26/01/2026,Zenratjo Verkit,,ü,,,,โท,ศึกษาศาสตร์,บริหารการศึกษา,ป.ตรี,,,,26-Jan-2026,,,มะลิ,,,,,,,,,,
,26/01/2026,Kakitan Rizenpe Wanrason,,ü,,,ü,ตรี,บริหารธุกิจ,การจัดการ,ปวช.,,,,26-Jan-2026,,,มะลิ,,,,,,,,,,
,26/01/2026,ชัยใบ้ รุ่งนุช,,ü,,,ü,ตรี,รัฐศาสตร์,รัฐประศาสนศาสตร์,ม.6,ü,,,26-Jan-2026,,,มะลิ,,,,,,,,,,
,26/01/2026,Omnoqua Tasonna,,ü,,,ü,ตรี,รัฐศาสตร์,รัฐประศาสนศาสตร์,กศน ม.6,,,,26-Jan-2026,,,มะลิ,,,,,,,,,,
,26/01/2026,อุ่นกัญ.น้ำกิ่ง.อัญน้ำ,,ü,,,,ตรี,รัฐศาสตร์,รัฐประศาสนศาสตร์,ปวส.,,,,26-Jan-2026,,,มะลิ,,,,,,,,,,
,26/01/2026,พิมต้น ปั้นนุช,,ü,,,ü,ตรี,บริหารธุกิจ,การจัดการ,ม.6,ü,ü,0808172775,26-Jan-2026,,,มะลิ,ขอปรึกษาครอบครัวก่อน,,,,,,,,,
,26/01/2026,Bopimqua Wytipkit,,ü,,,ü,ตรีี,รัฐศาสตร์,รัฐประศาสนศาสตร์,ม.6,,,,26-Jan-2026,,,มะลิ,,,,,,,,,,
,27/01/2026,Quasirix Sondeehel,,ü,,,ü,ตรี,รัฐศาสตร์,รัฐประศาสนศาสตร์,ม.6,,,,27-Jan-2026,,,มะลิ,,,,,,,,,,
,27/01/2026,tadarno Dargunfa,,ü,,,,ตรี,บริหารธุกิจ,การจัดการ,ปวส.,,,,27-Jan-2026,,,มะลิ,,,,,,,,,,
,27/01/2026,Nazenver Ratnosir Darqua,,ü,,,ü,ตรี,บริหารธุกิจ,การจัดการ,กศน ม.6,ü,,,27-Jan-2026,,,มะลิ,,,,,,,,,,
,27/01/2026,ณัฐกิ่ง ปั้นพร้อม,,ü,,,ü,ตรี,บริหารธุกิจ,โลจิสติกส์,ม.6,ü,,0956995490,27-Jan-2026,,,มะลิ,,,,,,,,,,
,27/01/2026,Deegunri Lerano,,ü,,,ü,ตรี,บริหารธุกิจ,การจัดการ,ม.6,,ü,0913977741,27-Jan-2026,,,มะลิ,ขอคิดดูก่อน,,,,,,,,,
,27/01/2026,Tipjodar Bomontip,,ü,,,ü,ตรี,รัฐศาสตร์,รัฐประศาสนศาสตร์,ม.6,ü,,066-2272467,27-Jan-2026,16:00,,น้ำฝน,ไม่รับสาย,,,,,,,,,
,28/01/2026,Yaan,ü,,,,ü,ตรี,บริหารธุกิจ,การจัดการ,ม.6,ü,,097-2489054,28-Jan-2026,,,มะลิิ,,,,,,,,,,
,28/01/2026,Chailu Kitlele Ansiran,,ü,,,ü,ตรี,บริหารธุกิจ,การตลาด,ม.6,,,,28-Jan-2026,,,น้ำฝน,,,,,,,,,,
,28/01/2026,ปิ่นน้ำ อุ่นปรีดา,,ü,,,ü,ตรี,รัฐศาสตร์,รัฐประศาสนศาสตร์,ม.6,,,,28-Jan-2026,,,น้ำฝน,,,,,,,,,,
,28/01/2026,เดือนพิม ใบ้มั่น,,ü,,,ü,ตรี,บริหารธุกิจ,การจัดการ,ม.6,ü,,0827587192,28-Jan-2026,10:00,,น้ำฝน,ขอดูค่าใช้จ่ายก่อน,,,,,,,,,
,29/01/2026,Tawyom Melgunmel,,ü,,,ü,ตรี,บริหารธุกิจ,การจัดการ,ปวส.,,,,29-Jan-2026,,,มะลิ,,,,,,,,,,
,29/01/2026,Ranora Fanason Saanya,,ü,,,ü,ตรี,บริหารธุรกิจ,โลจิสติกส์,ม.6,ü,,,29-Jan-2026,,,น้ำฝน,ยังไม่ตัดสินใจ,,,,,,,,,
,29/01/2026,แก้วอัญ กุลใบ้,,ü,,,ü,ตรีี,บริหารธุกิจ,การจัดการ,ปวส.,,,0660564427,29-Jan-2026,,,มะลิ,,,,,,,,,,
,29/01/2026,Sonwanmel Monzendee,,ü,,,ü,ตรีี,บริหารธุกิจ,การจัดการ,ม.6,,,,29-Jan-2026,,,มะลิ,,,,,,,,,,
,29/01/2026,เพ็ญจิต,,ü,,,ü,ตรีี,บริหารธุกิจ,การจัดการ,ปวช.,,,,29-Jan-2026,,,มะลิ,,,,,,,,,,
,30/01/2026,แก้วใบ้ รักรุ่ง กัญมั่น,,ü,,,ü,ตรี,รัฐศาสตร์,รัฐประศาสนศาสตร์,ปวส.,,,,30-Jan-2026,,,มะลิ,โทร ยังไม่ตัดสินใจ,ขอดูค่าใช้จ่ายก่อน,ขอคิดดูก่อน,,,,,,,
,30/01/2026,kityapim'pondeebo jowyul,,ü,,,ü,ตรี,รัฐศาสตร์,รัฐประศาสนศาสตร์,ม.6,,,,30-Jan-2026,,,มะลิ,,,,,,,,,,
,30/01/2026,Ulixvin Pondeesir,,ü,,,ü,ตรี,บริหารธุรกิจ,โลจิสติกส์,ปวช.,,,,30-Jan-2026,,,มะลิ,,,,,,,,,,
,31/01/2026,ปั้นรุ่ง  ปั้นรุ่ง,,ü,,,ü,ตรี,บริหารธุรกิจ,โลจิสติกส์,ม.6,ü,,060-8926169,31-Jan-2026,09:00,เคยสมัครไว้ปีที่แล้ว,น้ำฝน,,,,,,,,,,
,31/01/2026,Riponta Naanya ,,ü,,,ü,ตรี,บริหารธุรกิจ,การจัดการ,ปวส,ü,,082-0127034,31-Jan-2026,13:00,สะดวกคุยทางไลน์มากกว่า,น้ำฝน,,,,,,,,,,
,31/01/2026,TAGUNZEN,,ü,,,ü,ตรี,บริหารธุรกิจ,โลจิสติกส์,ม.6,,,,31-Jan-2026,,ทำงานกะดึก โทรหลัง 18.00 น.,น้ำฝน,,,,,,,,,,
,31/01/2026,Jochai Pimpimul,,ü,,,ü,ตรี,รัฐศาสตร์,รัฐประศาสนศาสตร์,ปวส,,,,31-Jan-2026,,,น้ำฝน,,,,,,,,,,
,31/01/2026,Kitlu noraix,,ü,,,ü,ตรี,วิศวกรรมศาสตร์,วิศวกรรมศาสตร์,ปวส,,,,31-Jan-2026,,,น้ำฝน,ขอคิดดูก่อน,,,,,,,,,
,31/01/2026,Sonixtip   ,ü,,,,ü,ตรี,บริหารธุรกิจ,โลจิสติกส์,ปวส,,ü,060-0709830,31-Jan-2026,15:00,,น้ำฝน,ไม่รับสาย,,,,,,,,,
,2/1/2026,วันแก้ว มั่นณัฐ,,ü,,,,ตรีี,วิศวกรรมศาสตร์,โยธา,ปวส.,,,,1-Feb-2026,,,มะลิิ,,,,,,,,,,
,2/1/2026,Luzenchai Sirtorle,,ü,ü,,,ตรีี,บริหารธุรกิจ,การตลาด,,,,,1-Feb-2026,,,มะลิ,,,,,,,,,,
,2/2/2026,Kitnofa Ranuta,,ü,,,ü,ตรี,รัฐศาสตร์,รัฐประศาสนศาสตร์,ปวส,ü,,,2-Feb-2026,,,น้ำฝน,นัดโทรอีกครั้งสัปดาห์หน้า,ขอให้ติดต่อใหม่ช่วงเย็น,,,,,,,,
,2/2/2026,Torverbo Saixfa,,ü,,,ü,ตรี,บริหารธุรกิจ,การจัดการ,ปวส,ü,,,2-Feb-2026,,,น้ำฝน,,,,,,,,,,
,2/2/2026,HELCHAIPON' Deeixdar Satipsir,,ü,,,ü,ตรี,บริหารธุกิจ,การจัดการ/โลจิส,ปวส,,,,3-Feb-2026,,,น้ำฝน,,,,,,,,,,
,2/3/2026,Tadee pimtorsir ,,ü,,,ü,ตรี,บริหารธุรกิจ,การจัดการ/โลจิิส,ปวช,,ü,,3-Feb-2026,,,น้้ำฝน,,,,,,,,,,
,2/3/2026,พร้อมธิดา บุญปิ่น จิตณัฐ,,ü,,,ü,ตรี,บริหารธุกิจ,โลจิสติกส์,ปวช,,ü,,3-Feb-2026,,,น้ำฝน,ขอดูค่าใช้จ่ายก่อน,,,,,,,,,
,2/3/2026,ยิ่งน้ำ ยิ่งน้ำ กัญชัย,,ü,,,ü,ตรี,รัฐศาสตร์,รัฐประศาสนศาสตร์,ม.6,,,,3-Feb-2026,,,น้ำฝน,,,,,,,,,,
,2/4/2026,Zenhelta Zentorwy,,ü,,,ü,ตรีี,รัฐศาสตร์,รัฐประศาสนศาสตร์,กศน.,,,,4-Feb-2026,,,มะลิ,,,,,,,,,,
,2/5/2026,Raleta,ü,,,,ü,ตรีี,บริหารธุกิจ,โลจิสติกส์,ม.6,,,,5-Feb-2026,,,มะลิ,,,,,,,,,,
,2/5/2026,Noraya Omwanom,,ü,,ü,,ตรีี,วิศวกรรมศาสตร์,วิศวโยธา,ป.ตรี,ü,,095-3123133,5-Feb-2026,,,มะลิ,ขอคิดดูก่อน,ขอดูค่าใช้จ่ายก่อน,ขอดูค่าใช้จ่ายก่อน,,,,,,,
,2/5/2026,วันอัญ นุชปิ่น,,ü,,,ü,ตรี,รัฐศาสตร์,รัฐประศาสนศาสตร์,ปวส,ü,,090-479-1407,5-Feb-2026,16:00,,น้ำฝน,ขอคิดดูก่อน,ขอคิดดูก่อน,,,,,,,,
,2/5/2026,Noul Taverwy,,ü,,,ü,ตรี,บริหารธุรกิจ,การจัดการ,ปวช,,,,5-Feb-2026,,,น้ำฝน,,,,,,,,,,
,2/5/2026,Leulfa Wankaya,,ü,,,ü,ตรี,บริหารธุรกิจ,การจัดการ,ม.6,ü,,,5-Feb-2026,,,น้ำฝน,,,,,,,,,,
,2/5/2026,Verquaver Quaritor,,ü,,,ü,ตรีี,รัฐศาสตร์,รัฐประศาสนศาสตร์,ม.6,,,,5-Feb-2026,,,มะลิ,,,,,,,,,,
,2/5/2026,Zenleya Veroman,,ü,,,,,,,ปวส.,,,090-3820537,5-Feb-2026,,ขอเวลาตัดสินใจ,,,,,,,,,,,
,2/6/2026,Wyan Wyan,,ü,,,ü,ป.โท,บริหารธุรกิจ,บริหารธุกิจ,ป.ตรี,,,0620240629,6-Feb-2026,,แอดไลน์กลับมาเรียบร้อยแล้ว,มะลิ,,,,,,,,,,
,2/8/2026,Pimhelwan Lusontor Rimonnu,,ü,,,ü,ตรี,บริหารธุรกิจ,การจัดการ,ม.6,,,,8-Feb-2026,,,มะลิ,,,,,,,,,,
,2/8/2026,Nuveran Ritadee,,ü,,,ü,ตรี,รัฐศาสตร์,รัฐประศาสนศาสตร์,ม.6,,,,8-Feb-2026,,,มะลิ,,,,,,,,,,
,2/8/2026,Noixsir,ü,,,,ü,ตรี,บริหารธุรกิจ,การจัดการ,ปวช.,,,090-3806125,8-Feb-2026,,สอบถามเรื่องทุนการศึกษา,มะลิ,ขอคิดดูก่อน,,,,,,,,,
,2/8/2026,kapesir,ü,,,,ü,ตรีี,บริหารธุรกิจ,การจัดการ,ปวส.,,,,8-Feb-2026,,,มะลิ,,,,,,,,,,
,2/8/2026,kitompe,ü,,,,ü,ตรีี,รัฐศาสตร์,รัฐประศาสนศาสตร์,ปวส.,,,,8-Feb-2026,,,มะลิ,ขอปรึกษาครอบครัวก่อน,,,,,,,,,
,2/9/2026,Chairaka Chairaka,ü,,,,ü,ตรีี,บริหารธุรกิจ,การจัดการ,ม.6,,,,9-Feb-2026,,,มะลิ,,,,,,,,,,
,2/10/2026,Yanu Helchaino,ü,,,,ü,ตรีี,บริหารธุกิจ,โลจิสติกส์,ปวส.,,,,10-Feb-2026,,,มะลิ,,,,,,,,,,
,2/10/2026,Wanramel Pimnover,,ü,,,ü,โท,บริหารธุกิจ,บริหารธุกิจ,ป.ตรีี,,,,10-Feb-2026,,,มะลิ,,,,,,,,,,
,2/10/2026,Ludeemon Napewy,,ü,,,,ตรีี,รัฐศาสตร์,รัฐประศาสนศาสตร์,กศน.,,,,10-Feb-2026,,,มะลิ,,,,,,,,,,
,2/10/2026,กิ่งขวัญ ปั้นวิไล,,ü,,,,ตรีี,รัฐศาสตร์,รัฐประศาสนศาสตร์,ปวช.,,,,10-Feb-2026,,,มะลิ,,,,,,,,,,
,2/11/2026,Satorno Chaisir,,ü,,,ü,ตรี,บริหารธุรกิจ,การจัดการ,ปวช.,,,,11-Feb-2026,,,มะลิ,,,,,,,,,,
,2/11/2026,ขวัญน้ำ ทิพชัย,,ü,,,ü,ตรี,บริหารธุรกิจ,การจัดการ,ม.6,,,,11-Feb-2026,,,มะลิ,,,,,,,,,,
,2/11/2026,นุชมณี ยิ่งอุ่น,,ü,,,ü,ตรี,,,ปวช.,,,,11-Feb-2026,,,มะลิ,,,,,,,,,,
,2/11/2026,Kaqua Lefaom,,ü,,,ü,ตรี,บริหารธุรกิจ,การจัดการ,กศน.,,,,11-Feb-2026,,,มะลิ,,,,,,,,,,
,2/11/2026,ขวัญชื่น,ü,,ü,,,ตรีี,ดุริยางคศาสตร์,ดนตรีศึกษา,,,,,11-Feb-2026,,,มะลิ,ยังไม่ตัดสินใจ,,,,,,,,,
,2/11/2026,ชื่นทิพ จิตสุข,,ü,,,ü,ตรี,บริหาร/รัฐศาสตร์,การจััดการ/รัฐประศาสนศาสตร์,ปวส./ป.ตรี,,,,11-Feb-2026,,,มะลิ,,,,,,,,,,
,2/11/2026,chaiangun,ü,,,,ü,ตรีี,บริหารธุรกิจ,การจัดการ,ม.6,,,,11-Feb-2026,,,มะลิ,ขอคิดดูก่อน,,,,,,,,,
,2/11/2026,Zenanya Torixzen,,ü,,,ü,ตรีี,บริหารธุรกิจ,การจัดการ,ม.6,,,,11-Feb-2026,,,มะลิิ,,,,,,,,,,
,2/11/2026,ANSIRZEN RATKITZEN,ü,,,,ü,ตรีี,บริหารธุกิจ,โลจิสติกส์,ปวส.,,,090-4434814,11-Feb-2026,,,มะลิิ,ยังไม่ตัดสินใจ,,,,,,,,,
,2/11/2026,Ullerat Deewanpe,,,,,,,,,,,,091-0496655,11-Feb-2026,,,มะลิิ,ยังไม่ตัดสินใจ,,,,,,,,,
,2/12/2026,เดือนดี สุขปิ่น ยิ่งกัญ,,ü,,,ü,ตรี,รัฐศาสตร์,รัฐประศาสนศาสตร์,กศน.,,,,12-Feb-2026,,,มะลิิ,,,,,,,,,,
,2/12/2026,Pebokit Luandar,,ü,,,ü,ตรี,บริหารธุรกิจ,การจัดการ,กศน.,,,,12-Feb-2026,,,มะลิ,,,,,,,,,,
,2/12/2026,Tipwyson Nakasa,,ü,,,ü,ตรี,บริหารธุรกิจ,โลจิสติกส์,ปวช.,,,,12-Feb-2026,,,มะลิ,,,,,,,,,,
,2/12/2026,ศิริอุ่น พร้อมดี. ณัฐศิริ darulpim,ü,,,ü,,,วิทยาศาสตร์และเทคโนโลยี,สารสนเทศ,กศน.,,,061-2301818,12-Feb-2026,,,มะลิ,ขอคิดดูก่อน,,,,,,,,,
,14/02/2026,Ponratnu wyluqua Anomix,ü,,,ü,,ตรี,พยาบาลศาสตร์,ผู้ช่วยพยาบาล,ป.ตรี,,,,14-Feb-2026,,,น้ำฝน,ขอคิดดูก่อน,,,,,,,,,
,14/02/2026,Lunakit Naverpim,ü,,,,ü,ตรี,รัฐศาสตร์,รัฐประศาสนศาสตร์,ป.ตรี,,,081-4109709,15-Feb-2026,15:00,,มะลิ,,,,,,,,,,
,14/02/2026,Radarchai Rayape,ü,,,,ü,ตรี,บริหารธุรกิจ,การจัดการ,ปวส,,,,14-Feb-2026,,,น้ำฝน,,,,,,,,,,
,14/02/2026,Vinyajo Pechaina,ü,,,,ü,ตรี,บริหารธุรกิจ,การจัดการ,ปวส,,,,14-Feb-2026,,,น้้ำฝน,,,,,,,,,,
,14/02/2026,นุชชัย  มั่นขวัญ,ü,,,,ü,ตรี,บริหารธุรกิจ,การจัดการ,ปวช,,,,14-Feb-2026,,,น้ำฝน,,,,,,,,,,
,14/02/2026,Guntaka bosirul,ü,,,,ü,ตรี,รัฐศาสตร์,รัฐประศาสนศาสตร์,ม.6,,,,14-Feb-2026,,,น้ำฝน,,,,,,,,,,
,15/02/2026,Darlefa-Ulponfa Torqua,,ü,,,ü,ตรีี,บริหารธุกิจ,การจัดการ,ปวช.,,,,15-Feb-2026,,,มะลิ,,,,,,,,,,
,15/02/2026,กุลกุล กุลกุล,,ü,,ü,,ตรีี,วิศวกรรมศาสตร์,โยธา,ปวช.,,,,15-Feb-2026,,,มะลิ,,,,,,,,,,
,16/02/2026,Lewytip Ratratjo,,ü,,,ü,ตรีี,บริหารธุกิจ,,,,,,16-Feb-2026,,ส่งวุฒิมาให้ดูเทียบโอนหน่วยกิต,มะลิ,,,,,,,,,,
,16/02/2026,Torpehel,ü,,,,ü,ตรี,บริหารธุกิจ,การจัดการ,ซิ่ว,,,088-6200372,16-Feb-2026,,,มะลิ,ขอปรึกษาครอบครัวก่อน,,,,,,,,,
,16/02/2026,Melpimul Torzenmon,ü,,,,ü,ตรี,บริหารธุรกิจ,การจัดการ,กศน,ü,,,16-Feb-2026,,,น้ำฝน,,,,,,,,,,
,16/02/2026,Sirsirzen Lepewan Lelezen,ü,,,,ü,ตรี,บริหารธุรกิจ,การจัดกา,ปวส,,,,16-Feb-2026,,,น้ำฝน,,,,,,,,,,
,16/02/2026,Gunvin Sanura,ü,,,,ü,ตรี,รัฐศาสตร์,รัฐประศาสนศาสตร์,ม.6,,,,16-Feb-2026,,,น้ำฝน,,,,,,,,,,
,17/02/2026,กุลพร้อม.พร้อมจิต.10 นิ่มวัน,ü,,,,ü,ตรี,รัฐศาสตร์,รัฐประศาสนศาสตร์,ม.6,,,,17-Feb-2026,,,มะลิ,,,,,,,,,,
,17/2/2026,Noraya Noraya,,ü,,ü,,ตรี,วิศวกรรมศาสตร์,โยธา,ป.ตรี,ü,,095-3123133,17-Feb-2026,,,น้ำฝน,ขอคิดดูก่อน,ขอดูค่าใช้จ่ายก่อน,ขอดูค่าใช้จ่ายก่อน,,,,,,,/
,22/02/2026,รักเดือน,ü,,,,ü,ตรี,รัฐศาสตร์,รัฐประศาสนศาสตร์,ม.6,,,,22-Feb-2026,,ทำงานกะดึก โทรหลัง 18.00 น.,มะลิ,,,,,,,,,,/
,23/02/2026,วิไลบุญ จิตธิดา,,ü,,,ü,ตรีี,บริหารธุรกิิจ,โลจิสจิกส์,กศน.,,,,23-Feb-2026,,,มะลิิ,,,,,,,,,,
,24/2/2026,Omulri Sonsirmon,,ü,,ü,,ตรี,บริหารธุรกิจ,คอมพิวเตอร์ธุรกิจดิจิทัล,ปวส,,,,24-Feb-2026,,,น้ำฝน,,,,,,,,,,
,24/02/2026,Ponanmon Helsari,,ü,,,ü,โท,รัฐศาสตร์,รัฐประศาสนศาสตร์,ป.ตรี,,,,24-Feb-2026,,,น้ำฝน,ยังไม่ตัดสินใจ,,,,,,,,,
,24/02/2026,Yatipbo Taluul,,ü,,,ü,ตรี,บริหารธุรกิจ,การจัดการ,ปวช,,,091-9940272,24-Feb-2026,,,น้ำฝน,ขอปรึกษาครอบครัวก่อน,ยังไม่ตัดสินใจ,,,,,,,,
,24/02/2026,รุ่งณัฐ เดือนนิ่ม,,ü,,,ü,ตรี,บริหารธุรกิจ,การจัดการ,ม.6,,,,24-Feb-2026,,,น้ำฝน,,,,,,,,,,
,24/02/2026,Meltipsir Wynoson,,ü,,,ü,ตรี,บริหารธุรกิจ,การจัดการ,กศน,,,,24-Feb-2026,,,น้ำฝน,,,,,,,,,,
,24/02/2026,Verson Katana,,ü,,,ü,ตรี,บริิหารธุรกิจ,การจัดการ,ม.6,,,,24-Feb-2026,,,น้ำฝน,ขอดูค่าใช้จ่ายก่อน,,,,,,,,,
,24/02/2026,HELSON' Nadee Leomri Fafasa,,ü,,,ü,โท,บริหารธุรกิจ,บริหาร,ป.ตรี,,,,24-Feb-2026,,,น้ำฝน,,,,,,,,,,
,25/02/2026,รุ่งจันทร์ กัญวิไล,,ü,,,ü,ตรี,บริหารธุรกิิจ,โลจิสจิกส์,ปวช.,,,,26-Feb-2026,,,มะลิ,,,,,,,,,,
,26/02/2026,ravinix omgunrat,,ü,,,ü,ตรี,รัฐศาสตร์,รัฐประศาสนศาสตร์,ปวส.,,,068-9493221,26-Feb-2026,,,มะลิ,,,,,,,,,,
,27/02/2026,Nojo Ledeean,,ü,,,ü,ตรี,รัฐศาสตร์,รัฐประศาสนศาสตร์,ปวส.,,,,27-Feb-2026,,,มะลิ,,,,,,,,,,
,27/02/2026,Rayahel Melratver,,ü,,,ü,ตรีี,บริหารธุรกิิจ,โลจิสจิกส์,กศน.,,,065-671-1853,27-Feb-2026,,นัดชำระ 500 บาท,มะลิ,,,,,,,,,,
,27/02/2026,Kitzenan Ankithel,,ü,,ü,,ตรี,บริหารธุรกิจ,คอมพิิวเตอร์,,,,087-7889473,27-Feb-2026,,อยากเรียนเฉพาะเสาร์อาทิตย์,มะลิ,,,,,,,,,,
,27/02/2026,Sirfapim Helboom Kitkaya,,ü,,,ü,ตรี,บริหารธุรกิจ,การจัดการ,กศน.,,,,27-Feb-2026,,,มะลิ,,,,,,,,,,
,27/02/2026,Torriul Luvintip,,ü,,,ü,ตรี,บริหารธุรกิจ,,ปวส./ป.ตรี,,,,27-Feb-2026,,,มะลิ,,,,,,,,,,
,01/03/20265,ภูมิกุล ฤดียิ่ง,,ü,,ü,,ตรี,บัญชี,บัญชี,กศน.,,,,1-Mar-2026,,,มะลิ,,,,,,,,,,
,01/03/20265,ทิพวิไล มั่นเพ็ญ.,,ü,ü,,,โท,ศึกษาศาสตร์,บริิหารธุรกิจ,ป.ตรีี,,,,1-Mar-2026,,,มะลิ,,,,,,,,,,
,01/03/20265,Verkitgun Raleka,,ü,,,ü,ตรีี,บริหารธุรกิจ,การจัดการ,กศน.,,,,1-Mar-2026,,ช่่วงเย็นสะดวกคุย,มะลิ,,,,,,,,,,
,01/03/20265,Jochaiwan Kitnata,,ü,,,ü,ตรี,บริหารธุรกิจ,การจัดการ,ม.6,,,,1-Mar-2026,,,มะลิ,,,,,,,,,,
,01/03/20265,Melwanrat Torponwan,,ü,,,ü,ตรี,รัฐศาสตร์,รัฐประศาสนศาสตร์,กศน.,,,,1-Mar-2026,,,มะลิ,,,,,,,,,,
,01/03/20265,Monix Ponhelchai,,ü,,ü,,ตรี,วิิศวกรรมศาสตร์,โยธา,ปวส.,,,,1-Mar-2026,,ช่่วงเย็นสะดวกคุย,มะลิ,,,,,,,,,,
,01/03/20265,Wyfara Wanno,,ü,,,ü,ตรีี,บริหารธุรกิจ,การจัดการ,ปวส.,,,,1-Mar-2026,,,มะลิ,,,,,,,,,,
,01/03/20265,นุชรัก อุ่นจิต,,ü,,,ü,ตรีี,บริหารธุรกิจ,การจัดการ,ปวส.,,,,1-Mar-2026,,,มะลิ,ขอดูค่าใช้จ่ายก่อน,,,,,,,,,
,01/03/20265,Ratlebo'ulludee Zengun Meltipsa,,ü,,,ü,ตรีี,บริหารธุรกิิจ,โลจิสจิกส์,ม.6,,,,1-Mar-2026,,,มะลิ,,,,,,,,,,
,01/03/20265,Ulsari Pimwyno,,ü,,,ü,ตรีี,บริหารธุรกิจ,การจัดการ,ม.6,,,,1-Mar-2026,,,มะลิ,,,,,,,,,,
,2/3/2026,Zenomrat Natabo,,ü,,,ü,ตรีี,บริหารธุรกิจ,การจัดการ,ปวส.,,,,2-Mar-2026,,,มะลิ,,,,,,,,,,
,2/3/2026,Nonopim Ixanta,,ü,,,ü,ตรีี,บริหารธุรกิจ,การจัดการ,ม.6,,,,2-Mar-2026,,,มะลิ,,,,,,,,,,
,2/3/2026,ชื่นสุข,ü,,ü,,,ตรีี,ศึึกษาศาสตร์,ปฐมวัย,,,,,2-Mar-2026,,,น้ำฝน,,,,,,,,,,
,3/3/2026,,ü,,,,ü,ตรีี,บริหารธุรกิจ,โลจิิสติกส์,ม.6,ชำระตรง,,,3-Mar-2026,,,มะลิิ,,,,,,,,,,
,3/3/2026,เพ็ญปั้น ยิ่งจิต,,ü,,,ü,ตรี,บริหารธุรกิจ,โลจิิสติกส์,ปวช.,ชำระตรง,,,3-Mar-2026,,,มะลิ,,,,,,,,,,
,4/3/2026,Wynabo Vintip,,ü,,,ü,ตรี,บริหารธุรกิจ,การจัดการ,ม.6,ชำระตรง,,,4-Mar-2026,,,น้ำฝน,ขอดูค่าใช้จ่ายก่อน,,,,,,,,,
,4/3/2026,แก้วธัญ ต้นชื่น,,ü,,,,ตรี,บริหารธุรกิจ,การจัดการ,ม.6,ชำระตรง,,066-5936970,4-Mar-2026,,,น้ำฝน,ขอคิดดูก่อน,,,,,,,,,
,4/3/2026,เดือนนิ่ม เดือนนิ่ม,,ü,,,,ตรี,บริหารธุรกิจ,การจัดกา,กศน,,,,4-Mar-2026,,,น้ำฝน,,,,,,,,,,
,4/3/2026,ต้นรุ่ง อุ่นกิ่ง,,ü,,,,ตรี,รัฐศาสตร์,รัฐประศาสนศาสตร์,ม.6,,,,4-Mar-2026,,,น้ำฝน,ขอคิดดูก่อน,,,,,,,,,
,5/3/2026,อุ่นปิ่น นุชปรีดา,,ü,,,,ตรี,รัฐศาสตร์,รัฐประศาสนศาสตร์,ม.6,ชำระตรง,,,5-Mar-2026,,,มะลิ,,,,,,,,,,
,6/3/2026,Jogunqua pontipbo,,,,,,ตรี,สาธารณสุขศาสตร์,สาธารณสุขศาสตร์,,,,,6-Mar-2026,,อยากเรียนเฉพาะเสาร์อาทิตย์,มะลิ,,,,,,,,,,
,6/3/2026,Rilepim Montorix,,ü,,,ü,ตรี,รัฐศาสตร์,รัฐประศาสนศาสตร์,ม.6,,,,6-Mar-2026,,,น้ำฝน,,,,,,,,,,
,6/3/2026,Pimno Gunsonzen,,ü,,,ü,,รัฐศาสตร์,รัฐประศาสนศาสตร์,ปวช,,,,6-Mar-2026,,,น้ำฝน,,,,,,,,,,
,6/3/2026,Quaomchai-bovinfa Verix,,ü,,,ü,ตรี,บริหารธุรกิจ,การจัดการ,ปวส,,,,6-Mar-2026,,,น้้ำฝน,,,,,,,,,,
,7/3/2026,Nosirmon Dargunan,,ü,,,ü,ตรี,ศึกษาศาสตร์,,ม.6,,,,6-Mar-2026,,นัดชำระ 500 บาท,น้ำฝน,,,,,,,,,,
,7/3/2026,แก้วอุ่น ,,ü,,,ü,ป.เอก,,,ป.โท,,,,7-Mar-2026,,ขอเวลาตัดสินใจ,น้ำฝน,,,,,,,,,,
,7/3/2026,มณีภู่ พร้อมแก้ว,,ü,,ü,,ตรี,วิศวกรรมศาสตร์,ไฟฟ้า,ป.ตรี,,,088-2726856,7-Mar-2026,,สะดวกคุยทางไลน์มากกว่า,น้ำฝน,,,,,,,,,,
,7/3/2026,Tormon Joridar,,ü,,,ü,ตรี,รัฐศาสตร์,รัฐประศาสนศาสตร์,,,,,7-Mar-2026,,,น้ำฝน,,,,,,,,,,
,7/3/2026,Nuwan rayaul,,ü,,,ü,ตรี,รัฐศาสตร์,รัฐประศาสนศาสตร์,ม.6,,,,7-Mar-2026,,,น้ำฝน,,,,,,,,,,
,7/3/2026,MELUL johelmel RASAIX,,ü,,,ü,ตรี,รัฐศาสตร์,รัฐประศาสนศาสตร์,ป.ตรี,,,,7-Mar-2026,,,น้ำฝน,,,,,,,,,,
,7/3/2026,พร้อมรุ่ง รุ่งภู่,,ü,,,ü,ตรี,บริหารธุกิจ,การจัดการ,ม.6,,,,7-Mar-2026,,,น้ำฝน,,,,,,,,,,
,8/3/2026,Zensara Ombonu,,ü,,,ü,ตรี,บริหารธุกิจ,การจัดการ,ปวส.,,,,8-Mar-2026,,,มะลิ,,,,,,,,,,
,8/3/2026,กุลชื่น ณัฐทิพ ปิ่นพร้อม,,ü,,,ü,ตรี,บริหารธุกิจ,การจัดการ,ม.6,,,,8-Mar-2026,,,มะลิ,,,,,,,,,,
,8/3/2026,กัญขวัญ'พร้อมจิต ต้นต้น,,ü,,,ü,ตรี,บริหารธุกิจ,การจัดการ,ม.6,,กู้,,8-Mar-2026,,,มะลิ,,,,,,,,,,
,9/3/2026,quasonpim nusabo,,ü,,,ü,ตรี,บริหารธุกิจ,โลจิสติกส์,กศน.,ชำระตรง,,,9-Mar-2026,,,มะลิ,,,,,,,,,,
,3/10/2026,kitkitri takitson,,ü,,,ü,ตรี,บริหารธุกิจ,การจัดการ,ม.6,,,,10-Mar-2026,,,มะลิ,,,,,,,,,,
,3/10/2026,Torfabo Raponul,,ü,,,ü,ตรี,รัฐศาสตร์,รัฐประศาสนศาสตร์,ปวส.,,,,10-Mar-2026,,,มะลิ,,,,,,,,,,
,3/10/2026,Rikitqua lufari,,ü,,,ü,ตรี,รัฐศาสตร์,รัฐประศาสนศาสตร์,ป.ตรีีใบที่2,ชำระตรง,,,10-Mar-2026,,,มะลิ,,,,,,,,,,
,3/10/2026,Gunzengun Sakitno,,ü,,,ü,ตรี,บริหารธุกิจ,การจัดการ,ป.ตรีีใบที่2, ,,,10-Mar-2026,,,มะลิ,,,,,,,,,,
,11/3/2026,wynamon369,ü,,,,ü,ตรีี,บริหารธุกิจ,การจัดการ,ปวส.,ชำระตรง,,,11-Mar-2026,,ขอเอกสารหลักสูตรทางไลน์,มะลิ,,,,,,,,,,
,11/3/2026,Ultazen Nadarver,,ü,,,ü,ตรี,บริหารธุกิจ,การจััดการ,กศน.,ชำระตรง,,,11-Mar-2026,,,มะลิิ,,,,,,,,,,
,11/3/2026,Melmelno Ratdeemon,,ü,,,ü,ตรี,บริหารธุกิจ,การจััดการ,ม.6,ชำระตรง,,094-1840189,สมัครแล้ว,,,น้ำฝน,,,,,,,,,,
,11/3/2026,Kakitwy ulkitul,,ü,,,ü,ตรี,บริหารธุรกิจ,การจัดการ,ม.6,,,,11-Mar-2026,,,น้ำฝน,,,,,,,,,,
,11/3/2026,กุลกัญ  ปรีดาอัญ,,ü,,,ü,ตรี,บริหารธุรกิจ,การจัดการ,ปวส,ชำระตรง,,097-3404653,11-Mar-2026,,,น้ำฝน,,,,,,,,,,
,11/3/2026,Chaipetor KITNOSA,,ü,,,ü,ตรี,บริหารธุรกิจ,โลจิิสติกส์,ม.6,ชำระตรง,,090-4724291,11-Mar-2026,,,น้ำฝน,นัดโทรอีกครั้งสัปดาห์หน้า,,,,,,,,,
,12/3/2026,น้ำดี  วันสิน,,ü,,,ü,ตรี,รัฐศาสตร์,รัฐประศาสนศาสตร์,ม.6,ชำระตรง,,,12-Mar-2026,,,น้ำฝน,,,,,,,,,,
,12/3/2026,Bopimqua Helsirgun,,ü,,,ü,ตรี,บริหารธุรกิจ,การจัดการ,ม.6,ชำระตรง,,094-5528563,12-Mar-2026,,,น้ำฝน,ขอปรึกษาครอบครัวก่อน,,,,,,,,,
,12/3/2026,วิไลรัก ปรีดารัก,,ü,,,ü,ตรี,บริหารธุกิจ,การจัดการ,ปวส,,,,12-Mar-2026,,,น้ำฝน,,,,,,,,,,
,15/3/2026,numonhel botipsa,,ü,,,ü,ตรี,บริหารธุกิจ,การจัดการ,ม.6,,กู้,,15-Mar-2026,,,มะลิ,,,,,,,,,,
,15/3/2026,ulnole tiplever,,ü,,,ü,ตรี,บริหารธุกิจ,การจัดการ,ปวส.,,,,15-Mar-2026,,,มะลิ,,,,,,,,,,
,15/3/2026,กิ่งรุ่ง'อุ่นจิต สินณัฐ,,ü,,,,ตรี,วิศวกรรมศาสตร์,ไฟฟ้า,ปวส.,ชำระตรง,,,15-Mar-2026,,,มะลิ,,,,,,,,,,
,15/3/2026,pimboqua Lutahel,,ü,,,ü,ตรี,รัฐศาสตร์,รัฐประศาสนศาสตร์,ม.6,ชำระตรง,,,15-Mar-2026,,,มะลิ,,,,,,,,,,
,15/3/2026,กุลแก้ว ชื่นภู่,,ü,,,ü,ตรี,บริหารธุกิจ,การจัดการ,ม.6,,,,15-Mar-2026,,,มะลิ,,,,,,,,,,
,15/3/2026,ปั้นธิดา ทิพมั่น,,ü,,,ü,โท,รัฐศาสตร์,รัฐประศาสนศาสตร์,ป.ตรี,,,,15-Mar-2026,,,มะลิ,,,,,,,,,,
,16/3/2026,สินบุญ รุ่งชัย กิ่งชื่น มณีวัน,,ü,,,ü,ตรี,บริหารธุรกิจ,การจัดการ,ม.6,ชำระตรง,,,16-Mar-2026,,,น้ำฝน,,,,,,,,,,
,16/3/2026,นุชรุ่ง  ยิ่งณัฐ,,ü,,,ü,ตรี,บริหารธุรกิจ,การจัดการ,ปวส,,,,16-Mar-2026,,,น้ำฝน,,,,,,,,,,
,17/3/2026,ขวัญบุญ กิ่งบุญ,ü,,,,ü,ตรี,รัฐศาสตร์,รัฐประศาสนศาสตร์,ปวช,ชำระตรง,,069-1918557,17-Mar-2026,,,น้ำฝน,ขอคิดดูก่อน,ขอปรึกษาครอบครัวก่อน,,,,,,,,
,17/3/2026,Chailu Anfa Gunpimno ,,ü,,,ü,ตรี,รัฐศาสตร์,รัฐประศาสนศาสตร์,ม.6,กยศ,,,17-Mar-2026,,,น้ำฝน,ขอปรึกษาครอบครัวก่อน,,,,,,,,,
,17/3/2026,แก้วทิพ  จันทร์นิ่ม,,ü,,,ü,ตรี,บริหารธุรกิจ,การจัดการ,ปวช,ชำระตรง,,,17-Mar-2026,,,น้ำฝน,,,,,,,,,,
,17/3/2026,Helsir Sirwydee,,ü,,,ü,ตรี,บริหารธุรกิจ,การจัดการ,ปวส,ชำระตรง,,,17-Mar-2026,,,น้ำฝน,,,,,,,,,,
,17/3/2026,Tiphel SONSATOR,,ü,,,ü,ตรี,บริหารธุรกิจ,การจัดการ,วุฒิซิ่ว,,กูู้้,0699338557,17-Mar-2026,,,มะลิ,ขอดูค่าใช้จ่ายก่อน,,,,,,,,,
,17/3/2026,Kagun Helomya,,ü,,,ü,ตรี,บริหารธุรกิจ,การจัดการ,กศน.,ชำระตรง,,0920514776,17-Mar-2026,,,มะลิ,ยังไม่ตัดสินใจ,,,,,,,,,
,18/3/2026,Yaixpon Ulpongun,,ü,,,ü,ตรี,บริหารธุรรกิจ,การจัดการ,ปวช,,,,18-Mar-2026,,,น้ำฝน,,,,,,,,,,
,18/3/2026,ชื่นปิ่น ยิ่งภัทร ,,ü,,,ü,ตรี,บริหารธุรกิจ,การจัดการ,ปวส,,ชำระตรง,,18-Mar-2026,,,น้ำฝน,,,,,,,,,,
,18/3/2026,ชัยขวัญ นิ่มธิดา,,ü,,,ü,ตรี,บริหารธุรกิจ,โลจิสติกส์,ปวส,,ชำระตรง,0816217388,18-Mar-2026,,,น้ำฝน,ยังไม่ตัดสินใจ,,,,,,,,,
,19/3/2026,raankit tormonmel,,ü,,,ü,ตรีี,บริหารธุรกิจ,,ม.6,,,,19-Mar-2026,,,มะลิ,ยังไม่ตัดสินใจ,,,,,,,,,
,19/3/2026,kitponsir nonolu,,ü,,,,โท,ศึกษาศาสตร์,บริหารการศึกษา,ป.ตรี,,,,19-Mar-2026,,,มะลิ,,,,,,,,,,
,19/3/2026,ฤดีณัฐ อัญรุ่ง,,ü,,,ü,ตรี,บริหารธุรกิจ,การจัดการ,ปวช.,,ชำระตรง,,19-Mar-2026,,,มะลิ,,,,,,,,,,
,19/3/2026,ต้นใบ้ ภัทรน้ำ,ü,,,ü,,ตรีี,วิศวกรรมศาสตร์,เครื่องกล,ม.6/ปวช.,,ชำระตรง,,19-Mar-2026,,,มะลิ,ขอปรึกษาครอบครัวก่อน,ขอปรึกษาครอบครัวก่อน,,,,,,,,
,19/3/2026,รักนุช กุลจิต,,ü,,,ü,ตรีี,บริหารธุรกิจ,การจัดการ,ม.6,,ชำระตรง,,19-Mar-2026,,,มะลิิ,,,,,,,,,,
,19/3/2026,อัญกุล ณัฐกัญ,,ü,,,ü,โท,,,,,,,19-Mar-2026,,,มะลิ,,,,,,,,,,
,20/3/2026,Vintadar,ü,,,,ü,ตรี,บริหารธุรกิจ,การจัดการ,ปวช.,กู้,,089-5847858,20-Mar-2026,,ขอเอกสารหลักสูตรทางไลน์,มะลิ,,,,,,,,,,
,22/3/2026,ปรีดาธัญ จิตต้น,,ü,,,ü,ตรีี,บริหารธุรกิจ,การจัดการ,ปวส.,,ชำระตรง,,22-Mar-2026,,,มะลิ,,,,,,,,,,
,22/3/2026,Legunra nusaqua,,ü,,,ü,ตรีี,บริหารธุรกิจ,การจัดการ,กศน.,,,,22-Mar-2026,,,มะลิ,ขอคิดดูก่อน,ขอดูค่าใช้จ่ายก่อน,,,,,,,,
,23/3/2026,Wydeesa Chaisasir,,ü,,,ü,ตรี,บริหารธุรกิจ,การจัดการ,กศน,,,,23-Mar-2026,,,น้ำฝน,,,,,,,,,,
,23/3/2026,NOIX'luleta rijowy wantaya,,ü,,,ü,ตรี,บริหารธุรกิจ,การจัดการ,ป.ตรี,,ชำระตรง,,23-Mar-2026,,,น้ำฝน,,,,,,,,,,
,23/3/2026,Fawypon nodeean,,ü,,,ü,ตรีี,บริหารธุรกิิจ,การจัดการ,ปวช,,ชำระตรง,090-4606730,23-Mar-2026,,,น้ำฝน,ไม่รับสาย,ขอดูค่าใช้จ่ายก่อน,,,,,,,,
,23/3/2026,Richai tordarjo-lemelkit,,ü,,,ü,ตรี,บริหารธุกิจ,การจัดการ,ม.6,,,,23-Mar-2026,,,น้ำฝน,,,,,,,,,,
,23/3/2026,Kakitwy  Helomya,,ü,,,ü,ตรี,บริหารธุกิจ,การจัดการ,ม.6,,,,23-Mar-2026,,,น้ำฝน,,,,,,,,,,
,23/3/2026,pimomlu joomka ULKITRI,,ü,,,ü,โท,รัฐศาสตร์,รัฐประศาสนศาสตร์,ป.ตรี,,ชำระตรง,082-2517834,23-Mar-2026,,จบ ปวส. ถามเรื่องเทียบโอน,มะลิ,,,,,,,,,,
,24/3/2026,ใบ้ธิดา อุ่นจิต บุญน้ำ,,ü,,,ü,ตรี,บริหารธุกิจ,การจัดการ,ม.6,,ชำระตรง,,24-Mar-2026,,,มะลิ,,,,,,,,,,
,24/3/2026,เดือนจิต บุญเดือน,,ü,,,ü,ตรี,รัฐศาสตร์,รัฐประศาสนศาสตร์,ม.6,,ชำระตรง,,24-Mar-2026,,,มะลิ,ขอคิดดูก่อน,,,,,,,,,
,24/3/2026,อุ่นรัก ขวัญกุล,,ü,,,ü,ตรี,รัฐศาสตร์,รัฐประศาสนศาสตร์,ป.ตรีใบที่2,,ชำระตรง,,24-Mar-2026,,,มะลิ,,,,,,,,,,
,24/3/2026,Omverwy Ultiprat,,ü,,,ü,ตรี,รัฐศาสตร์,รัฐประศาสนศาสตร์,ปวส.,,ชำระตรง,062-939-9527,24-Mar-2026,,,น้ำฝน,ขอดูค่าใช้จ่ายก่อน,,,,,,,,,
,24/3/2026,ธัญใบ้ วันพร้อม,,ü,,,ü,ตรี,รัฐศาสตร์,รัฐประศาสนศาสตร์,ม.6,,,,24-Mar-2026,,,มะลิ,,,,,,,,,,
,25/3/2026,ZENSONRA,ü,,,,ü,ตรี,รัฐศาสตร์,รัฐประศาสนศาสตร์,กศน.,,,,25-Mar-2026,,,มะลิ,,,,,,,,,,
,25/3/2026,chailewy,ü,,,,,ตรี,บริหารธุรกิจ,การจัดการ,ปวส.,,,,25-Mar-2026,,,มะลิ,,,,,,,,,,
,25/3/2026,Ixom Najonu,,ü,,,ü,ตรี,บริหารธุรกิจ,การจัดการ,ม.6,,,,25-Mar-2026,,,มะลิ,,,,,,,,,,
,25/3/2026,Sakitkit Tavinrat,,ü,,,ü,โท,,,ป.ตรี,,,,25-Mar-2026,,,มะลิ,,,,,,,,,,
,25/3/2026,Nonurat Kawanqua,,ü,,,ü,ตรี,รัฐศาสตร์,รัฐประศาสนศาสตร์,ม.6,,,,25-Mar-2026,,,มะลิ,,,,,,,,,,
,26/3/2026,Qualu helkitmel Qualu,,ü,,,ü,ตรี,บริหารธุรกิจ,การจัดการ,ปวช.,,,,26-Mar-2026,,,มะลิ,,,,,,,,,,
,26/3/2026,ต้นชัย เดือนชัย,,ü,,,,ตรี,นิติศาสตร์,นิติศาสตร์,ม.6,,,,26-Mar-2026,,,มะลิ,ขอคิดดูก่อน,ขอดูค่าใช้จ่ายก่อน,,,,,,,,
,26/3/2026,Joleix Pimgunkit,,ü,,,ü,ตรี,รัฐศาสตร์,รัฐประศาสนศาสตร์,ม.6,,,,26-Mar-2026,,,น้ำฝน,,,,,,,,,,
,26/3/2026,pontorqua raulix ,,ü,,,ü,ตรี,บริหารธุกิจ,,ม.3,,,,26-Mar-2026,,,น้ำฝน,,,,,,,,,,
,26/3/2026,Lukit Rikitan,,ü,,,ü,โท,บริหารธุรกิจ,บริหาร,ป.ตรี,,ชำระตรง,,26-Mar-2026,,,น้ำฝน,,,,,,,,,,
,26/3/2026,Yaquachai CHAINO Kaixpe,,ü,,ü,,ตรี,ศิลปศาสตร์,นวัตถกรรมบริการเพื่อการท่องเที่ยวและโรงแรม,ม.6,,,097-3762266,26-Mar-2026,,เคยสมัครไว้ปีที่แล้ว,น้ำฝน,ยังไม่ตัดสินใจ,,,,,,,,,
,26/3/2026,Anwan Najope,,ü,,,ü,ตรี,รัฐศาสตร์,รัฐประศาสนศาสตร์,ปวช.,กู้,,061-0067970,26-Mar-2026,,,มะลิ,ยังไม่ตัดสินใจ,ขอปรึกษาครอบครัวก่อน,,,,,,,,
,26/3/2026,เดือนวัน,,,,,,ตรีี,,,ปวส.,,ชำระตรง,081 9727285,26-Mar-2026,,,มะลิ,ขอคิดดูก่อน,,,,,,,,,
,26/3/2026,Monfawy Lujoom,,ü,,,ü,ตรี,บริหารธุรกิจ,การจัดการ,ม.6,,ชำระตรง,,26-Mar-2026,,,มะลิ,,,,,,,,,,
,27/3/2026,ใบ้จิต จันทร์นุช,,ü,,,ü,ตรี,บริหารธุรกิจ,การจัดการ,ปวส.,,ชำระตรง,,27-Mar-2026,,,มะลิ,ขอคิดดูก่อน,ขอคิดดูก่อน,,,,,,,,
,27/3/2026,Kitgunna Rimelhel,,ü,,,,ตรี,รัฐศาสตร์,รัฐประศาสนศาสตร์,กศน.ม.6,กูู้้,,,27-Mar-2026,,,น้ำฝน,ยังไม่ตัดสินใจ,,,,,,,,,
,27/3/2026,ZENSONRA,ü,,,,ü,ตรี,รัฐศาสตร์,รัฐประศาสนศาสตร์,ปวส,,ชำระตรง,091-9672459,27-Mar-2026,,,มะลิ,ยังไม่ตัดสินใจ,ขอดูค่าใช้จ่ายก่อน,,,,,,,,
,27/3/2026,นุชกิ่ง  ปรีดาภัทร,,ü,,,ü,ตรี,บริหารธุรกิจ,การจัดการ,ม.6,,,,27-Mar-2026,,,น้ำฝน,,,,,,,,,,
,27/3/2026,Nochaiqua Nuchainu,,ü,,,ü,ตรี,บริหารธุรกิจ,การจัดการ,กศน,,ชำระตรง,098-1419692,27-Mar-2026,,,น้ำฝน,ขอคิดดูก่อน,โทร ขอปรึกษาครอบครัวก่อน,ขอดูค่าใช้จ่ายก่อน,,,,,,,
,27/3/2026,tippimra-monmelzen Wanchaimon Pelusir,,ü,,ü,,ตรี,ศิลปศาสตร์,ภาษาอังกฤษ,ป.ตรีใบที่2,,ชำระตรง,,27-Mar-2026,,,มะลิ,ยังไม่ตัดสินใจ,,,,,,,,,
,27/3/2026,Gunulra,ü,,,,ü,ตรี,บริหารธุรกิจ,โลจิสติกส์,ม.6,กู้,,080-5679872,27-Mar-2026,,,น้ำฝน,,,,,,,,,,
,29/3/2026,Nuix Chaipimvin,,ü,,,ü,ตรี,บริหารธุรกิจ,การจัดการ,ปวส.,,,,29-Mar-2026,,,มะลิ,,,,,,,,,,
,29/3/2026,เดือนธิดา จันทร์ภูมิ,,ü,,,,ตรี,รัฐศาสตร์,รัฐประศาสนศาสตร์,ม.6,,,,29-Mar-2026,,,มะลิ,ยังไม่ตัดสินใจ,,,,,,,,,
,29/3/2026,Montor Sirsonrat,,ü,,,,ตรี,รัฐศาสตร์,รัฐประศาสนศาสตร์,กศน.ม.6,,,,29-Mar-2026,,,มะลิ,,,,,,,,,,
,29/3/2026,Ritipri Narattip,,ü,,,ü,ตรี,บริหารธุรกิจ,การจัดการ,ม.6,,,,29-Mar-2026,,,มะลิ,,,,,,,,,,
,1/4/2026,Rakitdee Quakit,,ü,,,ü,ตรี,บริหารธุรกิจ,การจัดการ,ปวส,,,086-1838076,1-Apr-2026,,,น้ำฝน,ยังไม่ตัดสินใจ,ยังไม่ตัดสินใจ,,,,,,,,
,2/4/2026,kadeevin ratchaigun,,ü,,,ü,ตรี,บริหารธุรกิจ,โลจิสติกส์,ปวส.,กู้,,,2-Apr-2026,,,มะลิ,ขอปรึกษาครอบครัวก่อน,,,,,,,,,
,2/4/2026,karatix quaverzen,,ü,,,ü,ตรี,บริหารธุรกิจ,โลจิสติกส์,ปวช.,,ชำระตรง,,2-Apr-2026,,,มะลิ,,,,,,,,,,
,3/4/2026,Deeixkit monomrat Ulzen,,ü,,,ü,ตรี,บริหารธุรกิจ,โลจิสติกส์,ปวช.,,ชำระตรง,,3-Apr-2026,,,,,,,,,,,,,
,5/4/2026,ธัญทิพ กัญภัทร,,ü,,,ü,โท,รััฐศาสตร์,รััฐประศาสนศาสตร์,ป.ตรี,,ชำระตรง,,5-Apr-2026,,,มะลิ,,,,,,,,,,
,5/4/2026,ฤดีมั่น ฟ้าพิม,,ü,,,ü,โท,บริหารธุรกิจ,บริิหารธุรกิจ,ป.ตรี,,ชำระตรง,,5-Apr-2026,,,มะลิ,,,,,,,,,,
,5/4/2026,Notiptor Helfale Sirwantor,,ü,,,ü,ตรี,บริหารธุรกิจ,การจัดการ,ปวช.,,ชำระตรง,,5-Apr-2026,,,มะลิ,,,,,,,,,,
,5/4/2026,Lenosa Tatornu,,ü,ü,,,โท,ศึกษาศาสตร์,หลักสูตรและการสอน,ป.ตรี,,ชำระตรง,,5-Apr-2026,,,มะลิ,,,,,,,,,,
,5/4/2026,ปิ่นปรีดา ฤดีธิดา,,ü,,,,ตรี,รัฐศาสตร์,รัฐประศาสนศาสตร์,กศน.ม.6,,ชำระตรง,,5-Apr-2026,,,มะลิ,ขอปรึกษาครอบครัวก่อน,,,,,,,,,
,5/4/2026,Pimsir Helrazen,,ü,,,ü,ตรี,,,ม.6,,,,5-Apr-2026,,,มะลิ,ขอดูค่าใช้จ่ายก่อน,,,,,,,,,
,5/4/2026,ภัทรศิริ มั่นดี,,ü,,,ü,ตรี,บริหารธุรกิจ,การจัดการ,ม.6,,,096-237 9989,5-Apr-2026,,,มะลิ,ขอปรึกษาครอบครัวก่อน,ขอปรึกษาครอบครัวก่อน,,,,,,,,
,5/4/2026,Chaijoqua Melpimtip,,ü,,,ü,ตรี,บริหารธุรกิจ,การจัดการ,ปวส,,,,5-Apr-2026,,,น้ำฝน,,,,,,,,,,
,5/4/2026,Tamonzen Wannole,,ü,,,ü,โท,รัฐศาสตร์,รัฐประศาสนศาสตร์,ป.ตรี,,ชำระตรง,,5-Apr-2026,,,น้ำฝน,,,,,,,,,,
,6/4/2026,วิไลสุข มั่นจิต,,ü,,,ü,ตรี,รัฐศาสตร์,รัฐประศาสนศาสตร์,กศน.,,ชำระตรง,,6-Apr-2026,,,มะลิ,,,,,,,,,,
,6/4/2026,แก้วสิน อุ่นจันทร์,,ü,,,ü,ตรี,บริหารธุรกิจ,การจัดการ,ปวส.,,ชำระตรง,,6-Apr-2026,,ส่งวุฒิมาให้ดูเทียบโอนหน่วยกิต,มะลิ,,,,,,,,,,
,7/4/2026,ภู่ภู่ ขวัญภู่,,ü,,,ü,ตรี,รัฐศาสตร์,รัฐประศาสนศาสตร์,ปวส.,,ชำระตรง,,7-Apr-2026,,,มะลิ,,,,,,,,,,
,7/4/2026,พร้อมวิไล ปิ่นทิพ,,ü,,,ü,ตรี,บริหารธุรกิจ,โลจิสติกส์,ม.6,,ชำระตรง,,7-Apr-2026,,,มะลิ,ขอดูค่าใช้จ่ายก่อน,,,,,,,,,
,7/4/2026,วิไลธัญ ฤดีทิพ,,ü,,,ü,ตรี,รัฐศาสตร์,รัฐประศาสนศาสตร์,ปวช.,,,,7-Apr-2026,,,มะลิ,,,,,,,,,,
,7/4/2026,นุชณัฐ ฟ้าเดือน,,ü,,,ü,ตรี,บริหารธุรกิจ,โลจิสติกส์,ม.6,,ชำระตรง,,7-Apr-2026,,,มะลิ,,,,,,,,,,
,8/4/2026,Darrat Ratulrat,,ü,,,ü,ตรี,บริหารธุรกิจ,การจัดการ,ม.6,,ชำระตรง,,8-Apr-2026,,,มะลิ,ยังไม่ตัดสินใจ,ขอดูค่าใช้จ่ายก่อน,,,,,,,,
,8/4/2026,Mondarta Vermelpon,,ü,,,ü,ตรี,บริหารธุรกิจ,การจัดการ,ม.6,,,,8-Apr-2026,,,น้ำฝน,,,,,,,,,,
,8/4/2026,Tipdarbo Chailu Chailu ,,ü,,,ü,ตรี,บัญชี,บัญชี,,,,,8-Apr-2026,,,น้ำฝน,,,,,,,,,,
,8/4/2026,ณัฐเดือน รักมั่น,,,,,,,,,,,,,8-Apr-2026,,,น้ำฝน,,,,,,,,,,
,8/4/2026,สินพิม   ณัฐณัฐ,,,,,,,,,,,,,8-Apr-2026,,,น้ำฝน,,,,,,,,,,
,8/4/2026,Monka Ulquaka,,ü,,,ü,ตรี,บริหารธุรกิจ,โลจิสติกส์,ม.6,,,,8-Apr-2026,,,น้ำฝน,ขอปรึกษาครอบครัวก่อน,โทรใหม่หลังเลิกงาน,,,,,,,,
,9/4/2026,Najomon Omverix,,ü,,,ü,ตรี,บริหารธุรกิจ,การจัดการ,ม.6,,ชำระตรง,,9-Apr-2026,,,มะลิิ,,,,,,,,,,
,9/4/2026,บุญดี,,ü,,,ü,ตรี,,,อนุปริญญา,,ชำระตรง,,9-Apr-2026,,,มะลิ,ขอปรึกษาครอบครัวก่อน,ขอดูค่าใช้จ่ายก่อน,,,,,,,,
,9/4/2026,Peomchai Lunodar,,ü,,,,โท,ศึกษาศาสตร์,หลักสูตรและการสอน,ป.ตรี,,ชำระตรง,,9-Apr-2026,,,มะลิ,ขอดูค่าใช้จ่ายก่อน,,,,,,,,,
,9/4/2026,ทิพยิ่ง นุชชัย,,ü,,,ü,ตรี,บริหารธุรกิจ,การจัดการ,ปวช.,,,,9-Apr-2026,,,มะลิ,,,,,,,,,,
,10/4/2026,กุลทิพ บุญปรีดา ณัฐธิดา,,ü,,,ü,ตรี,บริหารธุรกิจ,การจัดการ,ปวช.,,ชำระตรง,,10-Apr-2026,,,มะลิ,,,,,,,,,,
,10/4/2026,Riomfa Borabo,,ü,,,ü,ตรี,บริหารธุรกิจ,การจัดการ,ม.6,,กู้,,10-Apr-2026,,,มะลิ,ยังไม่ตัดสินใจ,,,,,,,,,
,11/4/2026,Ponratmon Sonjobo,,ü,,,ü,ตรี,มนุษย์ศาสตร์,,กศน,,,,11-Apr-2026,,,น้ำฝน,ขอคิดดูก่อน,,,,,,,,,
,11/4/2026,Radeegun Zenna,,ü,,,ü,ตรี,รัฐศาสตร์,รัฐประศาสนศาสตร์,ปวส,,,,11-Apr-2026,,,น้ำฝน,,,,,,,,,,
,11/4/2026,Wannuix Darpeul,,ü,,,ü,ตรี,แพทย์แผนไทย,,,,,,11-Apr-2026,,,น้ำฝน,,,,,,,,,,
,13/4/2026,Ulquaya Deepenu,,ü,,,ü,ตรี,บริหารธุรกิจ,การจัดการ,ม.6,,ชำระตรง,,13-Apr-2026,,,มะลิ,,,,,,,,,,
,13/4/2026,Anriix Monyata,,ü,,,ü,ตรี,บริหารธุรกิจ,การจัดการ,ม.6,,,,13-Apr-2026,,,มะลิ,,,,,,,,,,
,16/4/2026,Nomonhel Lekitnu,,ü,,,ü,ตรี,บริหารธุรกิจ,การจัดการ,ม.6,,ชำระตรง,,16-Apr-2026,,,มะลิ,,,,,,,,,,
,16/4/2026,กุลดี มณีนิ่ม,,ü,,,ü,ตรี,รัฐศาสตร์,รัฐประศาสนศาสตร์,ป.ตรี,,,,16-Apr-2026,,,มะลิ,,,,,,,,,,
,16/4/2026,Quarat Pesirlu,,ü,,,ü,ตรี,บริหารธุรกิจ,การจัดการ,ม.6,,ชำระตรง,,16-Apr-2026,,,มะลิ,,,,,,,,,,
,16/4/2026,วันยิ่ง น้ำนิ่ม,,ü,,,ü,ตรี,บริหารธุรกิจ,การจัดการ,ม.6,,,,16-Apr-2026,,,มะลิ,,,,,,,,,,
,18/4/2026,yaankit 4,ü,,,,ü,ตรี,บริหารธุรกิจ,การจัดการ,ม.6,,ชำระตรง,,17-Apr-2026,,,มะลิ,,,,,,,,,,
,18/4/2026,Melchaitor Tasirra Tipdeeri,,ü,,,ü,ตรี,บริหารธุรกิจ,โลจิสติกส์,ปวช,,ชำระตรง,,18-Apr-2026,,,น้ำฝน,,,,,,,,,,
,18/4/2026,Lusirqua Lezenbo,,ü,,,ü,ตรี,รัฐศาสตร์,รัฐประศาสนศาสตร์,ปวส,,ชำระตรง,,18-Apr-2026,,,น้ำฝน,,,,,,,,,,
,18/4/2026,Ultipri Anyadee,,ü,,,ü,ตรี,รัฐศาสตร์,รัฐประศาสนศาสตร์,ม.6,,,,18-Apr-2026,,,น้ำฝน,,,,,,,,,,
,18/4/2026,Sirsirson Sasonchai Helnosa,,ü,,,ü,ตรี,บริหารธุรกิจ,โลจิสติกส์,ม.6,,,,18-Apr-2026,,,น้ำฝน,,,,,,,,,,
,18/4/2026,JONUOM-Vintipom Chaihelra,,ü,,,ü,ตรี,,,,,,,,,,,,,,,,,,,,
,18/4/2026,จิตขวัญ'อุ่นเดือน'เพ็ญขวัญ'ต้นมณี,,ü,,,ü,ตรี,รัฐศาสตร์,รัฐประศาสนศาสตร์,ม.6,กู้,,,18-Apr-2026,,,มะลิ,ขอดูค่าใช้จ่ายก่อน,,,,,,,,,
,19/4/2026,บุญนุช เพ็ญแก้ว,,ü,,,ü,ตรี,รัฐศาสตร์,รัฐประศาสนศาสตร์,ปวส.,,ชำระตรง,,19-Apr-2026,,,มะลิ,ขอดูค่าใช้จ่ายก่อน,,,,,,,,,
,19/4/2026,Ratnu Monpimtip,,ü,,,ü,ตรี,รัฐศาสตร์,รัฐประศาสนศาสตร์,ม.6,,,,19-Apr-2026,,,มะลิ,,,,,,,,,,
,19/4/2026,Kajoix,ü,,,,ü,โท,รัฐศาสตร์,รัฐศาสตร์,ป.ตรี,,ชำระตรง,,19-Apr-2026,,,มะลิ,ขอคิดดูก่อน,,,,,,,,,
,19/4/2026,Sirul Kitixzen Anpechai Ralu,,ü,,,ü,ตรี,รัฐศาสตร์,รัฐประศาสนศาสตร์,ม.6,กู้,,,19-Apr-2026,,,มะลิ,ขอดูค่าใช้จ่ายก่อน,ขอดูค่าใช้จ่ายก่อน,,,,,,,,
,19/4/2026,ปรีดาภู่ ณัฐกุล,,ü,,,ü,ตรี,บริหารธุรกิจ,โลจิสติกส์,ม.6,,,,19-Apr-2026,,,มะลิ,,,,,,,,,,
,19/4/2026,Rafa Kitfa,,ü,,,ü,ตรี,บริหารธุรกิจ,โลจิสติกส์,ปวส.,,,,19-Apr-2026,,,มะลิ,,,,,,,,,,
,20/4/2026,รักภัทร นิ่มอัญ,,ü,,,ü,ตรี,บริหารธุรกิจ,โลจิสติกส์,ปวส.,,ชำระตรง,0897275081,20-Apr-2026,,ส่งวุฒิมาให้ดูเทียบโอนหน่วยกิต,มะลิ,ขอดูค่าใช้จ่ายก่อน,,,,,,,,,
,20/4/2026,Anfale Lunosa Zensirle,,ü,,,,โท,ศึกษาศาสตร์,บริหารการศึกษา,ป.ตรี,,ชำระตรง,,20-Apr-2026,,,มะลิ,,,,,,,,,,
,20/4/2026,บุญเพ็ญ สินบุญ สินบุญ,,ü,,,ü,ตรี,รัฐศาสตร์,รัฐประศาสนศาสตร์,ม.6,,,,20-Apr-2026,,,มะลิ,ขอคิดดูก่อน,ขอดูค่าใช้จ่ายก่อน,,,,,,,,
,20/4/2026,Ulvin Wywy,,ü,,,ü,ตรี,บริหารธุรกิจ,โลจิสติกส์,ปวส.,,ชำระตรง,,20-Apr-2026,,,มะลิ,ยังไม่ตัดสินใจ,,,,,,,,,
,20/4/2026,Nuquamon RAFARA Sirnuhel,,ü,,,ü,ตรี,บริหารธุรกิจ,,ปวส.,,ชำระตรง,,20-Apr-2026,,,มะลิ,,,,,,,,,,
,20/4/2026,Wansonjo GUNHELTOR,,ü,,,,ตรีี,นิติศาสตร์,นิติศาสตร์,ป.ตรีใบที่2,,ชำระตรง,,20-Apr-2026,,,มะลิ,,,,,,,,,,
,21/4/2026,Kagun Narison,,ü,,,ü,ตรี,บริหารธุรกิจ,การจัดการ,ปวช.,,,,21-Apr-2026,,,มะลิ,,,,,,,,,,
,21/4/2026,มั่นภูมิ,,ü,,,ü,ตรี,บริหารธุรกิจ,การจัดการ,ม.6,,ชำระตรง,,21-Apr-2026,,,มะลิ,,,,,,,,,,
,21/4/2026,ฟ้านิ่ม ภัทรฟ้า,,ü,,,ü,ตรี,รัฐศาสตร์,รัฐประศาสนศาสตร์,ม.6,,,,21-Apr-2026,,,มะลิ,,,,,,,,,,
,21/4/2026,Helnuri Tadarul,,ü,ü,,,ตรี,บริหารธุรกิจ,ธุรกิจระหว่างประเทศ,ม.6,,ชำระตรง,,21-Apr-2026,,ถามว่าต้องมาสอบที่มหาวิทยาลัยไหม,มะลิ,,,,,,,,,,
,22/4/2026,Torfata Dargunzen,,ü,,,ü,ตรี,รัฐศาสตร์,รัฐประศาสนศาสตร์,ปวส.,,,,22-Apr-2026,,,มะลิ,,,,,,,,,,
,22/4/2026,Saanwan Rideewy,,ü,,,ü,โท,บริหารธุรกิจ,บริิหารธุรกิจ,ป.ตรี,,ชำระตรง,,22-Apr-2026,,,มะลิ,ยังไม่ตัดสินใจ,,,,,,,,,
,22/4/2026,Jochai Vingunvin,,ü,,,ü,ตรี,บริหารธุรกิจ,การจัดการ,ปวช.,,ชำระตรง,,22-Apr-2026,,,,ยังไม่ตัดสินใจ,ขอดูค่าใช้จ่ายก่อน,,,,,,,,
,22/4/2026,Pimperat Petorix,,ü,,,ü,ตรี,รัฐศาสตร์,รัฐประศาสนศาสตร์,ป.ตรีใบที่2,,ชำระตรง,,22-Apr-2026,,,มะลิ,,,,,,,,,,
,24/4/2026,Chaisonwan Deetor,,ü,,,ü,ตรี,บริหารธุรกิจ,การจัดการ,ปวช.,,ชำระตรง,,24-Apr-2026,,,มะลิ,ขอคิดดูก่อน,ขอดูค่าใช้จ่ายก่อน,,,,,,,,
,24/4/2026,กิ่งจันทร์ ปั้นวัน,,ü,,,ü,ตรี,บริหารธุรกิจ,การจัดการ,ปวช.,,,,24-Apr-2026,,,มะลิ,ยังไม่ตัดสินใจ,ขอดูค่าใช้จ่ายก่อน,,,,,,,,
,24/4/2026,ณัฐชื่น เพ็ญวิไล พิมมั่น,,ü,,,ü,โท,บริหารธุรกิจ,บริหารธุรกิจ,ป.ตรี,,ชำระตรง,,24-Apr-2026,,,มะลิ,,,,,,,,,,
,24/4/2026,Sonponno Chairakit.5,,ü,,,ü,โท,บริหารการศึกษา,บริหารการศึกษา,ป.ตรี,,ชำระตรง,,24-Apr-2026,,,น้ำฝน,ขอดูค่าใช้จ่ายก่อน,,,,,,,,,
,24/4/2026,Verno Sagungun Jochai,,ü,,,ü,ตรี,บัญชี,บัญชี,ปวส,,,,24-Apr-2026,,,น้ำฝน,,,,,,,,,,
,24/4/2026,CHAIDARVIN,ü,,,,ü,ตรี,รัฐศาสตร์,รัฐประศาสนศาสตร์,ปวช,,ชำระตรง,084-1606477,23-Apr-2026,,,น้ำฝน,ยังไม่ตัดสินใจ,โทร ไม่ได้รับสาย,ไม่รับสาย,,,,,,,
,24/4/2026,RIDEE. 🌈,ü,,,,ü,โท,บริหารธุรกิจ,บริหารธุรกิจ,ป.ตรี,,ชำระตรง,,24-Apr-2026,,,น้ำฝน,,,,,,,,,,
,25/4/2026,Tasirya Luul,ü,,,,ü,ตรี,รัฐศาสตร์,รัฐประศาสนศาสตร์,ม.6,,ชำระตรง,,24-Apr-2026,,,น้ำฝน,,,,,,,,,,
,25/4/2026,สินนิ่ม มั่นศิริ,,ü,,,ü,โท,บริหารการศึกษา,บริหารการศึกษา,ป.ตรี,,ชำระตรง,,25-Apr-2026,,,มะลิ,,,,,,,,,,
,25/4/2026,ดีใบ้ ศิริกิ่ง,,ü,,,ü,ตรี,บริหารธุรกิจ,การจัดการ,ม.6,,ชำระตรง,,25-Apr-2026,,,มะลิ,,,,,,,,,,
,25/4/2026,kitzenom pimlean,,ü,,,ü,ตรี,บริหารธุรกิจ,การจัดการ,ปวช.,,,,25-Apr-2026,,,มะลิ,,,,,,,,,,
,26/4/2026,ต้นบุญ เพ็ญสิน,,ü,,,ü,โท,บริหารธุรกิจ,บริหารธุรกิจ,ป.ตรี,,,,26-Apr-2026,,,มะลิ,,,,,,,,,,
,26/4/2026,Sirluno Zenkitix,,ü,,,ü,ตรี,รัฐศาสตร์,รัฐประศาสนศาสตร์,ปวช.,,,,26-Apr-2026,,,มะลิ,,,,,,,,,,
,26/4/2026,Nuwan Vinhelka,,ü,,,ü,ตรี,บริหารธุรกิจ,การจัดการ,ม.6,,ชำระตรง,,26-Apr-2026,,,มะลิ,,,,,,,,,,
,26/4/2026,Tipkitkit Ulratchai,,ü,,,ü,ตรี,บริหารธุรกิจ,การจัดการ,ปวส.,,ชำระตรง,,26-Apr-2026,,,มะลิ,,,,,,,,,,
,26/4/2026,MELTORLU🐶,ü,,,,ü,ตรี,บริหารธุรกิจ,การจัดการ,ม.6,,ชำระตรง,,26-Apr-2026,,,มะลิ,ขอดูค่าใช้จ่ายก่อน,ขอดูค่าใช้จ่ายก่อน,,,,,,,,
,26/4/2026,Pimmon Kadeemon,,ü,,,ü,โท,ศึกษาศาสตร์,,ป.ตรี,,,,26-Apr-2026,,,มะลิ,ยังไม่ตัดสินใจ,,,,,,,,,
,26/4/2026,Monfa Deequa Raom,,ü,,,ü,ตรี,บริหารธุรกิจ,โลจิิสติกส์,ม.6,,ชำระตรง,,26-Apr-2026,,,มะลิิ,,,,,,,,,,
,27/4/2026,Wyfalu Noboan,,ü,,,ü,โท,รัฐศาสตร์,รัฐประศาสนศาสตร์,ป.ตรี,,ชำระตรง,087-0303398,27-Apr-2026,,,น้ำฝน,ขอดูค่าใช้จ่ายก่อน,ยังไม่ตัดสินใจ,,,,,,,,
,27/4/2026,Lukit  Tipvindar,,ü,,,ü,โท,บริหารธุรกิจ,บริหารธุรกิจ,ป.ตรี,,ชำระตรง,0856155213,27-Apr-2026,,,น้ำฝน,ขอดูค่าใช้จ่ายก่อน,,,,,,,,,
,28/4/2026,อัญกิ่ง อัญกิ่ง บุญกัญ ,,ü,,,ü,ตรี,รัฐศาสตร์,รัฐประศาสนศาสตร์,ม.6,,,,28-Apr-2026,,,น้ำฝน,,,,,,,,,,
,28/4/2026,พิมพิม กัญธัญ,,ü,,,ü,ตรี,บริหารธุรกิจ,โลจิสติกส์,ปวส,,ชำระตรง,,28-Apr-2026,,,น้ำฝน,,,,,,,,,,
,28/4/2026,Deehel Leixya,,ü,,,,ตรี,บัญชี,บัญชี,,,,,28-Apr-2026,,,น้ำฝน,,,,,,,,,,
,28/4/2026,Heljo Luver,,ü,,,ü,ตรี,บริหารธุรกิจ,การจัดการ,กศน ม.6,,ชำระตรง,,28-Apr-2026,,,น้ำฝน,,,,,,,,,,
,28/4/2026,Wygundee Kaboqua Monfapim,,ü,,,ü,โท,บริหารธุรกิจ,บริหารธุรกิจ,ป.ตรี,,ชำระตรง,,28-Apr-2026,,,น้ำฝน,,,,,,,,,,
,28/4/2026,Sonsanu Monjogun,,ü,,,ü,ตรี,บริหารธุรกิจ,การจัดการ/โลจิสติกส์,ม.6,,,,28-Apr-2026,,,น้ำฝน,,,,,,,,,,
,28/4/2026,ฤดีรุ่ง  ดีปรีดา,,ü,,,ü,ตรี,บริหารธุรกิจ,การจัดการ,ปวส,,ชำระตรง,0991099509,28-Apr-2026,,,น้ำฝน,ขอคิดดูก่อน,ขอคิดดูก่อน,,,,,,,,
,28/4/2026,รุ่งปิ่น  นุชธัญ แก้วปิ่น,,ü,,,ü,ตรี,บริหารธุรกิจ,การจัดการ,ม.6,,ชำระตรง,0942557265,28-Apr-2026,,,น้ำฝน,ขอคิดดูก่อน,ยังไม่ตัดสินใจ,ขอปรึกษาครอบครัวก่อน,,,,,,,
,28/4/2026,Monrat Melpetip,,ü,,,ü,ตรี,บริหารธุรกิจ,การจัดการ,กศน ม.6,,กูู้้,,28-Apr-2026,,,มะลิ,ขอดูค่าใช้จ่ายก่อน,,,,,,,,,
,29/4/2026,Wyhelver  darsale,,ü,,,ü,ตรี,รัฐศาสตร์,การเมืองการปกครอง,ปวส,,,,29-Apr-2026,,,น้ำฝน,,,,,,,,,,
,29/4/2026,ธิดาน้ำ จิตปิ่น ยิ่งฤดี,,ü,,,ü,โท,,,,,,,29-Apr-2026,,,น้ำฝน,,,,,,,,,,
,30/4/2026,ratlubo Omverver,,ü,,,ü,ตรี,ศึกษาศาตร์,,,,,,30-Apr-2026,,,น้ำฝน,ขอปรึกษาครอบครัวก่อน,,,,,,,,,
,30/4/2026,Nuquamel Bovinjo,,ü,,,ü,ตรี,บริหารธุรกิจ,โลจิสติกส์,วุฒิซิ่ว,,ชำระตรง,062-2700740,30-Apr-2026,,,มะลิ,ยังไม่ตัดสินใจ,,,,,,,,,
,30/4/2026,นิ่มเดือน ปรีดานุช,,ü,,,ü,ตรี,รัฐศาสตร์,รัฐประศาสนศาสตร์,ม.6,,ชำระตรง,,30-Apr-2026,,,มะลิ,,,,,,,,,,
,1/5/2026,Fanuri Chaiquason Lupimgun,,ü,,,ü,ตรี,บริหารธุรกิจ,การจัดการ,ปวช.,,,,1-May-2026,,,มะลิ,,,,,,,,,,
,1/5/2026,Jomel Sirixsa Bosape,,ü,,,ü,ตรี,บริหารธุรกิจ,โลจิสติกส์,ม.6,,,,1-May-2026,,,มะลิ,,,,,,,,,,
,2/5/2026,Yahelson Noulrat,,ü,,,ü,ตรี,บริหารธุรกิจ,การจัดการ,ม.6,,,,2-May-2026,,,มะลิ,,,,,,,,,,
,3/5/2026,TAIXWAN PONQUADAR NOIX,,ü,,,ü,ตรี,บริหารธุรกิจ,การจัดการ,ม.6,,,,3-May-2026,,,มะลิ,,,,,,,,,,
,3/5/2026,Anfari Vindarhel Tipwyle,,ü,,,ü,ตรี,,,ม.6,,ชำระตรง,,3-May-2026,,,มะลิ,ยังไม่ตัดสินใจ,,,,,,,,,
,3/5/2026,Monratra Tipdarvin,ü,,,,ü,ตรี,บริหารธุรกิจ,การจัดการ,ม.6,,,,3-May-2026,,,มะลิ,,,,,,,,,,
,3/5/2026,Bosahel Bosahel,,ü,,,ü,ตรี,บริหารธุรกิจ,การจัดการ,กศน.ม.6,,ชำระตรง,,3-May-2026,,,มะลิ,,,,,,,,,,
,3/5/2026,Gunkitna,ü,,,,ü,โท,ศึกษาศาสตร์,หลักสูตรและการสอน,ป.ตรี,,ชำระตรง,,3-May-2026,,,มะลิ,ขอคิดดูก่อน,,,,,,,,,
,3/5/2026,Helbomel Kitquaka,ü,,,,ü,ตรี,รัฐศาสตร์,รัฐประศาสนศาสตร์,ม.6,,,,2-May-2026,,,น้ำฝน,,,,,,,,,,
,3/5/2026,Chaitaix Verhelhel,ü,,,,ü,ตรี,บริหารธุรกิจ,โลจิสติกส์,ม.6,,,,2-May-2026,,,น้ำฝน,,,,,,,,,,
,3/5/2026,Helludar Heldeeson,ü,,,,ü,ตรี,บริหารธุรกิจ,การจัดการ/โลจิสติกส์,ปวส,,ชำระตรง,,2-May-2026,,,น้ำฝน,,,,,,,,,,
,3/5/2026,วิไลอัญ ทิพปั้น,ü,,,,ü,ตรี,บริหารธุรกิจ,การจัดการ,ปวช,,กู้,,2-May-2026,,,น้ำฝน,,,,,,,,,,
,3/5/2026,Fatorgun Vindeera,ü,,,,ü,ตรี,บริหารธุรกิจ,โลจิสติกส์,ซิ่ว,,ชำระตรง,0906116051,2-May-2026,,สอบถามเรื่องทุนการศึกษา,มะลิ,น้ำฝนโทร นัดโทรอีกครั้งสัปดาห์หน้า,ขอดูค่าใช้จ่ายก่อน,,,,,,,,
,3/5/2026,Yatapim Omul Dartorqua,ü,,,,ü,ตรี,บริหารธุรกิจ,การจัดการ,ปวส,,ชำระตรง,0905092521,2-May-2026,,,น้ำฝน,ขอดูค่าใช้จ่ายก่อน,,,,,,,,,
,5/5/2026,Gunrarat Sirsadar Monixwan,,ü,,,ü,ตรี,บริหารธุรกิจ,โลจิสติกส์,ม.6,,,,5-May-2026,,,มะลิ,,,,,,,,,,
,5/5/2026,กิ่งกัญ,,ü,,,ü,ตรี,บริหารธุรกิจ,โลจิสติกส์,ปวส.,,,,5-May-2026,,,มะลิ,ขอดูค่าใช้จ่ายก่อน,,,,,,,,,
,5/5/2026,Melsonhel Boratsa,,ü,,,ü,ตรี,รัฐศาสตร์,รัฐประศาสนศาสตร์,ม.6,,,,5-May-2026,,,มะลิ,,,,,,,,,,
,6/5/2026,รักปิ่น รักปิ่น,,ü,,,ü,ตรี,บริหารธุรกิจ,การจัดการ,ปวส.,,,,6-May-2026,,,มะลิ,,,,,,,,,,
,6/5/2026,แก้วพร้อม ปั้นจิต,,ü,,,ü,ตรี,บริหารธุรกิจ,การจัดการ,ม.6,,ชำระตรง,,6-May-2026,,,มะลิ,ขอปรึกษาครอบครัวก่อน,,,,,,,,,
,6/5/2026,Bobo Versari ,,ü,ü,,,ตรี,วิศวกรรมศาสตร์,ไฟฟ้า,ม.6,,,,6-May-2026,,,มะลิ,ขอคิดดูก่อน,,,,,,,,,
,6/5/2026,Quanulu Ratomle,,ü,,,ü,ตรี,รัฐศาสตร์,รัฐประศาสนศาสตร์,ม.6,,ชำระตรง,,6-May-2026,,,มะลิ,,,,,,,,,,
,6/5/2026, Wanhelrat Nanuan,,ü,,,ü,ตรี,รัฐศาสตร์,รัฐประศาสนศาสตร์,ปวส,,ชำระตรง,,6-May-2026,,,น้ำฝน,ขอปรึกษาครอบครัวก่อน,,,,,,,,,
,6/5/2026,Yasonra Lesonka,,ü,,,ü,ตรี,รัฐศาสตร์,รัฐประศาสนศาสตร์,อนุปริญญา,,,,6-May-2026,,,มะลิ,,,,,,,,,,
,6/5/2026,Boborat Verwyya,,ü,,,ü,ตรี,บริหารธุรกิจ,การจัดการ,ปวช.,,ชำระตรง,,6-May-2026,,,มะลิ,ยังไม่ตัดสินใจ,,,,,,,,,
,7/5/2026,วิไลกัญ วิไลกัญ น้ำอุ่น,,ü,,,ü,ตรี,บริหารธุรกิจ,การจัดการ,ปวส.,,ชำระตรง,,7-May-2026,,,มะลิ,,,,,,,,,,
,7/5/2026,Kitdeemel Peixna,,ü,,,ü,ตรี,บริหารธุรกิจ,การจัดการ,ปวส.,กู้,,,7-May-2026,,,มะลิ,,,,,,,,,,
,7/5/2026,Wyfapim Helpeya,,ü,,,ü,ตรี,รัฐศาสตร์,รัฐประศาสนศาสตร์,ม.6,,ชำระตรง,,7-May-2026,,,มะลิ,,,,,,,,,,
,7/5/2026,Kasonnu SIRKIT,,ü,,,ü,ตรี,บริหารธุรกิจ,,ป.ตรีใบที่2,,ชำระตรง,,7-May-2026,,,มะลิ,,,,,,,,,,
,7/5/2026,มั่นธิดา กุลณัฐ,,ü,,,ü,ตรี,บริหารธุรกิจ,การจัดการ,ปวส.,,ชำระตรง,,7-May-2026,,,มะลิ,,,,,,,,,,
,7/5/2026,Helhelhel Verdee,,ü,,,ü,ตร,,,,,,,7-May-2026,,,น้ำฝน,,,,,,,,,,
,7/5/2026,Pimnupon,ü,,,,ü,ตรี,บริหารธุรกิจ,การจัดการ,ม.6,,ชำระตรง,0650062830,7-May-2026,,,น้ำฝน,โทรใหม่หลังเลิกงาน,,,,,,,,,
,7/5/2026,Melyavin Ponhelta,,ü,,,ü,,,,,,,,7-May-2026,,,น้ำฝน,,,,,,,,,,
,7/5/2026,กุลภู่ รักธิดา,,ü,,,ü,ตรี,บริหารธุรกิจ,การจัดการ,ม.6,,,,7-May-2026,,,น้ำฝน,,,,,,,,,,
,8/5/2026,Helomkit'kityapim Anixwy,,ü,,,ü,ตรี,บริหารธุรกิจ,การจัดการ,ม.6,,,,8-May-2026,,,มะลิ,,,,,,,,,,
,8/5/2026,Daransir,,ü,,,ü,ตรี,บริหารธุรกิจ,การจัดการ,ปวช.,,ชำระตรง,0897102828,8-May-2026,,,มะลิ,ยังไม่ตัดสินใจ,,,,,,,,,
,8/5/2026,Gunzenul.LUSON Deesana,,ü,,,ü,โท,รัฐศาสตร์,รัฐศาสตร์,ป.ตรี,,ชำระตรง,,8-May-2026,,,มะลิ,,,,,,,,,,
,10/5/2026,Nuwan Ululgun,,ü,,,ü,ตรี,ศึกษาศาสตร์,,ป.ตรีใบที่2,,,,10-May-2026,,,มะลิ,,,,,,,,,,
,10/5/2026,LUSON'Ixtipka Melwynu,,ü,,,ü,ตรี,บริหารธุรกิจ,การจัดการ,ม.6,,,,10-May-2026,,,มะลิ,,,,,,,,,,
,10/5/2026,navernu,ü,,,,ü,ตรี,บริหารธุรกิจ,การจัดการ,ม.6,กู้,,,10-May-2026,,,มะลิ,,,,,,,,,,
,10/5/2026,Pimixtip Lezensir,,ü,,,ü,โท,รัฐศาสตร์,รัฐศาสตร์,ป.ตรี,,,,10-May-2026,,,มะลิ,นัดโทรอีกครั้งสัปดาห์หน้า,ขอดูค่าใช้จ่ายก่อน,,,,,,,,
,10/5/2026,จิตธัญ วันเดือน,,ü,,,ü,ตรี,บริหารธุรกิจ,การจัดการ,ม.6,,ชำระตรง,,10-May-2026,,,มะลิ,ขอคิดดูก่อน,,,,,,,,,
,10/5/2026,อุ่นธัญ ขวัญธิดา,,ü,,,ü,ตรี,บริหารธุรกิจ,การจัดการ,ปวส.,,,,10-May-2026,,,มะลิ,,,,,,,,,,
,10/5/2026,wansonna,ü,,,,ü,ตรี,บริหารธุรกิจ,การจัดการ,ปวส.,,,,10-May-2026,,,มะลิ,,,,,,,,,,
,11/5/2026,Gunixno pontiptor,,ü,,,ü,ตรี,บริหารธุรกิจ,การจัดการ,ม.6,,,,11-May-2026,,,มะลิ,,,,,,,,,,
,11/5/2026,Quaomtor ratannu,,ü,,,ü,ตรี,บริหารธุรกิจ,การจัดการ,ม.6,,,,11-May-2026,,,มะลิ,,,,,,,,,,
,12/5/2026,ต้นกุล อัญปิ่น,,ü,,,ü,ตรี,บริหารธุรกิจ,การจัดการ,ม.6,กู้,,,12-May-2026,,,น้ำฝน,,,,,,,,,,
,12/5/2026,ปรีดาภูมิ,ü,,,,ü,ตรี,รัฐศาสตร์,รัฐประศาสนศาสตร์,ม.6,,,,12-May-2026,,,น้ำฝน,,,,,,,,,,
,12/5/2026,ภูมิแก้ว  นิ่มรัก,ü,,,,ü,ตรี,,,,,,,12-May-2026,,,น้ำฝน,,,,,,,,,,
,12/5/2026,Quasirnu Nuwan,,ü,,,ü,,,,,,,,12-May-2026,,,น้ำฝน,,,,,,,,,,
,12/5/2026,Nolefa Ludarvin,,ü,,,ü,ตรี,บริหารธุรกิจ,โลจิสติกส์,ม.6,,ชำระตรง,,12-May-2026,,,น้ำฝน,,,,,,,,,,
,12/5/2026,Ponanom Ramonjo,,ü,,,ü,โท,,,,,,,12-May-2026,,,น้ำฝน,,,,,,,,,,
,12/5/2026,จันทร์วิไล จันทร์ขวัญ,,ü,,,ü,โท,บริหารธุรกิจ,บริหารธุรกิจ,ป.ตรี,,ชำระตรง,,12-May-2026,,,น้ำฝน,,,,,,,,,,
,12/5/2026,Nuleix Darchaiul Deenu,,ü,,,ü,,,,,,,,12-May-2026,,,น้ำฝน,,,,,,,,,,
,12/5/2026,น้ำวิไล  มั่นกุล,,ü,,,ü,,,,,,,,13-May-2026,,,น้ำฝน,,,,,,,,,,
,12/5/2026,ณัฐสุข ปรีดานุช,,ü,,,ü,,,,,,,,13-May-2026,,,น้ำฝน,,,,,,,,,,
,13/5/2026,Veranno Sirquata,,ü,,,ü,,,,,,,,13-May-2026,,,น้ำฝน,,,,,,,,,,
,13/5/2026,ฟ้าต้น ดีสุข,,ü,,,ü,,,,,,,,13-May-2026,,,น้ำฝน,,,,,,,,,,
,13/5/2026,Pimulgun Nusana,,ü,,,ü,,,,,,,,13-May-2026,,,น้ำฝน,,,,,,,,,,
,13/5/2026,Lemonbo Melsirwan,,ü,,,ü,,,,,,,,13-May-2026,,,น้ำฝน,,,,,,,,,,
,13/5/2026,Samon Nuratom,,ü,,,ü,ตรี,บริหารธุรกิจ,โลจิสติกส์,,,กู้,,13-May-2026,,,น้ำฝน,ขอปรึกษาครอบครัวก่อน,,,,,,,,,
,13/5/2026,Tipkaya Kitrika,,ü,,,ü,ปวส,,,ม.6,,,,13-May-2026,,,น้ำฝน,ยังไม่ตัดสินใจ,,,,,,,,,
,13/5/2026,Melyavin Ponhelta,,ü,,,ü,ปวส,รัฐศาสตร์,รัฐประศาสนศาสตร์,ปวส,,ชำระตรง,0677712773,13-May-2026,,,น้ำฝน,,,,,,,,,,
,13/5/2026,Lunu Wyquano,,ü,,,ü,ตรี,บริหารธุรกิจ,การจัดการ,ม.6,,,,13-May-2026,,,น้ำฝน,,,,,,,,,,
,13/5/2026,Wanmon Kitfa,,ü,,,ü,ตรี,บริหารธุรกิจ,การจัดการ,ปวส,,,,13-May-2026,,,น้ำฝน,,,,,,,,,,
,13/5/2026,Raver Sirtipfa,,ü,,,ü,ตรี,บริหารธุรกิจ,การจัดการ,ม.6,,ชำระตรง,0978940372,13-May-2026,,,มะลิ,ยังไม่ตัดสินใจ,,,,,,,,,
,13/5/2026,Fanuom NOVINZEN Kaanbo,,ü,,,ü,ตรี,บริหารธุรกิจ,การจัดการ,ม.6,,,,13-May-2026,,,น้ำฝน,,,,,,,,,,
,13/5/2026,ฟ้าดี ,,ü,,,ü,ตรี,บริหารธุรกิจ,โลจิสติกส์,ปวส,,,,13-May-2026,,แอดไลน์กลับมาเรียบร้อยแล้ว,มะลิ,ยังไม่ตัดสินใจ,ขอปรึกษาครอบครัวก่อน,,,,,,,,
,13/5/2026,Peixhel Pimwyhel,,ü,,,ü,ตรี,บริหารธุรกิจ,การจัดการ,ปวส,,,,13-May-2026,,,น้ำฝน,,,,,,,,,,
,13/5/2026,Nameljo,ü,,,,ü,ตรี,บริหาธุรกิจ,การจัดการ,ปวช,,,,13-May-2026,,,น้ำฝน,,,,,,,,,,
,13/5/2026,ชัยวัน  ธิดาฟ้า,,ü,,,ü,ตรี,รัฐศาสตร์,รัฐประศาสนศาสตร์,ม.6,,,,13-May-2026,,,น้ำฝน,,,,,,,,,,
,13/5/2026,Ponsirwy Fasavin,,ü,,,ü,,,,,,,,13-May-2026,,,น้ำฝน,,,,,,,,,,
,13/5/2026,Riverchai Deedeera,,ü,,,ü,ตรี,บริหารธุรกิจ,โลจิสติกส์,ม.6,,,,13-May-2026,,,น้ำฝน,,,,,,,,,,
,13/5/2026,Riulbo Chaichaita,,ü,,,ü,ตรี,รัฐศาสตร์,รัฐประศาสนศาสตร์,ม.6,,,,13-May-2026,,,น้ำฝน,,,,,,,,,,
,13/5/2026,ชัยปิ่น ต้นกุล ธิดาภูมิ,,ü,,,ü,ตรี,รัฐศาสตร์,รัฐประศาสนศาสตร์,ม.6,,,,13-May-2026,,,น้ำฝน,,,,,,,,,,
,13/5/2026,ณัฐใบ้ ภัทรธิดา,,ü,,,ü,,,,,,,,13-May-2026,,,น้ำฝน,,,,,,,,,,
,13/5/2026,Rimonbo Rinaan ,,ü,,,ü,ตรี,บริหารธุรกิจ,การจัดการ,ม.6,,ชำระตรง,098-6148006,13-May-2026,,,น้ำฝน,ขอดูค่าใช้จ่ายก่อน,ขอคิดดูก่อน,,,,,,,,
,13/5/2026,Ixchaiul Lenodee,,ü,,,ü,,,,,,,,13-May-2026,,,น้ำฝน,,,,,,,,,,
,13/5/2026,ทิพนุช  ทิพภูมิ,,ü,,,ü,ตรี,บริหารธุรกิจ,การจัดการ,ปวช ,,กู้,0952650423,13-May-2026,,,น้ำฝน,ขอปรึกษาครอบครัวก่อน,,,,,,,,,
,13/5/2026,Taponmon Wyverwy,,ü,,,ü,ตรี,บริหารธุรกิจ,การจัดการ,ปวส,,ชำระตรง,,14-May-2026,,,น้ำฝน,ยังไม่ตัดสินใจ,,,,,,,,,
,13/5/2026,Sayahel Sonnovin Ulheldar,,ü,,,ü,ตรี,บริหารธุรกิจ,การจัดการ,ปวช,,,,14-May-2026,,,มะลิ,,,,,,,,,,
,13/5/2026,Famellu Rinoya,,ü,,,ü,เอก,,,,,,,14-May-2026,,,น้ำฝน,ขอดูค่าใช้จ่ายก่อน,,,,,,,,,
,13/5/2026,Karat Karat,,ü,,,ü,ตรี,บริหารธุรกิจ,การจัดการ,,,,,14-May-2026,,,น้ำฝน,,,,,,,,,,
,14/5/2026,NOVINTOR-tipjomon Risonno,,ü,,,ü,,บริหารธุรกิจ,การจัดการ,ม.6,,,,14-May-2026,,,น้ำฝน,,,,,,,,,,
,14/5/2026,Anjoan Ulnomon,,ü,,,ü,ตรี,บริหารธุรกิจ,การจัดการ,ปวส,,ชำระตรง,0871240712,14-May-2026,,,มะลิ,น้ำฝนโทร โทรใหม่หลังเลิกงาน,,,,,,,,,
,14/5/2026,มณีกัญ ภัทรปั้น,,ü,,,ü,,,,,,,,13-May-2026,,,น้ำฝน,,,,,,,,,,
,14/5/2026,แก้วฟ้า น้ำสิน,,ü,,,ü,ตรี,บริหารธุรกิจ,การจัดการ,ม.6,,,,13-May-2026,,,น้ำฝน,,,,,,,,,,
,14/5/2026,Anbosa Peulfa,,ü,,ü,,ตรี,บัญชี,,ม.6,,,,13-May-2026,,,มะลิ,ยังไม่ตัดสินใจ,,,,,,,,,
,14/5/2026,Omverwy Ultiprat,,ü,,,ü,ตรี,รัฐศาสตร์,รัฐประศาสนศาสตร์,ปวส,,ชำระตรง,0629399527,13-May-2026,,,น้ำฝน,โทร ยังไม่ตัดสินใจ,ขอดูค่าใช้จ่ายก่อน,,,,,,,,
,14/5/2026,Deeri Yazentip,,ü,,,ü,,,,,,,,13-May-2026,,,น้ำฝน,,,,,,,,,,
,14/5/2026,Namonsir RIDEE gunpimqua,,ü,,,ü,โท,บริหารธุรกิจ,บริหารธุรกิจ,ป.ตรี,,ชำระตรง,,14-May-2026,,,น้ำฝน,,,,,,,,,,
,14/5/2026,Nuvintor Bogunan,,ü,,,ü,,,,,,,,14-May-2026,,,น้ำฝน,,,,,,,,,,
,14/5/2026,Yaquawan Riboka,,ü,,,ü,ตรี,บริหารธุรกิจ,การจัดการ,ม.6,,,,14-May-2026,,,น้ำฝน,,,,,,,,,,
,14/5/2026,นุชเพ็ญ น้ำรัก.กิ่งสิน,,ü,,,ü,,,,,,,,14-May-2026,,,น้ำฝน,,,,,,,,,,
,14/5/2026,Peulqua Chaideeom,,ü,,,ü,โท,เอกไทยปฐมวัย,,,,,,14-May-2026,,,น้ำฝน,สนใจสมัคร รอเงินเดือนออก,,,,,,,,,
,14/5/2026,Uldee Lenodar,,ü,,,ü,,,,,,,,14-May-2026,,,น้ำฝน,,,,,,,,,,
,14/5/2026,Pewanver Taguntor,,ü,,,ü,,,,,,,,14-May-2026,,,น้ำฝน,,,,,,,,,,
,14/5/2026,Riwan Ulsonrat ,,ü,,,ü,,,,,,,,14-May-2026,,,น้ำฝน,,,,,,,,,,
,14/5/2026,ภัทรกิ่ง กุลเดือน,,ü,,,ü,ตรี,รัฐศาสตร์,รัฐประศาสนศาสตร์,ม.6,,,,14-May-2026,,,น้ำฝน,,,,,,,,,,
,14/5/2026,Monponpim Deezenpim,,ü,,,ü,ตรี,รัฐศาสตร์,รัฐประศาสนศาสตร์,ปวส,,ชำระตรง,,14-May-2026,,,น้ำฝน,,,,,,,,,,
,14/5/2026,Melmonkit Helsazen,,ü,,ü,,ตรี,สาธารณสุข,สาธารณสุข,ม.6,,กู้,0687769249,14-May-2026,,,น้ำฝน,ยังไม่ตัดสินใจ,,,,,,,,,
,14/5/2026,Perasa Ixtasa ,,ü,,,ü,ตรี,บริหารธุรกิจ,การจัดการ,ม.6,,กู้,0964712698,14-May-2026,,,น้ำฝน,ขอปรึกษาครอบครัวก่อน,,,,,,,,,
,14/5/2026,Nobo Anix,,ü,ü,,,โท,ศึกษาศาสตร์,บริหารการศึกษา,ป.ตรี,,,,14-May-2026,,,มะลิ,,,,,,,,,,
,14/5/2026,Ponpekit Tawanqua,,ü,,,ü,ตรี,บริหารธุรกิจ,โลจิสติกส์,ม.6,,,,14-May-2026,,,มะลิ,,,,,,,,,,
,14/5/2026,แก้วนิ่ม นิ่มกัญ,,ü,,,ü,ตรี,รัฐศาสตร์,รัฐประศาสนศาสตร์,ม.6,,กูู้้,068-5268783,14-May-2026,,,มะลิิ,ขอปรึกษาครอบครัวก่อน,ยังไม่ตัดสินใจ,,,,,,,,
,17/5/2026,PIMKAIX,ü,,,,ü,ตรี,บริการธุรกิจ,,,,,,17-May-2026,,,มะลิ,,,,,,,,,,
,17/5/2026,ชื่นณัฐ อุ่นกุล,,ü,,,ü,ปวส.,,,ปวช.,,,,17-May-2026,,,มะลิ,,,,,,,,,,
,17/5/2026,Andeedee Sirpimqua,,ü,,,ü,ตรี,บริหารธุรกิจ,การจัดการ,กศน.ม.6,,ชำระตรง,,17-May-2026,,,มะลิ,ยังไม่ตัดสินใจ,,,,,,,,,
,17/5/2026,Ulsaom Ixnuka,,ü,,,ü,ตรี,บริหารธุรกิจ,การจัดการ,กศน.ม.6,,กู้,,17-May-2026,,,มะลิ,,,,,,,,,,
,18/5/2026,ธัญสิน รักดี,,ü,,,ü,ตรี,บริหารธุรกิจ,การจัดการ,ปวส.,,,,18-May-2026,,,มะลิ,,,,,,,,,,
,18/5/2026,Deeanchai.Kitmonchai,ü,,,,ü,ตรี,บริหารธุรกิจ,การจัดการ,ปวส.,,,,18-May-2026,,,มะลิ,,,,,,,,,,
,19/5/2026,ดีวัน ภู่ดี,,ü,,ü,,ตรี,บัญชี,บัญชี,ปวส.,,,,19-May-2026,,,มะลิ,,,,,,,,,,
,19/5/2026,Dardeena Omtaka Ulannu Vintaqua,,ü,,,ü,ตรี,,,ปวช.,,,,19-May-2026,,,มะลิ,,,,,,,,,,
,19/5/2026,เพ็ญปรีดา เพ็ญปรีดา,,ü,,,ü,ตรี,รัฐศาสตร์,รัฐประศาสนศาสตร์,ม.6,,,,19-May-2026,,,มะลิ,,,,,,,,,,
,19/5/2026,Lewansa CHAIDARVIN Helrirat,,ü,,,ü,ตรี,บริหารธุรกิจ,การจัดการ,ปวส.,,,,19-May-2026,,,มะลิ,,,,,,,,,,
,19/5/2026,ฟ้าภูมิ ใบ้ทิพ,,ü,,,ü,ตรี,บริหารธุรกิจ,การจัดการ,กศน.ม.6,,,,19-May-2026,,,มะลิ,,,,,,,,,,
,19/5/2026,น้ำพิม วิไลยิ่ง พิมปั้น,,ü,,,ü,ตรี,รัฐศาสตร์,รัฐประศาสนศาสตร์,ปวส.,,,,19-May-2026,,,มะลิ,,,,,,,,,,
,20/5/2026,สินชื่น,ü,,,,ü,ตรี,บริหารธุรกิจ,การจัดการ,ม.6,,,,20-May-2026,,,มะลิ,,,,,,,,,,
,20/5/2026,MELUL,ü,,,,ü,ตรี,บริหารธุรกิจ,โลจิสติกส์,กศน.ม.6,,,,20-May-2026,,,มะลิ,,,,,,,,,,
,20/5/2026,ณัฐปั้น อัญสิน,,ü,,,ü,ตรี,บริหารธุรกิจ,การจัดการ,ม.6,,กู้,,20-May-2026,,,มะลิ,,,,,,,,,,
,20/5/2026,Meluljo Sonulzen,,ü,,,ü,ตรี,บริหารธุรกิจ,การจัดการ,ปวช.,,,,20-May-2026,,,มะลิ,,,,,,,,,,
,20/5/2026,ปรีดารุ่ง พร้อมอุ่น,,ü,,,ü,ตรี,บริหารธุรกิจ,การจัดการ,ปวส.,,,,20-May-2026,,,มะลิ,,,,,,,,,,
,20/5/2026,ยิ่งฟ้า เพ็ญนิ่ม,,ü,,,ü,โท,,,,,,,20-May-2026,,,น้ำฝน,,,,,,,,,,
,20/5/2026,Ulixvin Ritaver,,ü,,,ü,ตรี,,,,,,,20-May-2026,,,น้ำฝน,ขอปรึกษาครอบครัวก่อน,,,,,,,,,
,20/5/2026,Ulomdee Wyyari,,ü,,,ü,ตรี,บริหารธุรกิจ,การจัดการ,,,,,20-May-2026,,,น้ำฝน,,,,,,,,,,
,20/5/2026,Omtipjo Lurina,,ü,,,ü,ตรี,บริหารธุรกิจ,การจัดการ,ปวช,ชำระตรง,,,20-May-2026,,,น้ำฝน,,,,,,,,,,
,20/5/2026,นุชวิไล  พิมสิน,ü,,,,ü,โท,บริหารธุรกิจ,บริหารธุรกิจ,ป.ตรี,ชำระตรง,,0671185787,20-May-2026,,,น้ำฝน,ยังไม่ตัดสินใจ,,,,,,,,,
,20/5/2026,Pontaan,ü,,,,ü,ตรี,รัฐศาสตร์,รัฐประศาสนศาสตร์,ม.6,ชำระตรง,,,20-May-2026,,,น้ำฝน,,,,,,,,,,
,20/5/2026,Tipdeequa Zentor,,ü,,,ü,ตรี,บริหารธุรกิจ,บริหารธุรกิจ,ปวส,ชำระตรง,,,20-May-2026,,,น้ำฝน,,,,,,,,,,
,20/5/2026,รุ่งเดือน,,ü,,,ü,ตรี,บริหารธุรกิจ,การจัดการ,ม.6,,กู้,,20-May-2026,,,น้ำฝน,ขอปรึกษาครอบครัวก่อน,,,,,,,,,
,20/5/2026,สุขใบ้,,ü,,,ü,ตรี,รัฐศาสตร์,รัฐประศาสนศาสตร์,ปวส,,,,20-May-2026,,,น้ำฝน,,,,,,,,,,
,20/5/2026,Kakadar Deequawan,,ü,,,ü,ตรี,,,ปวช,,,,20-May-2026,,,น้ำฝน,ขอคิดดูก่อน,,,,,,,,,
,21/5/2026,LULU Darwywy Zensirbo Nonodar,,ü,,,ü,ตรี,,,,,,,21-May-2026,,,มะลิ,,,,,,,,,,
,21/5/2026,chainurat Zennuno,,ü,,ü,,ตรี,ศิลปศาสตร์,ท่องเที่ยวโรงแรม,ปวช.,,,,21-May-2026,,,มะลิ,,,,,,,,,,
,21/5/2026,Saquason Saquason,ü,,,,ü,ตรี,บริหารธุรกิจ,การจัดการ,ม.6,ชำระตรง,,,21-May-2026,,,มะลิ,ยังไม่ตัดสินใจ,,,,,,,,,
,21/5/2026,Darsa Ixverka,,ü,,,ü,ตรี,รัฐศาสตร์,รัฐประศาสนศาสตร์,ปวช.,,,,21-May-2026,,,มะลิ,,,,,,,,,,
,22/5/2026,ภัทรสุข นุชภู่,,ü,,,ü,ตรี,รัฐศาสตร์,รัฐประศาสนศาสตร์,ม.6,,,,22-May-2026,,,มะลิ,,,,,,,,,,
,22/5/2026,Nogunchai Riheljo,,ü,,,,ตรี,บัญชี,บัญชี,,,,,22-May-2026,,,มะลิ,,,,,,,,,,
,22/5/2026,Wanchaiwan Taluvin,,ü,,,ü,ตรี,บริหาธุรกิจ,โลจิสติกส์,ปวช.,ชำระตรง,,,22-May-2026,,,มะลิ,ยังไม่ตัดสินใจ,,,,,,,,,
,22/5/2026,Yamonwy Quara,,ü,,,ü,ตรี,รัฐศาสตร์,รัฐประศาสนศาสตร์,ปวช.,ชำระตรง,,,22-May-2026,,,มะลิ,,,,,,,,,,
,22/5/2026,Quatipzen Tawy,,ü,,,ü,ตรี,บริหารธุรกิจ,โลจิสติกส์,ม.6,,,,22-May-2026,,,น้ำฝน,,,,,,,,,,
,22/5/2026,Omfawy Lupever,,ü,,,ü,ตรี,บริหารธุรกิจ,การจัดการ,ม.6,,,,22-May-2026,,,น้ำฝน,,,,,,,,,,
,22/5/2026,Riixsa  Tiplusir,,ü,,,ü,ตรี,บริหาธุรกิจ,การจัดการ,ม.6,ชำระตรง,,,22-May-2026,,,น้ำฝน,,,,,,,,,,
,22/5/2026,Wytipom meltorka Tipomra,,ü,,,ü,ตรี,,,ม.6,,,,22-May-2026,,,น้ำฝน,,,,,,,,,,
,24/5/2026,Heljori Zenyamel,,ü,,,ü,ตรี,รัฐศาสตร์,รัฐประศาสนศาสตร์,ม.6,ชำระตรง,,,24-May-2026,,,มะลิิ,,,,,,,,,,
,24/5/2026,พร้อมเดือน จันทร์เดือน,,ü,,,ü,ตรี,รัฐศาสตร์,รัฐประศาสนศาสตร์,ปวส.,,,,24-May-2026,,,มะลิ,ยังไม่ตัดสินใจ,,,,,,,,,
,25/5/2026,ยิ่งนุช ธิดานิ่ม,,ü,,,ü,ตรี,รัฐศาสตร์,รัฐประศาสนศาสตร์,กศน.ม.6,,,,25-May-2026,,,มะลิ,,,,,,,,,,
,25/5/2026,Fahelra Riwanchai,,ü,,,ü,ตรี,,,,,,,25-May-2026,,,มะลิ,,,,,,,,,,
,25/5/2026,ธิดาจิต ภู่แก้ว,,ü,,,ü,ตรี,รัฐศาสตร์,รัฐประศาสนศาสตร์,ปวส.,,,,25-May-2026,,,มะลิ,,,,,,,,,,
,25/5/2026,Kitra Melrihel,,ü,,,ü,ตรี,บริหารธุรกิจ,โลจิสติกส์,ปวส.,,,,25-May-2026,,,มะลิ,,,,,,,,,,
,26/5/2026,Sazendee Ponfawy,,ü,,,ü,ตรี,บริหาธุรกิจ,การจัดการ,กศน.ม.6,,กูู้้,065-0096081,26-May-2026,,,มะลิ,ขอปรึกษาครอบครัวก่อน,,,,,,,,,
,26/5/2026,YACHAIRI CHAIBOJO,,ü,,,ü,ตรี,บริหารธุรกิจ,การจัดการ,ม.6,,กู้,,27-May-2026,,,น้ำฝน,,,,,,,,,,
,26/5/2026,Melsonfa Jouljo,,ü,,,,,,,,,,,,,,น้ำฝน,,,,,,,,,,
,26/5/2026,Verix Sagunjo,,ü,,,,,,,,,,,,,,น้ำฝน,,,,,,,,,,
,26/5/2026,กิ่งธัญ กิ่งธัญ,,ü,,,,,,,,,,,,,,น้ำฝน,,,,,,,,,,
,26/5/2026,Chailu Quawan,,ü,,,ü,โท,ป.บัณฑิต,,,,,,,,,น้ำฝน,ยังไม่ตัดสินใจ,,,,,,,,,
,27/5/2026,Helguntip Ponbo,,ü,,,,,,,,,,,,,,น้ำฝน,,,,,,,,,,
,27/5/2026,Bodarjo Melomlu,,ü,,,ü,ตรี,รัฐศาสตร์,รัฐประศาสนศาสตร์,กศน.ม.6,,,,27-May-2026,,,มะลิ,,,,,,,,,,
,27/5/2026,Omriom Novinya,,ü,,,ü,ตรี,รัฐศาสตร์,รัฐประศาสนศาสตร์,กศน.ม.6,ชำระตรง,,,27-May-2026,,,มะลิ,,,,,,,,,,
,27/5/2026,Sirtipri Pesir,,ü,,,ü,ตรี,,,,,,,27-May-2026,,,น้ำฝน,,,,,,,,,,
,27/5/2026,ณัฐภู่ จิตสิน,,ü,,,ü,ตรี,บริหารธุรกิจ,การจัดการ,ปวช,ชำระตรง,,,27-May-2026,,,น้ำฝน,,,,,,,,,,
,27/5/2026,Sirbo Sirbo,,ü,,,ü,ตรี,บริหารธุรกิจ,การจัดการ,ปวช,,,,27-May-2026,,,น้ำฝน,,,,,,,,,,
,27/5/2026,Helbomel Kitquaka,,ü,,,ü,ตรี,รัฐศาสตร์,รัฐประศาสนศาสตร์,ม.6,ชำระตรง,,,27-May-2026,,,น้ำฝน,,,,,,,,,,
,27/5/2026,Nawylu Melvertip,,ü,,,ü,ตรี,รัฐศาสตร์,รัฐประศาสนศาสตร์,ม.6,กู้,,,27-May-2026,,,น้ำฝน,,,,,,,,,,
,27/5/2026,Darpim'wananzen Wyomnu,,ü,,,ü,,,,,,,,27-May-2026,,,น้ำฝน,,,,,,,,,,
,27/5/2026,KITSIRVIN'jotara Nasano,,ü,,,ü,โท,บริหารธุรกิจ,บริหารธุรกิจ,ป.ตรี,ชำระตรง,,,27-May-2026,,,น้ำฝน,,,,,,,,,,
,27/5/2026,Sirquaqua Sirvinya,,ü,,,ü,ตรี,บริหารธุรกิจ,การจัดการ,กศน,,,,27-May-2026,,,น้ำฝน,,,,,,,,,,
,27/5/2026,Darnubo Nonutor,,ü,,,ü,ตรี,บริหารธุรกิจ,การจัดการ,ปวส,ชำระตรง,,,27-May-2026,,,น้ำฝน,ขอคิดดูก่อน,,,,,,,,,
,28/5/2026,Fasa Vintorpon,,ü,,,ü,ตรี,บริหารธุรกิจ,การจัดการ,ปวช,ชำระตรง,,,28-May-2026,,,น้ำฝน,,,,,,,,,,
,28/5/2026,Ommellu Ponulmon,,ü,,,ü,ตรี,บริหารธุรกิจ,การจัดการ,ปวช,ชำระตรง,,,28-May-2026,,,น้ำฝน,,,,,,,,,,
,28/5/2026,Sazendee Ponfawy,,ü,,,ü,ตรี,บริหารธุรกิจ,การจัดการ,ม.6,ชำระตรง,,,28-May-2026,,,น้ำฝน,,,,,,,,,,
,28/5/2026,Tipkitwan Kitjolu,,ü,,,ü,ตรี,บริหารธุรกิจ,การจัดการ,ปวส,ชำระตรง,,094-8215321,27-May-2026,,,น้ำฝน,ขอดูค่าใช้จ่ายก่อน,,,,,,,,,
,28/5/2026,Deekason Ulpeta Ixpetip,,ü,,,ü,,,,,,,,28-May-2026,,,น้ำฝน,,,,,,,,,,
,28/5/2026,ปรีดาจันทร์ จันทร์ต้น,,ü,,,ü,ตรี,บริหารธุรกิจ,การจัดการ,ม.6,ชำระตรง,,066-3628478,28-May-2026,,ถามว่าต้องมาสอบที่มหาวิทยาลัยไหม,น้ำฝน,ขอปรึกษาครอบครัวก่อน,,,,,,,,,
,28/5/2026,Kitponbo Kitponbo,,ü,,,ü,,,,,,,,27-May-2026,,,น้ำฝน,,,,,,,,,,
,28/5/2026,Lekitna Luraix,,ü,,,ü,ตรี,บริหารธุรกิจ,การจัดการ,ม.6,ชำระตรง,,094-6048596,27-May-2026,,,น้ำฝน,,,,,,,,,,
,28/5/2026,ธิดาชื่น ภัทรยิ่ง นิ่มนิ่ม,,ü,,,ü,ตรี,รัฐศาสตร์,รัฐประศาสนศาสตร์,ม.6,กู้,,,28-May-2026,,,น้ำฝน,,,,,,,,,,
,28/5/2026,Nufaver Quamelbo Pimponzen,,ü,,,ü,ตรี,บริหารธุรกิจ,โลจิสติกส์,ม.6,ชำระตรง,,,28-May-2026,,,น้ำฝน,ขอคิดดูก่อน,ขอคิดดูก่อน,,,,,,,,
,28/5/2026,Verulqua Wanpimno,,ü,,,ü,ตรี,บริหารธุรกิจ,โลจิสติกส์,ม.6,ชำระตรง,,,28-May-2026,,,น้ำฝน,ขอดูค่าใช้จ่ายก่อน,,,,,,,,,
,28/5/2026,NUZENDAR,ü,,,,ü,ตรี,บริหารธุรกิจ,การจัดการ,ปวส.,กู้,,085-7213279,28-May-2026,,,มะลิิ,,,,,,,,,,
,28/5/2026,Gunwanya Luquaom,,,,,,ตรี,,ฉุกเฉินการแพทย์,ม.6,,,,28-May-2026,,,มะลิ,,,,,,,,,,
,29/5/2026,Zennotip Taulpe,,ü,,,ü,ตรี,บริหารธุรกิจ,การจัดการ,ม.6,,,,29-May-2026,,,มะลิ,,,,,,,,,,
,29/5/2026,ปิ่นฤดี ปรีดากัญ,ü,,,,ü,ตรี,บริหารธุรกิจ,การจัดการ,ปวส.,ชำระตรง,,082-6237586,29-May-2026,,,ครูสมศรี,,,,,,,,,,
,29/5/2026,Wyversa Ravinri,,,,,,ตรี,พยาบาลศาสตร์,พยาบาลศาสตร์,,,,,29-May-2026,,,มะลิ,,,,,,,,,,
,29/5/2026,Torponsir Chaijoqua,,,,,,ตรี,,,,,,,29-May-2026,,,มะลิ,ขอคิดดูก่อน,,,,,,,,,
,29/5/2026,Sapontip Chaiomnu,,,,,,ตรี,,,,,,,29-May-2026,,,มะลิ,ขอคิดดูก่อน,,,,,,,,,
,30/5/2026,Melfapim Ratomsa,,ü,,,ü,ตรี,บริหารธุรกิจ,การจัดการ,ปวส.,ชำระตรง,,089-9454561,30-May-2026,,,มะลิ,,,,,,,,,,
,30/5/2026,Lemonpon Chaideekit ,,ü,,,ü,ตรี,รัฐศาสตร์,,,,,,30-May-2026,,,น้ำฝน,,,,,,,,,,
,30/5/2026,Chailusa nuwangun,,ü,,,ü,ตรี,บริหารธุรกิจ,การจัดการ,ปวช,ชำระตรง,,,30-May-2026,,,น้ำฝน,,,,,,,,,,
,30/5/2026,ชัยยิ่ง  กิ่งใบ้,,ü,,,ü,เอก,,,,,,,30-May-2026,,,น้ำฝน,,,,,,,,,,
,30/5/2026,Kitsongun Noomul,,ü,,,ü,ตรี,บริหารธุรกิจ,การจัดการ,ปวช,,,,30-May-2026,,,น้ำฝน,ขอคิดดูก่อน,,,,,,,,,
,30/5/2026,ชื่นรัก ต้นกิ่ง,,ü,,,ü,ตรี,บริหารธุรกิจ,การจัดการ,ม.6,กู้,,,30-May-2026,,,น้ำฝน,,,,,,,,,,
,30/5/2026,Nodeechai Melkarat,,ü,,,ü,ตรี,บริหารธุรกิจ,โลจิสติกส์,ม.6,,ชำระตรง,,30-May-2026,,,น้ำฝน,ยังไม่ตัดสินใจ,,,,,,,,,
,30/5/2026,ใบ้ธัญ ธัญพิม,,ü,,,ü,ตรี,บริหารธุรกิจ,การจัดการ,ม.6,กู้,,,30-May-2026,,,น้ำฝน,ขอดูค่าใช้จ่ายก่อน,,,,,,,,,
,30/5/2026,Ponragun Nuta,,ü,,,ü,โท,บริหารธุรกิ,บริหารธุรกิจ,ป.ตรี,,ชำระตรง,,30-May-2026,,,น้ำฝน,ขอดูค่าใช้จ่ายก่อน,,,,,,,,,
,30/5/2026,ภูมิณัฐ นุชน้ำ,,ü,,,ü,ตรี,รัฐศาสตร์,รัฐประศาสนศาสตร์,ม.6,,,,30-May-2026,,,น้ำฝน,,,,,,,,,,
,30/5/2026,Ponluhel Luratsir,,ü,,,ü,ตรี,คอมพิวเตอร์ดิจิดอล,,,,,,30-May-2026,,,น้ำฝน,,,,,,,,,,
,30/5/2026,Deewytor Nudeesa,,ü,,,ü,ตรี,รัฐศาสตร์,รัฐประศาสนศาสตร์,ม.6,,ชำระตรง,,31-May-2026,,,น้ำฝน,,,,,,,,,,
,30/5/2026,ทิพปิ่น ชื่นศิริ นุชฤดี,,ü,,,ü,,,,,,,,31-May-2026,,,น้ำฝน,,,,,,,,,,
,30/5/2026,จิตต้น ฤดีนิ่ม,,ü,,,ü,ตรี,บริหารธุรกิจ,การจัดการ,ม.6,,,,31-May-2026,,,น้ำฝน,,,,,,,,,,
,31/5/2026,Lupeix Raratchai ,,ü,,,ü,ปวส,,,ป.ตรี,,,,31-May-2026,,,น้ำฝน,ยังไม่ตัดสินใจ,,,,,,,,,
,31/5/2026,Rattatip Naulta,,ü,,,ü,ตรี,บริหารธุรกิจ,โลจิสติกส์,ม.6,,,,31-May-2026,,,น้ำฝน,,,,,,,,,,
,1/6/2026,Tipkazen Meltipno,,ü,,,ü,ตรี,บริหารธุรกิจ,,กศน.ม.6,กู้,,,1-Jun-2026,,,มะลิ,ขอดูค่าใช้จ่ายก่อน,,,,,,,,,
,1/6/2026,Nuwan Kitponri,,ü,,,ü,ตรี,บริหารธุรกิจ,โลจิสติกส์,ป.ตรีีใบที่2,,ชำระตรง,,1-Jun-2026,,,มะลิ,ขอดูค่าใช้จ่ายก่อน,,,,,,,,,
,1/6/2026,Sirixra Kalusir,,ü,,,ü,ตรี,บริหารธุรกิจ,โลจิสติกส์,ม.6,,ชำระตรง,064-4973074,1-Jun-2026,,ช่่วงเย็นสะดวกคุย,มะลิ,ขอดูค่าใช้จ่ายก่อน,,,,,,,,,
,1/6/2026,Chailusa Ixle,,ü,,,ü,ตรี,บริหารธุรกิจ,การจัดการ,ปวช.,,,,1-Jun-2026,,,มะลิ,ขอคิดดูก่อน,,,,,,,,,
,2/6/2026,Melomson Kalunu,,ü,,,ü,ตรี,บริหารธุรกิจ,การจัดการ,กศน.ม.6,,,,2-Jun-2026,,,มะลิ,,,,,,,,,,
,2/6/2026,Nupon,ü,,,,ü,ตรี,บริหารธุรกิจ,การจัดการ,กศน.ม.6,,,,2-Jun-2026,,,มะลิ,,,,,,,,,,
,2/6/2026,Deemonom Jotason,ü,,ü,,,ตรี,ศิลปศาสตร์,ท่องเที่ยวและโรงแรม,ม.6,,,,2-Jun-2026,,,มะลิ,ขอคิดดูก่อน,,,,,,,,,
,3/6/2026,Kitixan Fazenpon,,ü,,,ü,ตรี,บริหารธุรกิจ,การจัดการ,ปวส.,,,,3-Jun-2026,,,มะลิ,ขอดูค่าใช้จ่ายก่อน,,,,,,,,,
,3/6/2026,Helmonpe Fabopon,,ü,,,ü,โท,บริหารธุรกิจ,บริหารธุรกิจ,ป.ตรี,,ชำระตรง,,3-Jun-2026,,,มะลิ,,,,,,,,,,
,3/6/2026,Guntorno Raanson,,ü,,,ü,โท,บริหารธุรกิจ,บริหารธุรกิจ,ป.ตรี,,ชำระตรง,,3-Jun-2026,,,มะลิ,,,,,,,,,,
,4/6/2026,Joulzen,ü,,,,ü,ตรี,บริหารธุรกิจ,โลจิสติกส์,,,,,4-Jun-2026,,,มะลิ,,,,,,,,,,
,4/6/2026,Chailuson,ü,,,,ü,ตรี,บริหารธุรกิจ,การจัดการ,ม.6,,ชำระตรง,090-4433983,4-Jun-2026,,เคยสมัครไว้ปีที่แล้ว,น้ำฝน,,,,,,,,,,
,4/6/2026,ทิพแก้ว ธัญภูมิ ขวัญต้น,,ü,,,ü,ตรี,บริหารธุรกิจ,การจัดการ,ปวส.,,,,4-Jun-2026,,,มะลิ,,,,,,,,,,
,4/6/2026,ZENZENPON Ledeegun,,ü,,,ü,ตรี,รัฐศาสตร์,รัฐประศาสนศาสตร์,ปวส.,,ชำระตรง,,4-Jun-2026,,,มะลิ,,,,,,,,,,
,4/6/2026,Tipkitra Jolu,,ü,,,ü,ตรี,บริหารธุรกิจ,การจัดการ,กศน.ม.6,,ชำระตรง,,4-Jun-2026,,,มะลิ,,,,,,,,,,
,4/6/2026,Kawytip Rimelzen,,ü,,,ü,โท,ศิึกษาศาสตร์,บริิหารการศึกษา,ป.ตรี,,ชำระตรง,,4-Jun-2026,,,มะลิ,,,,,,,,,,
,4/6/2026,พิมใบ้ ธัญจันทร์,,ü,,,ü,ตรี,รัฐศาสตร์,รัฐประศาสนศาสตร์,ม.6,,ชำระตรง,,4-Jun-2026,,,มะลิ,,,,,,,,,,
,4/6/2026,Quachaira Peanwan Melhelmel,,ü,,,ü,ตรี,บริหารธุรกิจ,การจัดการ,ปวส.,,ชำระตรง,,4-Jun-2026,,,มะลิ,,,,,,,,,,
,4/6/2026,Sirulhel Wymonvin,,ü,,,ü,ตรี,บริหารธุรกิจ,การจัดการ,ปวส.,,ชำระตรง,,4-Jun-2026,,,มะลิ,,,,,,,,,,
,4/6/2026,Yata Anlutor,,ü,,,ü,ตรี,บริหารธุรกิจ,โลจิสติกส์,ม.6,,ชำระตรง,,4-Jun-2026,,,มะลิ,,,,,,,,,,
,4/6/2026,ชื่นกิ่ง ภู่บุญ,,ü,,,ü,ตรี,บริหารธุรกิจ,การจัดการ,กศน.ม.6,,ชำระตรง,,4-Jun-2026,,,มะลิ,,,,,,,,,,
,4/6/2026,Quamon Bowanno,,ü,,,ü,ตรี,บริหารธุรกิจ,การจัดการ,ม.6,,,,4-Jun-2026,,,มะลิ,,,,,,,,,,
,4/6/2026,Raix Tanuhel,,ü,,,ü,ตรี,รัฐศาสตร์,รัฐประศาสนศาสตร์,ปวส.,,ชำระตรง,,4-Jun-2026,,,มะลิ,,,,,,,,,,
,4/6/2026,Pontipkit Lurat Verwanno Luyakit,,ü,,,ü,ตรี,บริหารธุรกิจ,การจัดการ,กศน.ม.6,,ชำระตรง,,4-Jun-2026,,,มะลิ,ขอปรึกษาครอบครัวก่อน,,,,,,,,,
,4/6/2026,ศิริมั่น ปิ่นภูมิ,,ü,,,ü,ตรี,รัฐศาสตร์,รัฐประศาสนศาสตร์,อนุปริญญา,,,,4-Jun-2026,,,มะลิ,,,,,,,,,,
,5/6/2026,Noratna Pimgunjo,,ü,,,ü,ตรี,บริหารธุรกิจ,การจัดการ,ม.6,,ชำระตรง,,5-Jun-2026,,,มะลิ,,,,,,,,,,
,5/6/2026,Helulver Zenwanan,,ü,,,ü,ตรี,บริหารธุรกิจ,การจัดการ,กศน.ม.6,,,,5-Jun-2026,,,มะลิิ,,,,,,,,,,
,5/6/2026,Quaomul Monquaver Deeom-kaya,,ü,,,ü,ตรี,รัฐศาสตร์,รัฐประศาสนศาสตร์,กศน.ม.6,กู้,,,5-Jun-2026,,,มะลิ,,,,,,,,,,
,5/6/2026,Nofamon Torsonchai-tipchaison,,ü,,,ü,ตรี,,,,,,,5-Jun-2026,,,มะลิ,ขอดูค่าใช้จ่ายก่อน,,,,,,,,,
,5/6/2026,Favermel YARALE,,ü,,,ü,ตรี,รัฐศาสตร์,รัฐประศาสนศาสตร์,ม.6,,,,5-Jun-2026,,,มะลิ,,,,,,,,,,
,5/6/2026,Quaom Lumel,,ü,,,ü,ตรี,รัฐศาสตร์,รัฐประศาสนศาสตร์,ม.6,,,,5-Jun-2026,,,มะลิ,,,,,,,,,,
,7/6/2026,Anhelul Vertipwy,,ü,,,ü,โท,บริหารธุรกิจ,บริหารธุรกิจ,ป.ตรี,,,,7-Jun-2026,,,มะลิ,,,,,,,,,,
,7/6/2026,ขวัญภัทร'ฟ้าชัย,,ü,,,ü,ตรี,บริหารธุรกิจ,โลจิสติกส์,ม.6,,,,7-Jun-2026,,,มะลิ,,,,,,,,,,
,7/6/2026,Anomfa Chailuka,,ü,,,ü,โท,,,ป.ตรี,,,,7-Jun-2026,,,มะลิ,,,,,,,,,,
,6/6/2026,Risirvin Taomzen ,,ü,,,ü,ตรี,รัฐศาสตร์,รัฐประศาสนศาสตร์,ม.6,,ชำระตรง,091-0450843,6-Jun-2026,,,น้ำฝน,,,,,,,,,,
,6/6/2026,Chaidartor Tator Sirkitnu,,ü,,ü,,ตรี,วิทยาศาตร์และเทคโนโลยี,เทคโนโลยีสารสนเทศ ,ปวส,,ชำระตรง,,5-Jun-2026,,,น้ำฝน,,,,,,,,,,
,6/6/2026,ธัญฟ้า  มั่นน้ำ,,ü,,,ü,ตรี,รัฐศาสตร์,รัฐประศาสนศาสตร์,ม.6,,ชำระตรง,,5-Jun-2026,,,น้ำฝน,,,,,,,,,,
,6/6/2026,Notipqua Pimwanmon,,ü,,,ü,โท,บริหารธุรกิจ,บริหารธุรกิจ,ป.ตรี,,ชำระตรง,,6-Jun-2026,,,น้ำฝน,,,,,,,,,,
,6/6/2026,ชื่นกัญ ทิพศิริ,,ü,,,ü,โท,รัฐศาสตร์,รัฐประศาสนศาสตร์,ป.ตรี,,ชำระตรง,,6-Jun-2026,,,น้ำฝน,,,,,,,,,,
,6/6/2026,เพ็ญจันทร์  ชัยน้ำ,,ü,,,ü,ตรี,บริหารธุรกิจ,การจัดการ,ม.6,,,,6-Jun-2026,,,น้ำฝน,,,,,,,,,,
,6/6/2026,Nupewan Zennazen,,ü,,,ü,ตรี,บริหารธุรกิจ,การจัดการ,ปวส,,ชำระตรง,,6-Jun-2026,,,น้ำฝน,,,,,,,,,,
,6/6/2026,ธิดาแก้ว  ณัฐดี,,ü,,,ü,ตรี,บริหารธุรกิจ,การจัดการ,ปวช,,ชำระตรง,,6-Jun-2026,,,น้ำฝน,,,,,,,,,,
,6/6/2026,Darqua Sagun,,ü,,,ü,ตรี,บริหารธุรกิจ,โลจิสติกส์,,,,,6-Jun-2026,,,น้ำฝน,ขอดูค่าใช้จ่ายก่อน,,,,,,,,,
,7/6/2026,Darnupim Torqua,,ü,,,ü,ตรี,บริหารธุรกิจ,,ปวช.,,,,7-Jun-2026,,,มะลิ,,,,,,,,,,
,7/6/2026,Anpimom Jomelpe Jomelpe,,ü,,,ü,ตรี,รัฐศาสตร์,รัฐประศาสนศาสตร์,ม.6,,,,7-Jun-2026,,,มะลิ,ยังไม่ตัดสินใจ,,,,,,,,,
,8/6/2569,Monpesir Monulsir,,ü,,,ü,โท,รัฐศาสตร์,รัฐประศาสนศาสตร์,ป.ตรี,,ชำระตรง,097-6982081,8-Jun-2026,,,น้ำฝน,ขอคิดดูก่อน,,,,,,,,,
,8/6/2026,Quapon ,ü,,,,ü,ตรี,บริหารธุรกิจ,การจัดการ,ม.6,,ชำระตรง,063-6358357,8-Jun-2026,,,น้ำฝน,,,,,,,,,,
,8/6/2026,Gunnutor  Monquavin,,ü,,,ü,ตรี,บริหารธุรกิจ,การจัดการ,ม.6,,ชำระตรง,,8-Jun-2026,,,น้ำฝน,,,,,,,,,,
,8/6/2026,Chaifamon Jotipver,,ü,,,ü,ตรี,บริหารธุรกิจ,โลจิสติกส์,,,ชำระตรง,,8-Jun-2026,,,น้ำฝน,,,,,,,,,,
,8/6/2026,Kawy'ulyachai Omtorbo,,ü,,,ü,ตรี,บริหารธุรกิจ,การจัดการ,ม.6,,ชำระตรง,,8-Jun-2026,,,น้ำฝน,,,,,,,,,,
,8/6/2026,Gungunwan Ratkaka,,ü,,,ü,ตรี,นิติศาสตร์,,,,,,8-Jun-2026,,,น้ำฝน,ยังไม่ตัดสินใจ,,,,,,,,,
,8/6/2026,Pimluno ,,ü,,,ü,ตรี,บริหารธุรกิจ,โลจิสติกส์,ปวส.,,ชำระตรง,067-7801259,8-Jun-2026,,ขอเอกสารหลักสูตรทางไลน์,มะลิ,ขอคิดดูก่อน,ขอปรึกษาครอบครัวก่อน,ไม่รับสาย,,,,,,,
,8/6/2026,KAWANPIM,,ü,,,ü,ตรี,บริหารธุรกิจ,การจัดการ,ปวส.,,ชำระตรง,,8-Jun-2026,,,มะลิ,,,,,,,,,,
,9/6/2026,ปั้นพิม ปรีดามั่น,,ü,,,ü,ตรี,บริหารธุรกิจ,โลจิสติกส์,ม.6,,,,9-Jun-2026,,,มะลิิ,,,,,,,,,,
,9/6/2026,Fakitgun,ü,,,,ü,ตรี,รัฐศาสตร์,รัฐประศาสนศาสตร์,ป.ตรีีใบที่2,,,,9-Jun-2026,,,มะลิ,,,,,,,,,,
,9/6/2026,Nomel Tipsavin,,ü,,,ü,ตรี,รัฐศาสตร์,รัฐประศาสนศาสตร์,ม.6,,,,9-Jun-2026,,,น้ำฝน,,,,,,,,,,
,9/6/2026,ภูมิแก้ว  รักจิต  ยิ่งพิม,,ü,,,ü,ตรี,บริหารธุรกิจ,การจัดการ,ปวส,,,,9-Jun-2026,,,น้ำฝน,,,,,,,,,,
,9/6/2026,ปั้นจันทร์ ภูมิศิริ ฤดีพร้อม,,ü,,,ü,ตรี,บริหารธุรกิจ,โลจิสติกส์,ม.6,,,,9-Jun-2026,,,น้ำฝน,,,,,,,,,,
,9/6/2026,Ixratan   Napezen ,,ü,,,ü,ตรี,บริหารธุรกิจ,การจัดการ,ปวส,,,,9-Jun-2026,,,น้ำฝน,,,,,,,,,,
,9/6/2026,วันจันทร์ รุ่งปรีดา,,ü,,,ü,ตรี,บริหารธุรกิจ,การจัดการ,ม.6,,ชำระตรง,,9-Jun-2026,,,มะลิ,,,,,,,,,,
,9/6/2026,ansonvin bofana,,ü,,,ü,ตรี,บริหารธุรกิจ,การจัดการ,ปวส.,,ชำระตรง,,9-Jun-2026,,,มะลิ,,,,,,,,,,
,10/6/2026,Kapimsir Ratheldee Zendarul,,ü,,,ü,ป.เอก,ศึกษาศาสตร์,บริหารการศึกษา,ป.โท,,,,10-Jun-2026,,,มะลิ,ยังไม่ตัดสินใจ,,,,,,,,,
,10/6/2026,รุ่งวัน,,ü,,ü,,ป.ตรี,บัญชี,บัญชี,ปวส.,,,,10-Jun-2026,,,มะลิ,ขอดูค่าใช้จ่ายก่อน,,,,,,,,,
,11/6/2026,รักวัน ชัยภู่,,ü,ü,,,ตรีี,วิิศวกรรมศาสตร์,เครื่องกล,ปวช.,,,,11-Jun-2026,,,มะลิ,,,,,,,,,,
,11/6/2026,Quasondee Quasondee,,ü,,,ü,ตรี,บริหารธุรกิจ,การจัดการ,ปวส.,,ชำระตรง,,11-Jun-2026,,,มะลิ,,,,,,,,,,
,11/6/2026,Pimgunmel Pontorlu,,ü,,,ü,ตรี,บริหารธุรกิจ,การจัดการ,,,,,11-Jun-2026,,,มะลิ,,,,,,,,,,
,10/6/2026,Tawan Vindeeul,,ü,,,ü,ตรี,บริหารธุรกิจ,การจัดการ,,,,,10-Jun-2026,,,น้ำฝน,,,,,,,,,,
,10/6/2026,Jozenfa Sondarbo,,ü,,,ü,โท,บริหารธุรกิจ,บริหารธุรกิจ,ป.ตรี,,ชำระตรง,,10-Jun-2026,,,น้ำฝน,,,,,,,,,,
,10/6/2026,รุ่งอุ่น เพ็ญต้น,,ü,,,ü,ตรี,บริหารธุรกิจ,การจัดการ,ปวส,,,,10-Jun-2026,,,น้ำฝน,,,,,,,,,,
,11/6/2026,Ponsirkit Ulwyix,,ü,,,ü,ตรี,บริหารธุรกิจ,การจัดการ,ม.6,,ชำระตรง,,10-Jun-2026,,,น้ำฝน,,,,,,,,,,
,11/6/2026,ชัยบุญ มณีพิม,,ü,,,ü,ตรี,บริหารธุรกิจ,การจัดการ,ม.6,,,,10-Jun-2026,,,น้ำฝน,,,,,,,,,,
,11/6/2026,Riluri Tahelna,,ü,,,ü,ตรี,รัฐศาสตร์,รัฐประศาสนศาสตร์,,,,,10-Jun-2026,,,น้ำฝน,,,,,,,,,,
,11/6/2026,Lewymon Riulpon,,ü,,,ü,ตรี,รัฐศาสตร์,รัฐประศาสนศาสตร์,ปวส,,ชำระตรง,,11-Jun-2026,,,น้ำฝน,,,,,,,,,,
,11/6/2026,กิ่งภูมิ วิไลวัน,,ü,,,ü,โท,รัฐศาสตร์,รัฐประศาสนศาสตร์,ป.ตรี,,ชำระตรง,,11-Jun-2026,,,น้ำฝน,,,,,,,,,,
,11/6/2026,ขวัญสุข รักมณี ,,ü,,,ü,ตรี,รัฐศาสตร์,รัฐประศาสนศาสตร์,,,,,11-Jun-2026,,,น้ำฝน,,,,,,,,,,
,11/6/2026,รักกิ่ง วันธัญ ,,ü,,,ü,ตรี,บริหารธุรกิจ,การจัดการ,ปวส,,ชำระตรง,,11-Jun-2026,,,น้ำฝน,,,,,,,,,,
,11/6/2026,อัญเดือน อุ่นนิ่ม ,,ü,,,ü,ตรี,ศิลปศาสตร์,ภาษาอังกฤษ,,,,,11-Jun-2026,,,มะลิ,ขอดูค่าใช้จ่ายก่อน,,,,,,,,,
,11/6/2026,ปิ่นเพ็ญ จันทร์ใบ้,,ü,,,ü,ตรี,บริหารธุรกิจ,การตลาด,,,,,11-Jun-2026,,,มะลิ,,,,,,,,,,
,11/6/2026,darlevin penapim,,ü,,,ü,ตรี,บริหารธุรกิจ,การจัดการ,,,,0693960124,11-Jun-2026,,,มะลิ,ขอดูค่าใช้จ่ายก่อน,ไม่รับสาย,,,,,,,,
,11/6/2026,Tiptavin Pimnagun,,ü,,,ü,ตรี,รัฐศาสตร์,รัฐประศาสนศาสตร์,,,,,11-Jun-2026,,,มะลิ,,,,,,,,,,
,11/6/2026,Sirsirzen Jotator,,ü,,,ü,ตรี,บริหารธุรกิจ,การจัดการ,,,,,11-Jun-2026,,,มะลิ,,,,,,,,,,
,12/6/2026,Gundarix Fatipul,,ü,,,ü,ตรี,บริหารธุรกิจ,โลจิสติกส์,,,,,12-Jun-2026,,,มะลิ,ยังไม่ตัดสินใจ,,,,,,,,,
,12/6/2026,เดือนอุ่น อัญธิดา,,ü,,,ü,ตรี,บริหารธุรกิจ,คอมพิวเตอร์ดิจิทัล,,,,0806755649,12-Jun-2026,,,มะลิ,ยังไม่ตัดสินใจ,,,,,,,,,
,12/6/2026,nudeeson nudeeson,,ü,,,ü,โท,บัญชี,บัญชี,,,,,12-Jun-2026,,,มะลิ,,,,,,,,,,
,14/6/2026,Wyixver JOPEJO,,ü,,,ü,ตรี,บริหารธุรกิจ,โลจิสติกส์,ปวส.,,ชำระตรง,,14-Jun-2026,,,มะลิ,,,,,,,,,,
,14/6/2026,Sirzenna Ixgunwy,,ü,,,ü,ตรี,บริหารธุรกิจ,,ปวส.,,,,14-Jun-2026,,,มะลิ,,,,,,,,,,
,14/6/2026,Monsirna Ratratya,,ü,,,ü,โท,บัญชี,บัญชี,ป.ตรี,,,,14-Jun-2026,,,มะลิิ,,,,,,,,,,
,14/6/2026,ธัญนิ่ม ปรีดาสิน,,ü,,,ü,ตรี,,,ม.6,,,,14-Jun-2026,,,มะลิ,,,,,,,,,,
,14/6/2026,RIDEE'tipulnu Dartorqua,,ü,,,ü,ตรี,,,ปวส.,,,,14-Jun-2026,,,มะลิ,ขอคิดดูก่อน,,,,,,,,,
,14/6/2026,กุลรุ่ง เพ็ญฟ้า,,ü,,,ü,โท,บริิหารธุรกิจ,บริิหารธุรกิจ,ป.ตรีี,,,,14-Jun-2026,,,มะลิ,,,,,,,,,,
,14/6/2026,Pimsir Deechaika,,ü,,,ü,ตรี,บริหารธุรกิจ,การจัดการ,กศน.ม.6,,,,14-Jun-2026,,,มะลิ,,,,,,,,,,
,14/6/2026,ธิดาเพ็ญ วิไลชื่น,,ü,,,ü,ตรี,บริหารธุรกิจ,การจัดการ,ปวส.,,,,14-Jun-2026,,,มะลิ,,,,,,,,,,
,14/6/2026,Raomnu Raomnu,,ü,,,ü,ตรี,บริหารธุรกิจ,โลจิสติกส์,ปวช.,,,,14-Jun-2026,,,มะลิ,,,,,,,,,,
,12/6/2026,ใบ้ปิ่น,,ü,,,ü,ตรี,,,ม.6,,,,12-Jun-2026,,,น้ำฝน,ขอดูค่าใช้จ่ายก่อน,,,,,,,,,
,12/6/2026,Josaul Nuratom Ulsonver,,ü,,,ü,ตรี,,,ม.6,,,,12-Jun-2026,,,น้ำฝน,ขอดูค่าใช้จ่ายก่อน,,,,,,,,,
,12/6/2026,Helpepim torbobo,ü,,,,ü,ตรี,,,ปวส,,,,12-Jun-2026,,,น้ำฝน,ขอดูค่าใช้จ่ายก่อน,,,,,,,,,
,12/6/2026,Lukazen🍓🌸,ü,,,,ü,ตรี,บริหารธุรกิจ,การจัดการ,ปวช,,,,12-Jun-2026,,,น้ำฝน,,,,,,,,,,
,13/6/2026,Zenranu Raratri,,ü,,,ü,ตรี,บริหารธุรกิจ,การจัดการ,ปวส,,,,13-Jun-2026,,,น้ำฝน,,,,,,,,,,
,13/6/2026,ฟ้าเพ็ญ สุขนุช.,,ü,,,ü,ตรี,บริหารธุรกิจ,โลจิสติกส์,,,,,13-Jun-2026,,,มะลิ,,,,,,,,,,
,13/6/2026,Nogunmon Fasirvin Ixyaul,,ü,,,ü,ตรี,บริหารธุรกิจ,,ม.6,,,,13-Jun-2026,,,น้ำฝน,ขอดูค่าใช้จ่ายก่อน,,,,,,,,,
,13/6/2026,Nonudar Monwandee,,ü,,,ü,ตรี,รัฐศาสตร์,รัฐประศาสนศาสตร์,ม.6,,,,13-Jun-2025,,,น้ำฝน,,,,,,,,,,
,17/6/2026,ulpimwan Omixno,,ü,,ü,,ตรี,วิศวกรรมศาสตร์,โยธา,กศน.ม.6,,,,17-Jun-2026,,,มะลิ,,,,,,,,,,
,23/6/2026,ปั้นชื่น  สุขชื่น,,ü,,,ü,ตรี,รัฐศาสตร์,รัฐประศาสนศาสตร์,ม.6,,ชำระตรง,094-6831855,23-Jun-2026,,,น้ำฝน,ขอให้ติดต่อใหม่ช่วงเย็น,ยังไม่ตัดสินใจ,,,,,,,,
,25/6/2026,Ratsir Pehelya,,ü,,,ü,ตรี,บริหารธุรกิจ,การจัดการ,ปวช.,,ชำระตรง,069-1632455,25-Jun-2026,,,น้ำฝน,,,,,,,,,,
,25/6/2026,ยิ่งเดือน ปั้นมณี,,ü,,,ü,ตรี,รัฐศาสตร์,รัฐประศาสนศาสตร์,ปวช.,,,,25-Jun-2026,,,มะลิ,,,,,,,,,,
,25/6/2026,กิ่งศิริ เพ็ญธิดา,,ü,,,ü,ตรี,บริหารธุรกิจ,โลจิสติกส์,ปวส.,,,,25-Jun-2026,,,มะลิ,,,,,,,,,,
,26/6/2026,Pimpimpe Pepim Ravin Vinratkit,,ü,,,ü,,,,,,,,25-Jun-2026,,,น้ำฝน,,,,,,,,,,
,25/6/2026,ภู่ณัฐ  ภู่สุข,,ü,,,ü,,,,,,,,25-Jun-2026,,,น้ำฝน,,,,,,,,,,
,25/6/2026,Tiptipwy Ratkawy,,ü,,,ü,,,,,,,,25-Jun-2026,,,น้ำฝน,,,,,,,,,,
,25/6/2026,บุญวัน มั่นปิ่น,,ü,,,ü,,,,,,,,25-Jun-2026,,,น้ำฝน,,,,,,,,,,
,25/6/2026,Ratdardar Anwydar,,ü,,,ü,,,,,,,,25-Jun-2026,,,น้ำฝน,,,,,,,,,,
,25/6/2026,Verkadee Naletip,,ü,,,ü,,,,,,,,25-Jun-2026,,,น้ำฝน,,,,,,,,,,
,25/6/2026,Yafape Helyajo,,ü,,,ü,,,,,,,,25-Jun-2026,,,น้ำฝน,,,,,,,,,,
,25/6/2026,Lemonle Napimpon,,ü,,,ü,,,,,,,,25-Jun-2026,,,น้ำฝน,,,,,,,,,,
,25/6/2026,พร้อมวัน  ทิพวัน,,ü,,,ü,,,,,,,,25-Jun-2026,,,น้ำฝน,,,,,,,,,,
,25/6/2026,Farat Monheltor,,ü,,,ü,,,,ม.6,,,,25-Jun-2026,,,น้ำฝน,,,,,,,,,,
,25/6/2026,ต้นปั้น ภู่รัก,,ü,,,ü,,,,,,,,26-Jun-2026,,,น้ำฝน,,,,,,,,,,
,25/6/2026,Saluson Wantor,,ü,,,ü,โท,บัญชี,,ป.ตรี,,,,26-Jun-2026,,,น้ำฝน,ขอคิดดูก่อน,,,,,,,,,
,25/6/2026,Ulchaisa Meltornu,,ü,,,ü,,,,,,,,26-Jun-2026,,,น้ำฝน,,,,,,,,,,
,25/6/2026,Ratbo Sasonchai Nobowy,,ü,,,ü,ตรี,บริหารธุรกิจ,การจัดการ,ม.6,,ชำระตรง,,26-Jun-2026,,,น้ำฝน,,,,,,,,,,
,25/6/2026,SONJONU'luanmon Mondarna,,ü,,,ü,,,,,,,,26-Jun-2026,,,น้ำฝน,,,,,,,,,,
,25/6/2026,ณัฐจิต จันทร์ธิดา,,ü,,,ü,ตรี,รัฐศาสตร์,รัฐประศาสนศาสตร์,ม.6,,ชำระตรง,0919631001,26-Jun-2026,,,น้ำฝน,โทรใหม่หลังเลิกงาน,ขอคิดดูก่อน,,,,,,,,
,25/6/2026,Ramonbo Tiplurat,,ü,,,ü,ตรี,นิติศาสตร์,,,,,,26-Jun-2026,,,น้ำฝน,สนใจเรียนภาคทางไกล,,,,,,,,,
,25/6/2026,Nuwan Yawykit,,ü,,,ü,,,,,,,,26-Jun-2026,,,น้ำฝน,,,,,,,,,,
,25/6/2026,Ranoan Ranoan,,ü,,,ü,ตรี,รัฐศาสตร์,รัฐประศาสนศาสตร์,ม.6,,,,26-Jun-2026,,,น้ำฝน,,,,,,,,,,
,26/6/2026,สินรุ่ง อัญดี,,ü,,,ü,,,,,,,,26-Jun-2026,,,น้ำฝน,,,,,,,,,,
,26/6/2026,รักปั้น  วันจิต,,ü,,,ü,,,,,,,,26-Jun-2026,,,น้ำฝน,,,,,,,,,,
,26/6/2026,Wanwan zentorson,,ü,,,ü,ตรี,บัญชี,,ม.6,,,,26-Jun-2026,,,น้ำฝน,สนใจเรียนภาคทางไกล,,,,,,,,,
,26/6/2026,ณัฐวิไล'ปิ่นขวัญ. ณัฐเพ็ญ,,ü,,,ü,,,,,,,,26-Jun-2026,,,น้ำฝน,,,,,,,,,,
,26/6/2026,สุขกิ่ง รักสิน,,ü,,,ü,,,,,,,,26-Jun-2026,,,น้ำฝน,,,,,,,,,,
,26/6/2026,Lemonle Napimpon,,ü,,,ü,,,,,,,,26-Jun-2026,,,น้ำฝน,,,,,,,,,,
,26/6/2026,จันทร์กัญ  ชัยชื่น,,ü,,,ü,ตรี,รัฐศาสตร์,รัฐประศาสนศาสตร์,,,ชำระตรง,,26-Jun-2026,,,น้ำฝน,,,,,,,,,,
,26/6/2026,Tipwy Sirdeemon,,ü,,,ü,,,,,,,,26-Jun-2026,,,น้ำฝน,,,,,,,,,,
,26/6/2026,Nochaiul Jobodee,,ü,,,ü,,,,,,,,26-Jun-2026,,,น้ำฝน,,,,,,,,,,
,26/6/2026,Tiphelfa Sonramel,,ü,,,ü,,,,,,,,26-Jun-2026,,,น้ำฝน,,,,,,,,,,
,26/6/2026,ปรีดาจิต  เพ็ญรุ่ง,,ü,,,ü,,,,,,,,26-Jun-2026,,,น้ำฝน,,,,,,,,,,
,26/6/2026,ธัญปิ่น กิ่งนิ่ม.,,ü,,,ü,ตรี,,,,,,,26-Jun-2026,,,น้ำฝน,ขอดูค่าใช้จ่ายก่อน,,,,,,,,,
,26/6/2026,Ixdeeix Nolujo,,ü,,,ü,,,,,,,,26-Jun-2026,,,น้ำฝน,,,,,,,,,,
,26/6/2026,อัญยิ่ง นิ่มภัทร,,ü,,,ü,,,,,,,,26-Jun-2026,,,น้ำฝน,,,,,,,,,,
,26/6/2026,Kawy Boixsir Rabohel,,ü,,,ü,,,,,,,,26-Jun-2026,,,น้ำฝน,,,,,,,,,,
,26/6/2026,Tormon Wansonkit,,ü,,,ü,,,,,,,,26-Jun-2026,,,น้ำฝน,,,,,,,,,,
,26/6/2026,Ulyafa Pekawan Gunlean,,ü,,,ü,ตรี,รัฐศาสตร์,รัฐประศาสนศาสตร์,ปวส,,,,26-Jun-2026,,,น้ำฝน,,,,,,,,,,
,26/6/2026,Quachaitor Ponjomel,,ü,,,ü,,รัฐศาสตร์,รัฐประศาสนศาสตร์,กศน.ม.6,,,,26-Jun-2026,,,มะลิ,,,,,,,,,,
,28/6/2026,Kitribo Gunsabo,,ü,,,ü,โท,บริหารธุรกิจ,บริหารธุรกิจ,ป.ตรี,,,,28-Jun-2026,,,มะลิ,,,,,,,,,,
,28/6/2026,Lukazen Deefanu,,ü,,,ü,ตรี,บริหารธุรกิจ,การจัดการ,ม.6,,,,28-Jun-2026,,,มะลิ,,,,,,,,,,
,28/6/2026,Wyratver Kitno,,ü,,,ü,ตรี,รัฐศาสตร์,รัฐประศาสนศาสตร์,ปวช.,,,,28-Jun-2026,,,มะลิ,,,,,,,,,,
,28/6/2026,Monsa Darrat,,ü,,,ü,ตรี,,,ม.3,,,,28-Jun-2026,,,มะลิ,สนใจสมัคร รอเงินเดือนออก,,,,,,,,,
,28/6/2026,Saquason pontaver,,ü,,,ü,ตรี,บริหารธุรกิจ,การจัดการ,ปวส.,,,,28-Jun-2026,,,มะลิ,,,,,,,,,,
,28/6/2026,Deemelya Deemelya,,ü,,,ü,ตรี,บริหารธุรกิจ,การจัดการ,ปวส.,,,,28-Jun-2026,,,มะลิ,,,,,,,,,,
,28/6/2026,Kahelul Nufale,,ü,,,ü,ตรี,บริหารธุรกิจ,โลจิสติกส์,ม.6,,,,28-Jun-2026,,,มะลิ,,,,,,,,,,
,29/6/2026,Chaiquasir Veromtor,,ü,,,ü,ตรี,บริหารธุรกิจ,การจัดการ,วุฒิซิ่ว,,,จิรารัตน์ 0696693718,29-Jun-2026,,,มะลิ,ขอคิดดูก่อน,,,,,,,,,
,29/6/2026,Melpimle Monan,,ü,,,ü,ตรี,บริหารธุรกิจ,การจัดการ,ปวส.,,,,29-Jun-2026,,,มะลิ,,,,,,,,,,
,29/6/2026,Rikitri Monwanpon,,ü,,,ü,ตรี,บริหารธุรกิจ,การจัดการ,ปวช.,,,,29-Jun-2026,,,มะลิ,,,,,,,,,,
,29/6/2026,พิมจันทร์ ธิดาภัทร,,ü,,,ü,ตรี,บริหารธุรกิจ,การจัดการ,ปวช.,,,,29-Jun-2026,,,มะลิ,ยังไม่ตัดสินใจ,,,,,,,,,
,29/6/2026,Nadee Peulqua,,ü,,,ü,ตรี,รัฐศาสตร์,รัฐประศาสนศาสตร์,ปวช.,,,,29-Jun-2026,,,มะลิ,,,,,,,,,,
,29/6/2026,Kakitan deeraver,ü,,,,ü,ตรี,บริหารธุรกิจ,โลจิสติกส์,ปวส.,,,,29-Jun-2026,,,มะลิ,,,,,,,,,,
,29/6/2026,Torripe Torripe,,ü,,,ü,ตรี,บริหารธุรกิจ,การจัดการ,ม 6,,,,29-Jun-2026,,,มะลิ,,,,,,,,,,
,30/6/2026,Helixbo Lekason'Riratfa,,ü,,,ü,ตรี,บริหารธุรกิจ,การจัดการ,ม 6,,,,30-Jun-2026,,,มะลิ,ยังไม่ตัดสินใจ,,,,,,,,,
,30/6/2026,Savertip,,ü,,,ü,ตรี,บริหารธุรกิจ,การจัดการ,ปวช.,,,,30-Jun-2026,,,มะลิ,,,,,,,,,,
,30/6/2026,จิตศิริ นิ่มชัย,,ü,,,ü,ตรี,บริหารธุรกิจ,โลจิสติกส์,กศน.ม.6,,,,30-Jun-2026,,,มะลิ,,,,,,,,,,
,30/6/2026,Sirnamel Helvinver Tortator,,ü,,,ü,ตรี,,,,,,,30-Jun-2026,,,มะลิ,,,,,,,,,,
,30/6/2026,Tornover Kitdarchai,,ü,,,ü,ตรี,,,ม.6,,,,30-Jun-2026,,,มะลิ,,,,,,,,,,
,30/6/2026,Quapemel Versirsa,,ü,,,ü,ตรี,บริหารธุรกิจ,โลจิสติกส์,ปวช.,,,,30-Jun-2026,,,น้ำฝน,ขอปรึกษาครอบครัวก่อน,,,,,,,,,
,30/6/2026,Joyana Darzenka,,ü,,,ü,ตรี,บริหารธุรกิจ,การจัดการ,ปวส.,,,,30-Jun-2026,,,มะลิ,,,,,,,,,,
,30/6/2026,Ratulsa Guntamon,,ü,,,ü,ตรี,บริหารธุรกิจ,การจัดการ,ม.6,,,,30-Jun-2026,,,มะลิ,,,,,,,,,,
,30/6/2026,Kaixjo Ulwanjo,,ü,,,ü,ตรี,บริหารธุรกิจ,การจัดการ,กศน.ม6,,,,30-Jun-2026,,,มะลิ,,,,,,,,,,
,30/6/2026,น้ำกัญ จิตปรีดา,ü,,,,ü,ตรี,บริหารธุรกิจ,โลจิสติกส์,ปวส.,,,,30-Jun-2026,,,ครูสมศรี,,,,,,,,,,
,30/6/2026,Rinaan Taboom,,ü,,,ü,ตรี,บริหารธุรกิจ,การจัดการ,ม.6,,ชำระตรง,,30-Jun-2026,,,น้ำฝน,,,,,,,,,,
,30/6/2026,Torqua Torqua,ü,,,,ü,ตรี,บริหารธุรกิจ,การจัดการ,ม.6,,,,30-Jun-2026,,,น้ำฝน,,,,,,,,,,
,30/6/2026,Nasirson Ponsir ,,ü,,,ü,ตรี,,,ม.6,,,,30-Jun-2026,,,น้ำฝน,,,,,,,,,,
,30/6/2026,Ratchaichai Omledar Pemonmon,,ü,,,ü,ตรี,บริหารธุรกิจ,การจัดการ,ม.6,,ชำระตรง,095-3057849,30-Jun-2026,,,น้ำฝน,,,,,,,,,,
,30/6/2026,Lekawan Jonoka,,ü,,,ü,ตรี,,,,,,,30-Jun-2026,,,น้ำฝน,ขอดูค่าใช้จ่ายก่อน,,,,,,,,,
,30/6/2026,Boboom Nogunnu,,ü,,,ü,ตรี,บริหารธุรกิจ,การจัดการ,ม.6,,,,30-Jun-2026,,,น้ำฝน,,,,,,,,,,
,30/6/2026,Joletor Heltip,,ü,,,ü,โท,,,,,,,30-Jun-2026,,,น้ำฝน,,,,,,,,,,
,30/6/2026,Lukit Ratmeldar-sonlura,,ü,,,ü,ตรี,บริหารธุรกิจ,การจัดการ,ม.6,,,,30-Jun-2026,,,น้ำฝน,,,,,,,,,,
,30/6/2026,ใบ้นุช ฟ้าศิริ,,ü,,,ü,ตรี,บริหารธุรกิจ,การจัดการ,ปวส,,,,30-Jun-2026,,,น้ำฝน,,,,,,,,,,
,30/6/2026,Dardarom Dardarom,,ü,,,ü,ตรี,บริหารธุรกิจ,โลจิสติกส์,ปวส,,,,30-Jun-2026,,,น้ำฝน,,,,,,,,,,
,30/6/2026,บุญแก้ว  อุ่นนุช,,ü,,,ü,ตรี,บริหารธุรกิจ,การจัดการ,ม.6,,ชำระตรง,,30-Jun-2026,,,น้ำฝน,,,,,,,,,,
,30/6/2026,ปิ่นพิม นิ่มฤดี,,ü,,,ü,ตรี,บริหารธุรกิจ,การจัดการ,ปวส,,,,30-Jun-2026,,,น้ำฝน,,,,,,,,,,
,1/7/2026,นิ่มสิน นุชมั่น,,ü,,,ü,ตรี,รัฐศาสตร์,รัฐประศาสนศาสตร์,,,,,1-Jul-2026,,,มะลิ,,,,,,,,,,
,1/7/2026,ixmonka Ixsirpe,,ü,,,ü,ตรี,บริหารธุรกิจ,การจัดการ,ม.6,,,,1-Jul-2026,,,มะลิ,,,,,,,,,,
,1/7/2026,Fatabo Anpim,,ü,,,ü,ตรี,,,ม.6,,,,1-Jul-2026,,,มะลิ,,,,,,,,,,
,1/7/2026,Deesaix narata,,ü,,,ü,ตรี,,,,,,,1-Jul-2026,,,น้ำฝน,,,,,,,,,,
,1/7/2026,บุญณัฐ จันทร์บุญ,,ü,,,ü,,,,,,,,1-Jul-2026,,,น้ำฝน,,,,,,,,,,
,1/7/2026,~Sirlelu~🌸🐱,ü,,,,ü,ตรี,บริหารธุรกิจ,การจัดการ,ปวช,,ชำระตรง,,1-Jul-2026,,,น้ำฝน,,,,,,,,,,
,1/7/2026,Lenaom Vinhelgun,,ü,,,ü,ตรี,บริหารธุรกิจ,โลจิสติกส์,ม.6,,ชำระตรง,,1-Jul-2026,,,น้ำฝน,,,,,,,,,,
,1/7/2026,Tatip Tasaul,,ü,,,ü,ตรี,บริหารธุรกิจ,การจัดการ,ม.6,,ชำระตรง,,1-Jul-2026,,,น้ำฝน,,,,,,,,,,
,1/7/2026,Nupon Zendarsa,,ü,,,ü,ตรี,บริหารธุรกิจ,การจัดการ,ปวช,,ชำระตรง,,1-Jul-2026,,,น้ำฝน,,,,,,,,,,
,1/7/2026,Melyaul CHAIDARVIN,,ü,,,ü,ตรี,บริหารธุรกิจ,การจัดการ,กศน.ม.6,,ชำระตรง,,1-Jul-2026,,,มะลิ,,,,,,,,,,
,1/7/2026,ULLE Ommonrat,,ü,,,ü,,,,,,,,1-Jul-2026,,,มะลิ,,,,,,,,,,
,1/7/2026,Rinole Luyaom,,ü,,,ü,ตรี,บริหารธุรกิจ,,ป.ตรีใบที่2,,,,1-Jul-2026,,,มะลิ,,,,,,,,,,
,2/7/2026,Kitratul Fasonna,,ü,,,ü,ตรี,,,,,ชำระตรง,,2-Jul-2026,,,มะลิ,,,,,,,,,,
,2/7/2026,สินใบ้ อัญมณี,,ü,,,ü,ตรี,รัฐศาสตร์,รัฐประศาสนศาสตร์,กศน.ม.6,,ชำระตรง,,2-Jul-2026,,,มะลิ,,,,,,,,,,
,2/7/2026,น้ำเพ็ญ ชัยจันทร์,,ü,,,ü,ตรี,บัญชี,บัญชี,,,,,2-Jul-2026,,,มะลิ,,,,,,,,,,
,2/7/2026,Helra Ompimta,,ü,,,ü,ตรี,บริหารธุรกิจ,โลจิสติกส์,ม.6,,ชำระตรง,,2-Jul-2026,,,มะลิ,,,,,,,,,,
,2/7/2026,วันนุช,,ü,,,ü,โท,,,ป.ตรี,,ชำระตรง,,2-Jul-2026,,,มะลิ,ขอปรึกษาครอบครัวก่อน,,,,,,,,,
,2/7/2026,Ledeean Rilean,,ü,,,ü,ตรี,บริหารธุรกิจ,โลจิสติกส์,ม.6,,,,2-Jul-2026,,,มะลิ,,,,,,,,,,
,2/7/2026,Lutor Raulchai,,ü,,ü,,ตรี,บัญชี,บัญชี,ปวส.,,,,2-Jul-2026,,,มะลิ,,,,,,,,,,
,3/7/2026,Kameltor Ixsonno,,ü,,,ü,ตรี,บริหารธุรกิจ,การจััดการ,กศน.ม.6,,ชำระตรง,,3-Jul-2026,,,มะลิิ,,,,,,,,,,
,3/7/2026,Noponjo Ulkara,,ü,,ü,,ตรี,บริหารธุรกิจ,การจััดการ,ปวส.,,ชำระตรง,,3-Jul-2026,,,มะลิ,,,,,,,,,,
,3/7/2026,Zenul Nuverchai,,ü,,ü,,ตรี,,,ปวส.,,ชำระตรง,,3-Jul-2026,,,มะลิ,,,,,,,,,,
,3/7/2026,Levinom Noponix,,ü,,ü,,ตรี,บริหารธุรกิจ,การจัดการ,ม.6,,ชำระตรง,,3-Jul-2026,,,มะลิ,,,,,,,,,,
,3/7/2026,Raix Sonulver,,ü,,ü,,ตรี,รัฐศาสตร์,รัฐประศาสนศาสตร์,ม.6,,ชำระตรง,,3-Jul-2026,,,มะลิ,,,,,,,,,,
,4/7/2026,Melbo_Nonulu,ü,,,,ü,ตรี,บริหารธุรกิจ,โลจิสติกส์,ปวส.,,ชำระตรง,,4-Jul-2026,,,มะลิ,,,,,,,,,,
,4/7/2026,อัญใบ้ แก้วพิม,,ü,,ü,,ตรี,รัฐศาสตร์,รัฐประศาสนศาสตร์,ปวช.,,ชำระตรง,,4-Jul-2026,,,มะลิ,,,,,,,,,,
,4/7/2026,Fanodee Ansonpim,,ü,ü,,,โท,ศึกษาศาสตร์,บริหารการศึกษา,ป.ตรี,,ชำระตรง,,4-Jul-2026,,,มะลิ,ขอปรึกษาครอบครัวก่อน,,,,,,,,,
,4/7/2026,Torvergun Heltorfa,,ü,,,ü,ตรี,รัฐศาสตร์,รัฐประศาสนศาสตร์,ม.6,,ชำระตรง,,4-Jul-2026,,,มะลิ,,,,,,,,,,
,4/7/2026,Darnuqua Sirwygun,,ü,,,ü,ตรี,,,,,ชำระตรง,,4-Jul-2026,,,มะลิ,,,,,,,,,,
,5/7/2026,Kittorix leluna,,ü,,,ü,ตรี,รัฐศาสตร์,รัฐประศาสนศาสตร์,ม.6,,ชำระตรง,,5-Jul-2026,,,มะลิ,,,,,,,,,,
,5/7/2026,Saboqua Vinleri,,ü,,,ü,ตรี,บัญชี,บัญชี,ม.6,,ชำระตรง,,5-Jul-2026,,,มะลิ,ขอปรึกษาครอบครัวก่อน,,,,,,,,,
,5/7/2026,Wytipwan Tipchaipim,,ü,,,ü,ตรี,ศึกษาศาสตร์,,,,,,5-Jul-2026,,,มะลิ,ขอคิดดูก่อน,,,,,,,,,
,5/7/2026,ภู่ภัทร นุชกุล,,ü,,,ü,โท,,,ป.ตรี,,,,5-Jul-2026,,,มะลิ,ขอปรึกษาครอบครัวก่อน,,,,,,,,,
,5/7/2026,Razenno Ratratno,,ü,,,ü,ตรี,บริหารธุรกิจ,การจัดการ,ปวส.,,ชำระตรง,,5-Jul-2026,,,มะลิ,,,,,,,,,,
,5/7/2026,Toruldee Zenquape Numonrat,,ü,,,ü,ตรี,รัฐศาสตร์,รัฐประศาสนศาสตร์,ม.6,,ชำระตรง,,5-Jul-2026,,,มะลิ,,,,,,,,,,
,5/7/2026,ธัญธัญ ฟ้าบุญ,,ü,,,ü,ตรี,รัฐศาสตร์,รัฐประศาสนศาสตร์,ม.6,,ชำระตรง,062-8625943,5-Jul-2026,,,มะลิ,ขอดูค่าใช้จ่ายก่อน,ขอคิดดูก่อน,,,,,,,,
,5/7/2026,HELSON'Nadee Kitmel MELUL Tipwanhel,,ü,,,ü,ตรี,รัฐศาสตร์,รัฐประศาสนศาสตร์,ปวส.,,ชำระตรง,,5-Jul-2026,,,มะลิ,,,,,,,,,,
,5/7/2026,นิ่มธัญ สินยิ่ง,,ü,,,ü,โท,บริหารธุรกิจ,บริหารธุรกิจ,ป.ตรี,,ชำระตรง,,5-Jul-2026,,,มะลิ,,,,,,,,,,
,5/7/2026,Boquara Omponna,,ü,,,ü,ตรี,บริหารธุรกิจ,โลจิสติกส์,ม.6,,ชำระตรง,,5-Jul-2026,,,มะลิ,,,,,,,,,,
,6/7/2026,ฤดีกิ่ง รุ่งปั้น,,ü,,,ü,ตรี,รัฐศาสตร์,รัฐประศาสนศาสตร์,ป.ตรีใบที่2,,ชำระตรง,,6-Jul-2026,,,มะลิ,,,,,,,,,,
,6/7/2026,ฟ้าน้ำ พร้อมณัฐ,,ü,,,ü,ตรี,รัฐศาสตร์,รัฐประศาสนศาสตร์,ปวส.,,ชำระตรง,,6-Jul-2026,,,มะลิ,,,,,,,,,,
,6/7/2026,แก้วสุข  วิไลนิ่ม,,ü,,,ü,ตรี,บริหารธุรกิจ,การจัดการ,ม.6,,ชำระตรง,,6-Jul-2026,,,มะลิ,,,,,,,,,,
,6/7/2026,🎵🌼,ü,,,,ü,ตรี,รัฐศาสตร์,รัฐประศาสนศาสตร์,ม.6,,ชำระตรง,,6-Jul-2026,,,มะลิ,ขอปรึกษาครอบครัวก่อน,,,,,,,,,
,6/7/2026,.HELGUNOM,ü,,,,ü,ตรี,,,,,ชำระตรง,,6-Jul-2026,,,มะลิ,,,,,,,,,,
,6/7/2026,ภู่รุ่ง มั่นภู่,,ü,,,ü,ตรี,รัฐศาสตร์,รัฐประศาสนศาสตร์,ปวช.,,ชำระตรง,,6-Jul-2026,,,มะลิ,,,,,,,,,,
,6/7/2026,Wymeltor Chairatvin,,ü,,,ü,โท,,,ป.ตรี,,ชำระตรง,,6-Jul-2026,,,มะลิ,ขอดูค่าใช้จ่ายก่อน,,,,,,,,,
,6/7/2026,น้ำภู่ มณีปรีดา,,ü,,,ü,โท,บริหารธุรกิจ,บริหารธุรกิจ,ป.ตรี,,ชำระตรง,,6-Jul-2026,,,มะลิ,,,,,,,,,,
,7/7/2026,Kitnana Fajojo,,ü,,,ü,ตรี,บริหารธุรกิจ,การจัดการ,ม.6/วุฒิซิ่ว,,ชำระตรง,,7-Jul-2026,,,มะลิ,ขอดูค่าใช้จ่ายก่อน,,,,,,,,,
,7/7/2026,Kaixjo Ulwanjo,,ü,,,ü,ตรี,บริหารธุรกิจ,การจัดการ,กศน,,,,7-Jul-2026,,,น้ำฝน,,,,,,,,,,
,7/7/2026,Luixtip Helwyle,,ü,,,ü,ตรี,รัฐศาสตร์,รัฐประศาสนศาสตร์,ปวส,,ชำระตรง,085-6668220,7-Jul-2026,,,น้ำฝน,ยังไม่ตัดสินใจ,,,,,,,,,
,7/7/2026,Kason Yadeean,,ü,,,ü,ตรี,บริหารธุรกิจ,การจัดการ,ม.6,,ชำระตรง,,7-Jul-2026,,,น้ำฝน,ขอดูค่าใช้จ่ายก่อน,,,,,,,,,
,7/7/2026,ชื่นสุข นุชณัฐ ,,ü,,,ü,ตรี,บริหารธุรกิจ,การจัดการ,ม.6,,,,7-Jul-2026,,,น้ำฝน,,,,,,,,,,
,7/7/2026,Kitsirjo Ulwanhel,,ü,,,ü,ตรี,บริหารธุรกิจ,โลจิสติกส์ย,ม.6,,ชำระตรง,,8-Jul-2026,,,น้ำฝน,,,,,,,,,,
,7/7/2026,Kitzenix TIPNO'nuwylu,,ü,,,ü,ตรี,บริหารธุรกิจ,การจัดการ,ม.6,,,,8-Jul-2026,,,น้ำฝน,,,,,,,,,,
,8/7/2026,ใบ้จันทร์ ทิพเดือน,,ü,,,ü,ตรี,รัฐศาสตร์,รัฐประศาสนศาสตร์,ม.6,,ชำระตรง,085-4883171,8-Jul-2026,,,น้ำฝน,,,,,,,,,,
,8/7/2026,Omlequa PIMRIOM-sonrita,,ü,,,ü,ตรี,รัฐศาสตร์,รัฐประศาสนศาสตร์,ม.6,,,,8-Jul-2026,,,น้ำฝน,ขอคิดดูก่อน,,,,,,,,,
,8/7/2026,พิมนุช  รักปรีดา,,ü,,,ü,โท,บริหารธุรกิจ,บริหารธุรกิจ,ป.ตรี,,ชำระตรง,,8-Jul-2026,,,น้ำฝน,,,,,,,,,,
,8/7/2026,Darnuqua Zengunhel,,ü,,,ü,ตรี,รัฐศาสตร์,รัฐประศาสนศาสตร์,ปวส,,ชำระตรง,,8-Jul-2026,,,น้ำฝน,,,,,,,,,,
,8/7/2026,ธัญยิ่ง ชื่นนุช,,ü,,,ü,ตรี,บริหารธุรกิจ,การจัดการ,ม.6,,,,8-Jul-2026,,,น้ำฝน,,,,,,,,,,
,8/7/2026,Tipkitwan sonverwan,,ü,,,ü,ตรี,บริหารธุรกิจ,โลจิสติกส์,ม.6,,,,8-Jul-2026,,,มะลิ,,,,,,,,,,
,8/7/2026,ชื่นธิดา,,ü,,,ü,ตรี,รัฐศาสตร์,รัฐประศาสนศาสตร์,ปวส.,,,,8-Jul-2026,,,มะลิ,,,,,,,,,,
,8/7/2026,เพ็ญอุ่น.นิ่มฟ้า ปั้นฤดี,,,,,,,,,,,,,8-Jul-2026,,,มะลิ,สนใจสมัคร รอเงินเดือนออก,,,,,,,,,
,8/7/2026,Noomqua VERWANLE,,ü,,,ü,ตรี,บริหารธุรกิจ,การจัดการ,ปวช.,,ชำระตรง,,8-Jul-2026,,,มะลิ,,,,,,,,,,
,8/7/2026,Monfavin Nasirmon,,ü,,,ü,ตรี,รัฐศาสตร์,รัฐประศาสนศาสตร์,ปวส,,ชำระตรง,092-5842635,8-Jul-2026,,,น้ำฝน,,,,,,,,,,
,9/7/2026,WANYAIX Numelan,,ü,,,ü,ตรี,รัฐศาสตร์,รัฐประศาสนศาสตร์,ม.6,,ชำระตรง,,9-Jul-2026,,,น้ำฝน,,,,,,,,,,
,9/7/2026,Sapemon Verperi,,ü,,,ü,ตรี,รัฐศาสตร์,รัฐประศาสนศาสตร์,ม.6,,ชำระตรง,,9-Jul-2026,,,น้ำฝน,,,,,,,,,,
,9/7/2026,น้ำรุ่ง เดือนทิพ,,ü,,,ü,โท,รัฐศาสตร์,รัฐประศาสนศาสตร์,ป.ตรี,,ชำระตรง,,9-Jul-2026,,,น้ำฝน,,,,,,,,,,
,9/7/2026,จิตปั้น ธัญแก้ว,,ü,,,ü,ตรี,บริหารธุรกิจ,การจัดการ,ม.6,,,,9-Jul-2026,,,น้ำฝน,ยังไม่ตัดสินใจ,,,,,,,,,
,9/7/2026,Zenomka Falefa,,ü,,,ü,ตรี,บริหารธุากิจ,การจัดการ,ม.6,,ชำระตรง,,9-Jul-2026,,,น้ำฝน,ขอดูค่าใช้จ่ายก่อน,,,,,,,,,
,9/7/2026,Pesir Verix,,ü,,,ü,ตรี,บริหารธุรกิจ,โลจิสติกส์,ปวส,,,,9-Jul-2026,,,น้ำฝน,,,,,,,,,,
,9/7/2026,Peratqua Yayarat,,ü,,,ü,โท,ศึกษาศาตร์,ปฐมวัย,ป.ตรี,,ชำระตรง,095-5770648,9-Jul-2026,,,น้ำฝน,ยังไม่ตัดสินใจ,,,,,,,,,
,9/7/2026,Boyajo Deejoul,,ü,,,ü,โท,บริหารธุรกิจ,การจัดการ,ป.ตรี,,ชำระตรง,,9-Jul-2026,,,น้ำฝน,,,,,,,,,,
,9/7/2026,พร้อมธัญ,,ü,,,ü,ตรี,บริหารธุรกิจ,การจัดการ,ม.6,,ชำระตรง,,9-Jul-2026,,,มะลิ,,,,,,,,,,
,9/7/2026,Ratnu Nochaikit,,ü,,,ü,โท,รัฐศาสตร์,รัฐศาสตร์,ป.ตรี,,ชำระตรง,,9-Jul-2026,,,มะลิ,,,,,,,,,,
,9/7/2026,ยิ่งกุล มั่นวัน,,ü,,,ü,ตรี,บริหารธุรกิจ,การจัดการ,ม.6,,ชำระตรง,,9-Jul-2026,,,มะลิ,ยังไม่ตัดสินใจ,,,,,,,,,
,9/7/2026,Luleson Ratribo,,ü,,,ü,ตรี,บริหารธุรกิจ,การจัดการ,อนุปริญญา,,ชำระตรง,,9-Jul-2026,,,มะลิ,,,,,,,,,,
,10/7/2026,Lutabo Zennule,,ü,,,ü,ตรี,บริหารธุรกิจ,การจัดการ,ปวส.,,ชำระตรง,,10-Jul-2026,,,มะลิ,,,,,,,,,,
,10/7/2026,sondeetor,ü,,,,ü,ตรี,บริหารธุรกิจ,การจัดการ,ปวช.,,ชำระตรง,,10-Jul-2026,,,มะลิ,,,,,,,,,,
,10/7/2026,Nawanya Gunpevin,,ü,,,ü,ตรี,บริหารธุรกิจ,การจัดการ,ม.6,,ชำระตรง,,10-Jul-2026,,,มะลิ,,,,,,,,,,
,10/7/2026,รักนิ่ม รุ่งต้น,,ü,,,ü,ตรี,รัฐศาสตร์,รัฐประศาสนศาสตร์,ปวส.,,ชำระตรง,,10-Jul-2026,,,มะลิ,,,,,,,,,,
,10/7/2026,ภูมิเดือน ทิพปรีดา บุญพิม,ü,,,,ü,ตรี,รัฐศาสตร์,รัฐประศาสนศาสตร์,สกร.ม6,,ชำระตรง,,10-Jul-2026,,,มะลิ,,,,,,,,,,
,10/7/2026,Omul Deehelsir Ratdar,,ü,,,ü,ตรี,บริหารธุรกิจ,การจัดการ,ปวช,,ชำระตรง,0840081262,10-Jul-2026,,,น้ำฝน,ขอดูค่าใช้จ่ายก่อน,,,,,,,,,
,11/7/2026,Wytipom Peponfa ,,ü,,,ü,ตรี,รัฐศาสตร์,รัฐประศาสนศาสตร์,ม.6,,ชำระตรง,,11-Jul-2026,,,น้ำฝน,,,,,,,,,,
,11/7/2026,Sadarbo Anlu,,ü,,,ü,โท,,,,,,,11-Jul-2026,,,น้ำฝน,,,,,,,,,,
,11/7/2026,Fawytor Leulwan,,ü,,,ü,ตรี,บริหารธุรกิจ,โลจิสติกส์,ปวส,,,,11-Jul-2026,,,น้ำฝน,,,,,,,,,,
,11/7/2026,ฟ้ารัก🍉🍉,,ü,,,ü,ตรี,วิศวกรรมศาสตร์,,,,,,11-Jul-2026,,,น้ำฝน,,,,,,,,,,
,11/7/2026,Sawype Ritana,,ü,,,ü,ตรี,บริหารธุรกิจ,การจัดการ,ปวส,,ชำระตรง,,11-Jul-2026,,,น้ำฝน,,,,,,,,,,
,11/7/2026,LUSON'ponratna Yaquapim,,ü,,,ü,ตรี,บริหารธุรกิจ,การจัดการ,,,ชำระตรง,,11-Jul-2026,,,น้ำฝน,,,,,,,,,,
,13/7/2026,ปั้นธัญ ปิ่นสิน ,,ü,,,ü,ตรี,บริหารธุรกิจ,โลจิสติกส์,ปวส,,,,13-Jul-2026,,,น้ำฝน,,,,,,,,,,
,13/7/2026,Tahelsa Rarison ,,ü,,,ü,ตรี,รัฐศาสตร์,รัฐประศาสนศาสตร์,ปวส,,,,13-Jul-2026,,,น้ำฝน,,,,,,,,,,
,13/7/2026,Quahelom Quahelom,,ü,,,ü,ตรี,บริหารธุรกิจ,การจัดการ,ม.6,,,,13-Jul-2026,,,น้ำฝน,,,,,,,,,,
,13/7/2026,Nowypon Darsonhel,,ü,,,ü,โท,บริหารธุรกิจ,บริกหารธุรกิจ,ป.ตรี,,ชำระตรง,,13-Jul-2026,,,น้ำฝน,,,,,,,,,,
,13/7/2026,สินเดือน ภูมิอัญ,,ü,,,ü,ตรี,บริหารธุรกิจ,การจัดการ,ม.6,,,,13-Jul-2026,,,น้ำฝน,,,,,,,,,,
,13/7/2026,อัญวัน แก้วจันทร์,,ü,,,ü,ตรี,บริหารธุรกิจ,การจัดการ,ม.6,,ชำระตรง,,13-Jul-2026,,,น้ำฝน,,,,,,,,,,
,13/7/2026,Wysadar Sonchaiqua,,ü,,,ü,ตรี,บริหารธุรกิจ,การจัดการ,ปวส,,ชำระตรง,0937923644,13-Jul-2026,,,น้ำฝน,ขอคิดดูก่อน,,,,,,,,,
,13/7/2026,Raver Boyaver,,ü,,,ü,โท,บริหารธุรกิจ,บริหารธุรกิจ,ป.ตรี,,ชำระตรง,,,,,น้ำฝน,ขอดูค่าใช้จ่ายก่อน,,,,,,,,,
,13/7/2026,วันวัน สินรัก,,ü,,,ü,ตรี,,,ปวส,,,,,,,น้ำฝน,,,,,,,,,,
,13/7/2026,เพ็ญณัฐ จันทร์ทิพ,,ü,,,ü,ตรี,บริหารธุรกิจ,การจัดการ,,,,,,,,น้ำฝน,,,,,,,,,,
,21/7/2026,รุ่งสิน ภัทรปิ่น,,ü,,,ü,ตรี,บริหารธุรกิจ,โลจิสติกส์,ปวช,,ชำระตรง,,21-Jul-2026,,,มะลิ,,,,,,,,,,
,22/7/2026,อุ่นสิน พร้อมภูมิ,ü,,,,ü,ตรี,บริหารธุรกิจ,การจัดการ,ปวส.,,ชำระตรง,,22-Jul-2026,,,มะลิ,,,,,,,,,,
,25/7/2026,Tipnosa Tazenom,,ü,,,ü,ตรี,บริหารธุรกิจ,การจัดการ,กศน.ม.6,,ชำระตรง,,25-Jul-2026,,,มะลิ,,,,,,,,,,
,2/8/2026,Torponwan Rizenpe,,ü,,,ü,โท,รัฐศาสตร์,รัฐศาสตร์,ป.ตรี,,ชำระตรง,,2-Aug-2026,,,มะลิ,,,,,,,,,,
,3/8/2026,Nohel Kitfa,,ü,,,ü,ตรี,รัฐศาสตร์,รัฐศาสตร์,,,ชำระตรง,,3-Aug-2026,,,มะลิ,,,,,,,,,,
,11/8/2026,Omkagun Anwanmel,,ü,,,ü,โท,รัฐศาสตร์,รัฐศาสตร์,ป.ตรี,,ชำระตรง,,11-Aug-2026,,,มะลิ,ขอดูค่าใช้จ่ายก่อน,,,,,,,,,
,11/8/2026,ดีนิ่ม เดือนแก้ว,,ü,,,ü,ตรี,บริหารธุรกิจ,การจัดการ,ม.6,,ชำระตรง,,11-Aug-2026,,,มะลิ,,,,,,,,,,
,11/8/2026,Monsirnu Pelepon,,ü,,,ü,ตรี,บริหารธุรกิจ,โลจิสติกส์,กศน.ม.6,,ชำระตรง,,11-Aug-2026,,,มะลิ,,,,,,,,,,
,11/8/2026,Nuulkit Nuulkit,,ü,,,ü,ตรี,,,วุฒิซิ่ว,,ชำระตรง,,11-Aug-2026,,,มะลิ,ขอคิดดูก่อน,,,,,,,,,
,11/8/2026,Ulsa Ratul,,ü,,,ü,ตรี,บริหารธุรกิจ,การจัดการ,กศน.ม.6,,ชำระตรง,,11-Aug-2026,,,มะลิ,,,,,,,,,,
,11/8/2026,Monbosa Deenamon,,ü,,,ü,ตรี,บริหารธุรกิจ,การจัดการ,กศน.ม.6,,ชำระตรง,,11-Aug-2026,,,มะลิิ,,,,,,,,,,
,11/8/2026,Sanomel Luratra Zenyasa,,ü,,,ü,โท,รัฐศาสตร์,รัฐศาสตร์,,,ชำระตรง,,11-Aug-2026,,,มะลิ,,,,,,,,,,
,11/8/2026,RIJOQUA RIJOQUA,,ü,,,ü,ตรี,บริหารธุรกิจ,การจัดการ,ปวช.,,ชำระตรง,,11-Aug-2026,,,มะลิ,,,,,,,,,,
,11/8/2026,Deekitpim Yavinpon,,ü,,,ü,ตรี,บริหารธุรกิจ,การจัดการ,ปวส.,,ชำระตรง,,11-Aug-2026,,,มะลิ,,,,,,,,,,
,12/8/2026,Ulratdee Ulanhel,,ü,,ü,,ตรี,วิศวกรรมศาสตร์,โยธา,ปวช.,,ชำระตรง,,12-Aug-2026,,,มะลิ,ขอคิดดูก่อน,,,,,,,,,
,12/8/2026,Rameldee Pimvinlu,,ü,,,ü,ตรี,รัฐศาสตร์,รัฐประศาสนศาสตร์,กศน.ม.6,,ชำระตรง,,12-Aug-2026,,,มะลิ,,,,,,,,,,
,12/8/2026,Sonsirul Ulsirgun,,ü,,,ü,ตรี,บริหารธุรกิจ,โลจิสติกส์,ปวส.,,ชำระตรง,,12-Aug-2026,,,มะลิ,,,,,,,,,,
,12/8/2026,สุขแก้ว ดีรัก,,ü,,,ü,ตรี,,,ปวช.,,,,12-Aug-2026,,,มะลิ,ขอคิดดูก่อน,,,,,,,,,
,14/8/2026,บุญใบ้ สุขชัย,,ü,,,ü,ตรี,บริหารธุรกิจ,โลจิสติกส์,กศน.ม.6,,ชำระตรง,,14-Aug-2026,,,มะลิ,,,,,,,,,,
,14/8/2026,Pimnadee Bochaigun,,ü,,,ü,ตรี,บริหารธุรกิจ,การจัดการ,กศน.ม.6,,ชำระตรง,,14-Aug-2026,,,มะลิ,,,,,,,,,,
,16/8/2026,บุญจันทร์ ธัญสุข,,ü,,,ü,ตรี,นิติศาสตร์,นิติศาสตร์,ป.ตรี,,ชำระตรง,,16-Aug-2026,,,มะลิ,,,,,,,,,,
,16/8/2026,Yanumel Boratqua,,ü,,,ü,ตรี,รัฐศาสตร์,รัฐประศาสนศาสตร์,ม.6,,ชำระตรง,,16-Aug-2026,,,มะลิ,,,,,,,,,,
,16/8/2026,ภัทรมั่น ธัญชัย,,ü,,,ü,ตรี,รัฐศาสตร์,รัฐประศาสนศาสตร์,กศน.ม.6,,ชำระตรง,,16-Aug-2026,,,มะลิ,,,,,,,,,,
,16/8/2026,ธัญมณี จิตน้ำ,,ü,,,ü,โท,ศึกษาศาตร์,หลักสูตรและการสอน,ป.ตรี,,ชำระตรง,,16-Aug-2026,,,มะลิ,ขอปรึกษาครอบครัวก่อน,,,,,,,,,
,16/8/2026,พิมปรีดา วันมั่น ศิริณัฐ ธิดาวัน,,ü,,,ü,ตรี,นิติศาสตร์,นิติศาสตร์,,,ชำระตรง,,16-Aug-2026,,,มะลิ,,,,,,,,,,
,16/8/2026,Jobo Jobo,ü,,,,,ตรี,ศึกษาศาตร์,ปฐมวัย,ม.6,,ชำระตรง,,16-Aug-2026,,,มะลิ,,,,,,,,,,
,16/8/2026,ภัทรพิม นุชอัญ,,ü,,,ü,ตรี,บริหารธุรกิจ,การจัดการ,ปวช.,,ชำระตรง,,16-Aug-2026,,,มะลิ,,,,,,,,,,
,16/8/2026,Gunverrat Radeeson,,ü,,,ü,โท,รัฐศาสตร์,รัฐศาสตร์,ป.ตรี,,ชำระตรง,,16-Aug-2026,,,มะลิ,,,,,,,,,,
,16/8/2026,ธัญพร้อม มั่นนิ่ม,,ü,,,ü,โท,รัฐศาสตร์,รัฐศาสตร์,ป.ตรี,,ชำระตรง,,16-Aug-2026,,,มะลิ,,,,,,,,,,
,16/8/2026,Rinumel.,ü,,,,ü,ตรี,รัฐศาสตร์,รัฐประศาสนศาสตร์,กศน.ม.6,,ชำระตรง,,16-Aug-2026,,,มะลิ,,,,,,,,,,
,16/8/2026,Lewanix Melrijo,,ü,,,ü,ตรี,บริหารธุรกิจ,โลจิสติกส์,กศน.ม.6,,ชำระตรง,,16-Aug-2026,,,มะลิ,,,,,,,,,,
,16/8/2026,เดือนเดือน สินปิ่น,,ü,,,ü,ตรี,บริหารธุรกิจ,การจัดการ,,,ชำระตรง,,16-Aug-2026,,,มะลิ,,,,,,,,,,
,17/8/2026,Mondeequa Torixlu Sirlegun,,ü,,,ü,ตรี,รัฐศาสตร์,รัฐประศาสนศาสตร์,,,ชำระตรง,,17-Aug-2026,,,มะลิ,ขอดูค่าใช้จ่ายก่อน,,,,,,,,,
,17/8/2026,Lujolu Sanona,,ü,,,ü,ตรี,บริหารธุรกิจ,การจัดการ,ม.6,,ชำระตรง,,17-Aug-2026,,,มะลิ,ยังไม่ตัดสินใจ,,,,,,,,,
,17/8/2026,Deeri Wantorta,ü,ü,,,,ตรี,นิเทศศาสตร์,นิเทศศาสตร์,ปวช.,,กู้,,17-Aug-2026,,,มะลิ,ขอปรึกษาครอบครัวก่อน,,,,,,,,,
,17/8/2026,Gunponan Omixan,,ü,,,ü,ตรี,บริหารธุรกิจ,การจัดการ,กศน.ม.6,,,,17-Aug-2026,,,มะลิ,,,,,,,,,,
,18/8/2026,Verquaver Ommonson,,ü,,,ü,ตรี,บัญชี,บัญชี,,,,,18-Aug-2026,,,มะลิ,ขอปรึกษาครอบครัวก่อน,,,,,,,,,
,18/8/2026,Verix Tipwyle,,ü,,,ü,ตรี,รัฐศาสตร์,รัฐประศาสนศาสตร์,อนุปริญญา,,ชำระตรง,,18-Aug-2026,,,มะลิ,,,,,,,,,,
,18/8/2026,Anquabo Deepimpim,,ü,,,ü,ตรี,บริหารธุรกิจ,การจัดการ,กศน.ม.6,,ชำระตรง,,18-Aug-2026,,,มะลิ,,,,,,,,,,
,20/8/2026,rasirri lesirno,,ü,,,ü,ตรี,บริหารธุรกิจ,การจัดการ,ปวส.,,,,20-Aug-2026,,,มะลิ,,,,,,,,,,
,20/8/2026,verfavin wangunra,,ü,,,ü,ตรี,บริหารธุรกิจ,,ปวส.,,,,20-Aug-2026,,,มะลิ,,,,,,,,,,
,20/8/2026,แก้วนุช ต้นปรีดา,,ü,,,ü,ตรี,ศิลปศาสตร์,การโรงแรม,,,,,20-Aug-2026,,,มะลิ,,,,,,,,,,
,20/8/2026,ponixdee omtorlu,,ü,,,ü,ตรี,บริหารธุรกิจ,การจัดการ,ปวส.,,,,20-Aug-2026,,,มะลิ,,,,,,,,,,
,20/8/2026,ulratlu joperi,,ü,,,ü,ตรี,บริหารธุรกิจ,การจัดการ,กศน.ม.6,,ชำระตรง,,20-Aug-2026,,,มะลิ,,,,,,,,,,
,20/8/2026,torrawan joversa,,ü,,,ü,ตรี,บริหารธุรกิจ,การจัดการ,ม.6,,ชำระตรง,,20-Aug-2026,,,มะลิ,,,,,,,,,,
,21/8/2026,Uljori FARIRA Rachaiwan,,ü,,,ü,โท,,,ป.ตรี,,ชำระตรง,,21-Aug-2026,,,มะลิ,,,,,,,,,,
,21/8/2026,มั่นภูมิ อุ่นยิ่ง,ü,ü,,,,ตรี,วิศวกรรมศาสตร์,,ม.6,,,,21-Aug-2026,,,มะลิ,ขอคิดดูก่อน,,,,,,,,,
,21/8/2026,Tipquamon Tipnota Deefabo,,ü,,,ü,ตรี,รัฐศาสตร์,รัฐประศาสนศาสตร์,ม.6,,ชำระตรง,068-9508722,21-Aug-2026,,,น้ำฝน,โทร ยังไม่ตัดสินใจ,,,,,,,,,
,21/8/2026,ใบ้ยิ่ง ชื่นยิ่ง,,ü,,,ü,โท,รัฐศาสตร์,รัฐประศาสนศาสตร์,ป.ตรี,,ชำระตรง,066-8830620,21-Aug-2026,,,น้ำฝน,โทรใหม่หลังเลิกงาน,,,,,,,,,
,21/8/2026,Monpesir Tippimnu,,ü,,,ü,ตรี,บริหารธุรกิจ,การจัดการ,ม.6,,ชำระตรง,064-1314322,สมัครแล้ว,,,น้ำฝน,,,,,,,,,,
,21/8/2026,Lugunjo Deenu,,ü,,,ü,ตรี,บริหารธุรกิจ,โลจิสติกส์,ปวช,,ชำระตรง,,21-Aug-2026,,,น้ำฝน,สนใจเรียนภาคทางไกล,,,,,,,,,
,21/8/2026,Luya Omul,,ü,,,ü,ตรี,บริหารธุรกิจ,การจัดการ,ม.6,,ชำระตรง,,21-Aug-2026,,,น้ำฝน,,,,,,,,,,
,21/8/2026,จันทร์อัญ รุ่งภูมิ,,ü,,,ü,ตรี,รัฐศาสตร์,รัฐประศาสนศาสตร์,ม.6,,ชำระตรง,,21-Aug-2026,,,น้ำฝน,,,,,,,,,,
,21/8/2026,Chaibokit-Pimwyno Ixomhel ,,ü,,,ü,โท,บริหารธุรกิจ,บริหาร,ป.ตรี,,ชำระตรง,0951558668,21-Aug-2026,,,น้ำฝน,ยังไม่ตัดสินใจ,,,,,,,,,
,21/8/2026,อัญภู่ รักฤดี,,ü,,,ü,ตรี,บริหารธุรกิจ,การจัดการ,,,ชำระตรง,0926657369,21-Aug-2026,,,น้ำฝน,ยังไม่ตัดสินใจ,,,,,,,,,
,21/8/2026,Omtaka Pimfa,,ü,,,ü,ตรี,,,ป.ตรี,,ชำระตรง,,21-Aug-2026,,,น้ำฝน,,,,,,,,,,
,21/8/2026,Torwanbo Riluzen,,ü,,,ü,ตรี,บริหารธุรกิจ,การจัดการ,ปวช,,,,21-Aug-2026,,,น้ำฝน,,,,,,,,,,
,21/8/2026,Helpezen Wanverna,,ü,,,ü,ตรี,บริหารธุรกิจ,การจัดการ,ปวส,,,,21-Aug-2026,,,น้ำฝน,,,,,,,,,,
,21/8/2026,Sonchailu Ululrat,,ü,,,ü,ตรี,บริหารธุรกิจ,การจัดการ,ม.6,,,,21-Aug-2026,,,น้ำฝน,,,,,,,,,,
,21/8/2026,Nazen chaiverson,,ü,,,ü,ตรี,บริหารธุรกิจ,การจัดการ,ม.6,,,,21-Aug-2026,,,น้ำฝน,,,,,,,,,,
,21/8/2026,Sachaibo Quachaina ,,ü,,,ü,ตรี,บริหารธุรกิจ,การจัดการ,ม.6,,,,21-Aug-2026,,,น้ำฝน,,,,,,,,,,
,21/8/2026,สินอุ่น  เดือนรุ่ง,,ü,,,ü,โท,รัฐศาสตร์,รัฐประศาสนศาสตร์,ป.ตรี,,,,21-Aug-2026,,,น้ำฝน,,,,,,,,,,
,21/8/2026,มณีธัญ'ฟ้าใบ้,,ü,,,ü,ตรี,บริหารธุรกิจ,การจัดการ,ปวส,,,,21-Aug-2026,,,น้ำฝน,,,,,,,,,,
,21/8/2026,Torriul Antorna,,ü,,,ü,ตรี,บริหารธุรกิจ,การจัดการ,ม.6,,,,21-Aug-2026,,,น้ำฝน,,,,,,,,,,
,21/8/2026,Quazenvin Ratmonchai,,ü,,,ü,ตรี,นิติศาสตร์,,,,,,21-Aug-2026,,,น้ำฝน,,,,,,,,,,
,21/8/2026,ภูมิธัญ'นิ่มต้น,,ü,,,ü,ตรี,บริหารธุรกิจ,การจัดการ,ปวส,,,,21-Aug-2026,,,น้ำฝน,,,,,,,,,,
,21/8/2026,Darzen Nozenmon,ü,,,,ü,ตรี,ศึกษาศาสตร์,วิชาการศึกษาปฐมวัย,ม.6,,,069-8200014,สมัครแล้ว,,ช่่วงเย็นสะดวกคุย,น้ำฝน,,,,,,,,,,
,23/8/2026,ณัฐปิ่น,,ü,,,ü,ตรี,บริหารธุรกิจ,การจัดการ,ม.6,,,,23-Aug-2026,,,มะลิ,,,,,,,,,,
,23/8/2026,bogunson nowanpe,ü,,,,ü,ตรี,,,,,,,23-Aug-2026,,,มะลิ,,,,,,,,,,
,23/8/2026,Jonadar Chaikapon,,ü,,,ü,ตรี,รัฐศาสตร์,รัฐประศาสนศาสตร์,กศน.ม.6,,,,23-Aug-2026,,,มะลิ,,,,,,,,,,
,23/8/2026,Ponul sagunqua ,,ü,,,ü,ตรี,บริหารธุรกิจ,การจัดการ,กศน.ม.6,,,,23-Aug-2026,,,มะลิ,,,,,,,,,,
,23/8/2026,Ponponka Lukadee,,ü,,,ü,โท,บริหารธุรกิจ,บริกหารธุรกิจ,ป.ตรี,,ชำระตรง,,23-Aug-2026,,,มะลิ,,,,,,,,,,
,23/8/2026,Ixsirdar Ulpedar,,ü,,,ü,ตรี,บริหารธุรกิจ,โลจิสติกส์,กศน.ม.6,,,,23-Aug-2026,,,มะลิ,,,,,,,,,,
,23/8/2026,Bofasa Jopever,,ü,,,ü,ตรี,บริหารธุรกิจ,การจัดการ,ม.6,,,,23-Aug-2026,,,มะลิ,,,,,,,,,,
,23/8/2026,ชื่นภูมิ ทิพรัก,,ü,,,ü,ตรี,บริหารธุรกิจ,,ปวส.,,,,23-Aug-2026,,,มะลิ,,,,,,,,,,
,24/8/2026,พิมธัญ เดือนอัญ,,ü,,,,โท,,,ป.ตรี,,,,24-Aug-2026,,,มะลิ,,,,,,,,,,
,24/8/2026,Ratnotip Nutamon,,ü,,,ü,ตรี,บริหารธุรกิจ,การจัดการ,กศน.ม.6,,,,24-Aug-2026,,,มะลิ,,,,,,,,,,
,24/8/2026,Wybonu Saludar,ü,,ü,,,โท,ศึกษาศาสตร์,บริหารการศึกษา,ป.ตรี,,,,24-Aug-2026,,,มะลิ,,,,,,,,,,
,24/8/2026,ขวัญกัญ'มณีสุข'สินบุญ,,ü,,,ü,ตรี,รัฐศาสตร์,รัฐประศาสนศาสตร์,ปวช.,,,,24-Aug-2026,,,มะลิ,,,,,,,,,,
,24/8/2026,Sirwansir Chaiponul,,ü,,,ü,ตรี,บริหารธุรกิจ,การจัดการ,ม.6,,,,24-Aug-2026,,,มะลิ,,,,,,,,,,
,24/8/2026,Kitwybo Gunkachai Gunkachai,,ü,,,ü,ตรี,บริหารธุรกิจ,การจัดการ,,,,,24-Aug-2026,,,มะลิ,,,,,,,,,,
,24/8/2026,Versonix Yachaidar,,ü,,,ü,ตรี,บริหารธุรกิจ,การจัดการ,,,,,24-Aug-2026,,,มะลิ,,,,,,,,,,
,24/8/2026,กุลต้น นุชศิริ,,ü,,,ü,ตรี,บริหารธุรกิจ,การจัดการ,GED,,,092-2773012,24-Aug-2026,,,มะลิ,ขอคิดดูก่อน,,,,,,,,,
,24/8/2026,Helver Rikagun,,ü,,,ü,ตรี,บริหารธุรกิจ,โลจิสติกส์,ม.6,,,,24-Aug-2026,,,มะลิ,,,,,,,,,,
,24/8/2026,สุขปรีดา ต้นขวัญ,,ü,,,ü,ตรี,,,,,,,24-Aug-2026,,,มะลิ,,,,,,,,,,
,24/8/2026,ponyaka Wanlezen,,ü,,,ü,ตรึ,บริหารธุรกิจ,การจัดการ,ม.6,,,,24-Aug-2026,,,น้ำฝน,,,,,,,,,,
,24/8/2026,Tatip Kitsir,,ü,,,ü,ตรี,รัฐศาสตร์,รัฐประศาสนศาสตร์,ม.6,,,,24-Aug-2026,,,น้ำฝน,,,,,,,,,,
,24/8/2026,Omkawy Ulmelchai Tipdarpon,,ü,,,ü,ตรี,รัฐศาสตร์,,,,,,24-Aug-2026,,,น้ำฝน,,,,,,,,,,
,24/8/2026,วิไลกุล อุ่นชื่น ใบ้อุ่น ใบ้อุ่น,,ü,,,ü,ตรี,บริหารธุรกิจ,การจัดการ,ม.6,,,,24-Aug-2026,,,น้ำฝน,,,,,,,,,,
,24/8/2026,Pimrimon Zenpera,,ü,,,ü,โท,ศึกษาศาสตร์,บริหารการศึกษา,ม.6,,,,25-Aug-2026,,,น้ำฝน,,,,,,,,,,
,25/8/2026,Ponborat Zentorya,,ü,,,ü,ตรี,รัฐศาสตร์,รัฐประศาสนศาสตร์,ม.6,,,,25-Aug-2026,,,น้ำฝน,,,,,,,,,,
,25/8/2026,SAWYBO,ü,,,,ü,ตรี,รัฐศาสตร์,รัฐประศาสนศาสตร์,ปวช,,,,25-Aug-2026,,,น้ำฝน,,,,,,,,,,
,25/8/2026,Taponya 049,ü,,,,ü,ตรี,บริหารธุรกิจ,การจัดการ,ปวช,,,,25-Aug-2026,,,น้ำฝน,,,,,,,,,,
,25/8/2026,Raix Quawylu,ü,,,,ü,ตรี,บริหารธุรกิจ,โลจิสติกส์,ปวส,,,,25-Aug-2026,,,น้ำฝน,,,,,,,,,,
,25/8/2026,รุ่งกัญ🍓🍊,ü,,,,ü,ตรี,บริหารธุรกิจ,การจัดการ,ม.6,,,,26-Aug-2026,,,น้ำฝน,,,,,,,,,,
,25/8/2026,Kitdarjo,ü,,,,ü,,,,,,,,26-Aug-2026,,,น้ำฝน,,,,,,,,,,
,25/8/2026,Zengun ,ü,,,,ü,ตรี,รัฐศาสตร์,รัฐประศาสนศาสตร์,ม.6,,,,26-Aug-2026,,,น้ำฝน,,,,,,,,,,
,25/8/2026,ณัฐกุล'ภูมิอัญ,ü,,,ü,,ตรี,นิติศาสตร์,,,,,,26-Aug-2026,,,น้ำฝน,,,,,,,,,,
,26/8/2026,ปิ่นมั่น อุ่นรุ่ง,ü,,,,ü,ตรี,บริหารธุรกิจ,การจัดการ,ม.6,,,,26-Aug-2026,,,น้ำฝน,,,,,,,,,,
,27/8/2026,Darqua Quaom,,ü,,,ü,ตรี,บริหารธุรกิจ,การจัดการ,กศน.ม.6,,,,27-Aug-2026,,,มะลิ,,,,,,,,,,
,27/8/2026,Ulrawan Wywandar,,ü,ü,,,โท,ศึกษาศาสตร์,บริหารการศึกษา,ป.ตรี,,,,27-Aug-2026,,,มะลิ,,,,,,,,,,
,27/8/2026,Fapegun Chaikari,,ü,,,ü,ตรี,บริหารธุรกิจ,โลจิสติกส์,กศน.ม.6,,,,27-Aug-2026,,,มะลิ,,,,,,,,,,
,27/8/2026,ภู่ใบ้ ใบ้ต้น,,ü,,,ü,ตรี,บริหารธุรกิจ,การจัดการ,ปวส.,,,,27-Aug-2026,,,มะลิ,,,,,,,,,,
,27/8/2026,Letorhel Rigunta,,ü,,,ü,ตรี,บริหารธุรกิจ,การจัดการ,ม.6,,,,27-Aug-2026,,,มะลิ,,,,,,,,,,
,27/8/2026,ภู่รุ่ง ธัญฟ้า สินบุญ,,ü,,,ü,ตรี,บริหารธุรกิจ,การจัดการ,ม.6,,,,27-Aug-2026,,,มะลิ,,,,,,,,,,
,27/8/2026,GUNHELTOR Kitrile,,ü,,,ü,ตรี,,,กศน.ม.6,,,,27-Aug-2026,,,มะลิ,,,,,,,,,,
,27/8/2026,Nawanwan Yasir,,ü,,,ü,ตรี,บริหารธุรกิจ,การจัดการ,วุฒิซิ่ว,,,,27-Aug-2026,,,มะลิ,,,,,,,,,,
,27/8/2026,รักชัย น้ำชื่น,,ü,,,ü,ตรี,บริหารธุรกิจ,การจัดการ,ปวช.,,,,27-Aug-2026,,,มะลิ,ยังไม่ตัดสินใจ,,,,,,,,,
,27/8/2026,Torwanbo Riluzen,,ü,,,ü,ตรี,บริหารธุรกิจ,การจัดการ,ปวช,,,,27-Aug-2026,,,น้ำฝน,,,,,,,,,,
,27/8/2026,nodeesir Ululrat,,ü,,,ü,ตรี,บริหารธุรกิจ,การจัดการ,ม.6,,,,27-Aug-2026,,,น้ำฝน,,,,,,,,,,
,27/8/2026,Wybonu Saludar,,ü,,,ü,โท,บริหารการศึกษา,บริหารการศึกษา,ป.ตรี,,ชำระตรง,,27-Aug-2026,,,น้ำฝน,,,,,,,,,,
,27/8/2026,Pimrimon Zenpera,,ü,,,ü,โท,บริหารการศึกษา,บริหารการศึกษา,ป.ตรี,,ชำระตรง,,27-Aug-2026,,,น้ำฝน,,,,,,,,,,
,27/8/2026,Tipzenrat RAMON,,ü,,,ü,ตรี,ศิลปศาสตร์,การท่องเที่ยวการโรงแรม,ม.6,,,,27-Aug-2026,,,น้ำฝน,,,,,,,,,,
,27/8/2026,Bobo Deegunkit,,ü,,,ü,ตรี,รัฐศาสตร์,รัฐประศาสนศาสตร์,ปวช,,ชำระตรง,,27-Aug-2026,,,น้ำฝน,ขอคิดดูก่อน,,,,,,,,,
,27/8/2026,Uljori FARIRA Rachaiwan,,ü,,,ü,โท,,,,,,,27-Aug-2026,,,น้ำฝน,,,,,,,,,,
,27/8/2026,Jobono Nutipno,,ü,,,ü,ตรี,บริหารธุรกิจ,การจัดการ,ม.6,,,,27-Aug-2026,,,มะลิ,,,,,,,,,,
,27/8/2026,Kana Kana,,ü,,,ü,ตรี,บริหารธุรกิจ,การจัดการ,ปวส.,,,,27-Aug-2026,,,มะลิ,,,,,,,,,,
,28/8/2026,Torqua,ü,,,,ü,ตรี,,,,,,,28-Aug-2026,,,มะลิ,ขอคิดดูก่อน,,,,,,,,,
,28/8/2026,Luzenpe Ratdeeix,,ü,,,ü,ตรี,รัฐศาสตร์,รัฐประศาสนศาสตร์,วุฒิซิ่ว,,,,28-Aug-2026,,,มะลิ,,,,,,,,,,
,28/8/2026,สินดี ภัทรสิน ณัฐต้น,,ü,,,ü,ตรี,รัฐศาสตร์,รัฐประศาสนศาสตร์,ปวส.,,,,28-Aug-2026,,,มะลิ,,,,,,,,,,
,28/8/2026,Ulrat Melomrat,,ü,,,ü,ตรี,บริิหาร,,กศน.ม.6,,,,28-Aug-2026,,,มะลิิ,,,,,,,,,,
,28/8/2026,สินสุข ฤดีต้น,,ü,,,ü,ตรี,บริหารธุรกิจ,การจัดการ,ม.6,,,,28-Aug-2026,,,มะลิ,,,,,,,,,,
,28/8/2026,Kapon Chaivingun,,ü,,,ü,ตรี,,,กศน.ม.6,,,,28-Aug-2026,,,มะลิ,,,,,,,,,,
,29/8/2026,PIMVERKIT Nahelul Lesirle,,ü,,,ü,ตรี,บริหารธุรกิจ,โลจิสติกส์,ม.6,,,,29-Aug-2026,,,น้ำฝน,,,,,,,,,,
,29/8/2026,Ratdeeta Chaitor,,ü,,,ü,ตรี,บริหารธุรกิจ,การจัดการ,ปวส,,ชำระตรง,,29-Aug-2026,,,น้ำฝน,,,,,,,,,,
,29/8/2026,Farari Darleta,,ü,,,ü,ตรี,บริหารธุรกิจ,การจัดการ,ม.6,,,,29-Aug-2026,,,น้ำฝน,,,,,,,,,,
,29/8/2026,Wyyamon Joankit,,ü,,,ü,ตรี,บริหารธุรกิจ,การจัดการ,ป.ตรี,,ชำระตรง,,29-Aug-2026,,,น้ำฝน,,,,,,,,,,
,29/8/2026,Wyixwan Bodartip,,ü,,,ü,ตรี,บริหารธุรกิจ,การจัดการ,ปวช,,ชำระตรง,,29-Aug-2026,,,น้ำฝน,,,,,,,,,,
,29/8/2026,มณีมั่น ,,ü,,,ü,ตรี,บริหารธุรกิจ,โลจิสติกส์,ปวส,,,,29-Aug-2026,,,น้ำฝน,,,,,,,,,,
,29/8/2026,Tipponle Ixpewy,,ü,,,ü,ตรี,บริหารธุรกิจ,การจัดการ,ม.6,,,,29-Aug-2026,,,น้ำฝน,,,,,,,,,,
,29/8/2026,Yadarnu Kitnumon,,ü,,,ü,ตรี,รััฐศาสตร์,รัฐประศาสนศาสตร์,ปวส,,ชำระตรง,,29-Aug-2026,,,น้ำฝน,,,,,,,,,,
,29/8/2026,Nusonvin Kitvermel,,ü,,,ü,ตรี,รััฐศาสตร์,รัฐประศาสนศาสตร์,ปวส,,ชำระตรง,,29-Aug-2026,,,น้ำฝน,,,,,,,,,,
,30/8/2026,Ixdarpon Yamelno,,ü,,,ü,ตรี,บริหารธุรกิจ,การจัดการ,ปวช.,,ชำระตรง,,30-Aug-2026,,,มะลิ,,,,,,,,,,
,30/8/2026,Vertor Sonna,,ü,,,ü,โท,บริหารธุรกิจ,บริิหารธุรกิจ,ป.ตรีี,,ชำระตรง,,30-Aug-2026,,,มะลิ,,,,,,,,,,
,30/8/2026,Quayason Vinmelbo,,ü,,ü,,ตรีี,บริหารธุรกิจ,การตลาด,ม.6,,ชำระตรง,,30-Aug-2026,,,มะลิ,,,,,,,,,,
,30/8/2026,ปิ่นแก้ว ธิดาศิริ.,,ü,,,ü,ตรี,บริหารธุรกิจ,การจัดการ,ม.6,,ชำระตรง,,30-Aug-2026,,,มะลิ,,,,,,,,,,
,30/8/2026,สินปรีดา ศิริจิต,,ü,,,ü,ตรี,รััฐศาสตร์,รัฐประศาสนศาสตร์,ปวช.,,ชำระตรง,,30-Aug-2026,,,มะลิ,,,,,,,,,,
,30/8/2026,น้ำฤดี นุชนุช,,ü,,,ü,ตรี,บริหารธุรกิจ,,,,ชำระตรง,,30-Aug-2026,,,มะลิ,,,,,,,,,,
,30/8/2026,darfaul(ANRIRA) 42🌈🌙,ü,,,,ü,ตรีี,บริหารธุรกิจ,การจัดการ,กศน.ม.6,,ชำระตรง,,30-Aug-2026,,,มะลิ,,,,,,,,,,
,30/8/2026,Helsadar Kitfa,,ü,,,ü,ตรี,,,กศน.ม.6,,ชำระตรง,,30-Aug-2026,,,มะลิ,,,,,,,,,,
,30/8/2026,ฟ้าขวัญ ธัญกิ่ง,,ü,,,ü,ตรี,บริหารธุรกิจ,การจัดการ,ม.6,,ชำระตรง,,30-Aug-2026,,,มะลิ,,,,,,,,,,
,30/8/2026,Pimnutor Nupon Anravin,,ü,,,ü,ตรี,บริหารธุรกิจ,การจัดการ,ม.6,,ชำระตรง,,30-Aug-2026,,,มะลิ,,,,,,,,,,
,30/8/2026,Wansonta Monmelle,,ü,,,ü,ตรี,บริหารธุรกิจ,การจัดการ,กศน.ม.6,,ชำระตรง,,30-Aug-2026,,,มะลิ,,,,,,,,,,
,30/8/2026,Versir Gunvertip,,ü,,,ü,,รัฐศาสตร์,รัฐประศาสนศาสตร์,,,ชำระตรง,,30-Aug-2026,,,มะลิ,,,,,,,,,,
,30/8/2026,Sirbo,ü,,,,ü,ตรีี,บริหารธุรกิจ,การจัดการ,ปวส.,,ชำระตรง,,30-Aug-2026,,,มะลิ,,,,,,,,,,
,31/8/2026,กิ่งมณี จิตจิต,,ü,,,ü,ตรี,บริหารธุรกิจ,โลจิสติกส์,,,ชำระตรง,,31-Aug-2026,,,มะลิ,,,,,,,,,,
,31/8/2026,แก้วน้ำ พิมกัญ,,ü,,,ü,ตรี,รัฐศาสตร์,รัฐประศาสนศาสตร์,กศน.ม.6,,ชำระตรง,,31-Aug-2026,,,มะลิ,,,,,,,,,,
,31/8/2026,Chaiverrat Uldeegun,,ü,,,ü,ตรี,บัญชี,บัญชี,,,ชำระตรง,,31-Aug-2026,,,มะลิ,ขอปรึกษาครอบครัวก่อน,,,,,,,,,
,31/8/2026,Riverul Ratkitlu,,ü,,,ü,ตรี,บริหารธุรกิจ,การจัดการ,ปวส.,,ชำระตรง,,31-Aug-2026,,,มะลิ,,,,,,,,,,
,31/8/2026,Wanno kitomka,,ü,,,ü,โท,บริหารธุรกิจ,บริหารธุรกิจ,ป.ตรี,,ชำระตรง,087-0105610,สมัครแล้ว,,,น้ำฝน,,,,,,,,,,
,31/8/2026,MELANNA Ixrano,,ü,,,ü,ตรี,บริหารธุรกิจ,การจัดการ,ม.6,,ชำระตรง,,31-Aug-2026,,,น้ำฝน,,,,,,,,,,
,31/8/2026,Torriul Antorna,,ü,,,ü,ตรี,บริหารธุรกิจ,การจัดการ,ม.6,,,,31-Aug-2026,,,น้ำฝน,,,,,,,,,,
,31/8/2026,Ponandar Noratya,,ü,,,ü,โท,รัฐศาสตร์,รัฐประศาสนศาสตร์,ป.ตรี,,ชำระตรง,,31-Aug-2026,,,น้ำฝน,,,,,,,,,,
,31/8/2026,Helpezen Wanverna,,ü,,,ü,ตรี,บริหารธุรกิจ,การจัดการ,ปวส,,,,31-Aug-2026,,,น้ำฝน,,,,,,,,,,
,31/8/2026,Nusonno kitratta ,,ü,,,ü,ตรี,บริหารธุรกิจ,การจัดการ,ม.6,,,,31-Aug-2026,,,น้ำฝน,,,,,,,,,,
,1/9/2026,Samelkit Lelubo,,ü,,,ü,ตรี,บริหารธุรกิจ,คอมพิวเตอร์ธุรกิจ,,,ชำระตรง,,1-Sep-2026,,,มะลิ,,,,,,,,,,
,1/9/2026,ธิดาสิน สุขรุ่ง,,ü,,,ü,ตรี,รัฐศาสตร์,รัฐประศาสนศาสตร์,กศน.ม.6,,ชำระตรง,,1-Sep-2026,,,มะลิ,,,,,,,,,,
,1/9/2026,ธัญขวัญ วิไลต้น,,,,,,,,,,,,,1-Sep-2026,,,มะลิ,ขอดูค่าใช้จ่ายก่อน,,,,,,,,,
,1/9/2026,วันฟ้า  ยิ่งมั่น,,ü,,,ü,ตรี,บริหารธุรกิจ,การจัดการ,ม.6,,,,1-Sep-2026,,,มะลิ,,,,,,,,,,
,1/9/2026,Raratom Nalever,,ü,,,ü,ตรี,บริหารธุรกิจ,การจัดการ,,,,,1-Sep-2026,,,น้ำฝน,,,,,,,,,,
,1/9/2026,Sonsonhel Yakitchai,,ü,,,ü,ตรี,,,,,,,1-Sep-2026,,,น้ำฝน,,,,,,,,,,
,1/9/2026,Darbokit Petorjo,,ü,,,ü,ตรี,บริหารธุรกิจ,การจัดการ,ม.6,,ชำระตรง,,1-Sep-2026,,,น้ำฝน,,,,,,,,,,
,1/9/2026,ขวัญรัก  ภูมิวิไล,,ü,,,ü,ตรี,รัฐศาสตร์,รัฐประศาสนศาสตร์,ม.6,,ชำระตรง,,1-Sep-2026,,,น้ำฝน,ขอดูค่าใช้จ่ายก่อน,,,,,,,,,
,1/9/2026,Bochaipim Wytipver,,ü,,,ü,ตรี,บริหารธุรกิจ,การจัดการ,ปวส,,ชำระตรง,081-0335626,1-Sep-2026,,,น้ำฝน,ขอคิดดูก่อน,,,,,,,,,
,1/9/2026,Peperi Chaidarrat,,ü,,,ü,ตรี,บริหารธุรกิจ,การจัดการ,ปวช,,ชำระตรง,097-5550309,สมัครแล้ว,,,น้ำฝน,,,,,,,,,,
,1/9/2026,ชัยสิน สินพร้อม,,ü,,,ü,ตรี,รัฐศาสตร์,รัฐประศาสนศาสตร์,ปวช,,ชำระตรง,,1-Sep-2026,,,น้ำฝน,,,,,,,,,,
,2/9/2026,ธัญวิไล เดือนปั้น,,ü,,,ü,ตรี,บริหารธุรกิจ,การจัดการ,ปวส,,ชำระตรง,,2-Sep-2026,,,น้ำฝน,,,,,,,,,,
,2/9/2026,เพ็ญชื่น ปั้นอัญ พิมเพ็ญ,,ü,,,ü,ตรี,,,ปวช,,,,,,,น้ำฝน,,,,,,,,,,
,2/9/2026,Ulvin Nowydar,,ü,,,ü,ตรี,บริหารธุรกิจ,การจัดการ,ปวส.,,ชำระตรง,,2-Sep-2026,,,มะลิ,,,,,,,,,,
,3/9/2026,Sirsirzen Pimdeeson,,ü,,,ü,ตรี,บริหารธุรกิจ,,ปวส.,,ชำระตรง,,3-Sep-2026,,,มะลิ,,,,,,,,,,
,3/9/2026,vintamel,ü,,,,ü,ตรี,รัฐศาสตร์,รัฐประศาสนศาสตร์,ปวส.,,ชำระตรง,,3-Sep-2026,,,มะลิ,,,,,,,,,,
,3/9/2026,Kitrazen Monomta,,ü,,,ü,โท,รัฐศาสตร์,รัฐศาสตร์,ป.ตรี,,ชำระตรง,,3-Sep-2026,,,มะลิ,,,,,,,,,,
,4/9/2026,ดีต้น ยิ่งต้น,,ü,,,ü,ตรี,รัฐศาสตร์,รัฐประศาสนศาสตร์,ม.6,,ชำระตรง,,4-Sep-2026,,,มะลิ,,,,,,,,,,
,4/9/2026,Tiprari Sirpimwy,,ü,,ü,,ตรี,บัญชี,บัญชี,ปวส.,,ชำระตรง,,4-Sep-2026,,,มะลิ,,,,,,,,,,
,4/9/2026,Tanuta Ratape,ü,,,,ü,ตรี,รัฐศาสตร์,รัฐประศาสนศาสตร์,ปวช,กู้,ชำระตรง,064-5523610,4-Sep-2026,,,น้ำฝน,ขอคิดดูก่อน,,,,,,,,,
,4/9/2026,Pondeeta Quaom,,ü,,,ü,ตรี,บริหารธุรกิจ,การจัดการ,ม.6,,,,4-Sep-2026,,,น้ำฝน,,,,,,,,,,
,4/9/2026,Nusonvin verpondee,,ü,,,ü,ตรี,รัฐศาสตร์,รัฐประศาสนศาสตร์,ปวส,,,,4-Sep-2026,,,น้ำฝน,,,,,,,,,,
,5/9/2026,บุญภู่ อัญปรีดา,,ü,,,ü,ตรี,บริหารธุรกิจ,การจัดการ,ม.6,,ชำระตรง,,5-Sep-2026,,,น้ำฝน,,,,,,,,,,
,5/9/2026,Notorchai Lunosa,,ü,,,ü,ตรี,บริหารธุรกิจ,การจัดการ,ม.6,,,,5-Sep-2026,,,น้ำฝน,,,,,,,,,,
,5/9/2026,Wyzenta Gunkitsa,,ü,,ü,,ตรี,นิเทศศาสตร์,วัตกรรมออกแบบสื่อและการผลิตสื่อ,ปวช,,,,5-Sep-2026,,,น้ำฝน,,,,,,,,,,
,5/9/2026,จิตสิน  ดีสิน,,ü,,,ü,ตรี,รัฐศาสตร์,รัฐประศาสนศาสตร์,ม.6,,ชำระตรง,,5-Sep-2026,,,น้ำฝน,,,,,,,,,,
,6/9/2026,ภู่ฟ้า ต้นปิ่น,,ü,ü,,,ตรี,พยาบาลศาสตร์,พยาบาลศาสตร์,ม.6,กู้,,,5-Sep-2026,,,มะลิ,,,,,,,,,,
,6/9/2026,Zengun Kawyrat,,ü,,,ü,ตรี,บริหารธุรกิจ,การจัดการ,ม.6,,,,6-Sep-2026,,,มะลิ,,,,,,,,,,
,6/9/2026,Faulpim Sirripim,,ü,,,ü,ตรี,,,,,,,6-Sep-2026,,,มะลิ,,,,,,,,,,
,6/9/2026,Nunapim Darnubo Ixwytor,,ü,,,ü,ตรี,,,,,,,6-Sep-2026,,,มะลิ,,,,,,,,,,
,6/9/2026,ฟ้านิ่ม ขวัญมั่น,,ü,,,ü,ตรี,บริหารธุรกิจ,การจัดการ,ม.6,,,,6-Sep-2026,,,มะลิ,,,,,,,,,,
,6/9/2026,Tipkitra Jolu,,ü,,,ü,ตรี,บริหารธุรกิจ,การจัดการ,ปวส.,,,,6-Sep-2026,,,มะลิ,,,,,,,,,,
,6/9/2026,ปิ่นณัฐ ภู่กัญ,ü,,,,ü,ตรี,,,,,,,6-Sep-2026,,,มะลิ,,,,,,,,,,
,6/9/2026,Lulegun,ü,,,,ü,ตรี,บริหารธุรกิจ,การจัดการ,กศน.ม.6,,,,6-Sep-2026,,,มะลิ,,,,,,,,,,
,6/9/2026,Anwan Ixvermon,,ü,,,ü,ตรี,บริหารธุรกิจ,การจัดการ,ม.6,,,,6-Sep-2026,,,มะลิิ,,,,,,,,,,
,6/9/2026,ต้นศิริ พิมภูมิ,,ü,,,ü,ตรี,บริหารธุรกิจ,โลจิสติกส์,กศน.ม.6,,,,6-Sep-2026,,,มะลิ,,,,,,,,,,
,6/9/2026,Pimsir Melnovin,,ü,,,ü,ตรี,รัฐศาสตร์,รัฐประศาสนศาสตร์,ม.6,,,,6-Sep-2026,,,มะลิ,,,,,,,,,,
,6/9/2026,ดีศิริ ดีศิริ,,ü,,,ü,ตรี,บริหารธุรกิจ,การจัดการ,,,,,6-Sep-2026,,,มะลิ,,,,,,,,,,
,6/9/2026,นิ่มพร้อม พร้อมนุช,,ü,,,ü,ตรี,,,,,,,6-Sep-2026,,,มะลิ,,,,,,,,,,
,6/9/2026,Omtor Quaratka,,ü,,,ü,ตรี,บริหารธุรกิจ,การจัดการ,ม.6,,,,6-Sep-2026,,,มะลิ,,,,,,,,,,
,6/9/2026,Kitkitver Verguntor,,ü,,,ü,ตรี,บริหารธุรกิจ,การจัดการ,ปวส.,,,,6-Sep-2026,,,มะลิ,,,,,,,,,,
,6/9/2026,ทิพขวัญ อัญปั้น,,ü,ü,,,เอก,,,ป.โท,,,,6-Sep-2026,,,มะลิ,,,,,,,,,,
,7/9/2026,Ratnotip Wyjoul,,ü,,,ü,ตรี,บริหารธุรกิจ,การจัดการ,ปวส.,,,,7-Sep-2026,,,มะลิ,ขอปรึกษาครอบครัวก่อน,,,,,,,,,
,7/9/2026,Nayaka Nopimna,,ü,,,ü,ตรี,รัฐศาสตร์,รัฐประศาสนศาสตร์,ม.6,,,,7-Sep-2026,,,มะลิ,,,,,,,,,,
,7/9/2026,ภัทรแก้ว เดือนณัฐ,,ü,,,ü,ตรี,บริหารธุรกิจ,การจัดการ,ม.6,,,,7-Sep-2026,,,มะลิ,,,,,,,,,,
,7/9/2026,Quadeefa Melhelle,,ü,,,ü,โท,บริหารธุรกิจ,บริหารธุรกิจ,ป.ตรี,,,,7-Sep-2026,,,มะลิ,,,,,,,,,,
,7/9/2026,Deegunan Bosirsir,,ü,,,ü,ตรี,รัฐศาสตร์,รัฐประศาสนศาสตร์,ปวช.,,,,7-Sep-2026,,,มะลิ,,,,,,,,,,
,7/9/2026,ทิพเพ็ญ,ü,,,,ü,ตรี,บริหารธุรกิจ,โลจิสติกส์,วุฒิซิ่ว,,,,7-Sep-2026,,,มะลิ,,,,,,,,,,
,7/9/2026,Kagunhel Nunusir,,ü,,,ü,ตรี,รัฐศาสตร์,รัฐประศาสนศาสตร์,กศน.ม.6,,,,7-Sep-2026,,,มะลิ,ขอคิดดูก่อน,,,,,,,,,
,7/9/2026,Ratrator Wantor,,ü,,,ü,ตรี,บริหารธุรกิจ,การจัดการ,,,,,7-Sep-2026,,,มะลิ,,,,,,,,,,
,7/9/2026,มั่นกิ่ง ชื่นพร้อม,,ü,,,ü,ตรี,บริหารธุรกิจ,การจัดการ,ม.6,,,,7-Sep-2026,,,มะลิ,,,,,,,,,,
,7/9/2026,Nomel Pimrat,,ü,,,ü,ตรี,บริหารธุรกิจ,การจัดการ,ปวส.,,ชำระตรง,,7-Sep-2026,0997928632,ทำงานกะดึก โทรหลัง 18.00 น.,มะลิ,ขอคิดดูก่อน,,,,,,,,,
,8/9/2026,รักใบ้ วันอุ่น,,ü,,,ü,ตรี,รัฐศาสตร์,รัฐประศาสนศาสตร์,ม.6,,ชำระตรง,,8-Sep-2026,,,มะลิ,,,,,,,,,,
,8/9/2026,Helixgun Wywyhel,,ü,,,,ตรี,วิทยาศาสตร์การกีฬา,วิทยาศาสตร์การกีฬา,,,ชำระตรง,,8-Sep-2026,,,มะลิ,,,,,,,,,,
,8/9/2026,Helyavin Nosirbo,,ü,,,ü,โท,รัฐศาสตร์,รัฐศาสตร์,ป.ตรี,,ชำระตรง,,8-Sep-2026,,,มะลิ,,,,,,,,,,
,8/9/2026,ปั้นปิ่น,ü,,,,ü,ตรี,บริหารธุรกิจ,การจัดการ,ปวส.,,,,8-Sep-2026,,,มะลิ,,,,,,,,,,
,8/9/2026,Verkit,ü,,,,ü,ตรี,รัฐศาสตร์,รัฐประศาสนศาสตร์,ปวส.,,,,8-Sep-2026,,,มะลิ,,,,,,,,,,
,8/9/2026,Zenripon pegunqua,,ü,,,,ตรี,รัฐศาสตร์,รัฐประศาสนศาสตร์,กศน.ม.6,,,,8-Sep-2026,,,มะลิ,,,,,,,,,,
,8/9/2026,นิ่มสุข กัญยิ่ง,,ü,,,,ตรี,,,,,,,8-Sep-2026,,,มะลิ,,,,,,,,,,
,8/9/2026,Ledeean Rilean,,ü,,,,ตรี,บริหารธุรกิจ,โลจิสติกส์,ม.6,,,,8-Sep-2026,,,มะลิ,,,,,,,,,,
,8/9/2026,Pimlekit Chaiponna,,ü,,,,ตรี,บริหารธุรกิจ,โลจิสติกส์,กศน.ม.6,,,,8-Sep-2026,,,มะลิ,,,,,,,,,,
,8/9/2026,ยิ่งอัญ,,ü,ü,,,ตรี,ศึกษาศาสตร์,,,,,,8-Sep-2026,,,มะลิ,,,,,,,,,,
,8/9/2026,Torsa Zenomdar,,ü,ü,,,ตรี,รัฐศาสตร์,,ม.6,,ชำระตรง,,8-Sep-2026,,,มะลิ,สนใจเรียนภาคทางไกล,,,,,,,,,
,8/9/2026,Jopechai Jopechai,,ü,,,,ตรี,ศิลปศาสตร์,ท่องเที่ยวและโรงแรม,,,,,8-Sep-2026,,,มะลิ,ขอดูค่าใช้จ่ายก่อน,,,,,,,,,
,8/9/2026,Chailu Wymon,,ü,,,,ตรี,นิติศาสตร์,นิติศาสตร์,,,,,8-Sep-2026,,,มะลิ,ขอดูค่าใช้จ่ายก่อน,,,,,,,,,
,8/9/2026,Lunu Sonnanu,,ü,ü,,,ตรี,บัญชี,บัญชี,ปวช.,กู้,,,8-Sep-2026,,,มะลิ,ขอคิดดูก่อน,,,,,,,,,
